race_id,race_date,horse_id,horse_name,jockey_id,age,sex,distance_m,surface,track_condition,gate_number,carried_weight,horse_weight,weight_change,days_since_last,starts_last_180d,avg_finish_last3,top3_rate_last5,distance_top3_rate,surface_top3_rate,jockey_top3_rate,finish_position
R20210104_0001,2021-01-04,Horse_0040,Horse_0040,Jockey_074,7,せん,1400,ダート,重,5,54.7,456.1,,,0.0,,,,,,11
R20210104_0001,2021-01-04,Horse_0629,Horse_0629,Jockey_004,5,牡,1400,ダート,重,2,56.2,503.1,,,0.0,,,,,,8
R20210104_0001,2021-01-04,Horse_0315,Horse_0315,Jockey_025,2,牡,1400,ダート,重,13,56.8,455.3,,,0.0,,,,,,13
R20210104_0001,2021-01-04,Horse_0525,Horse_0525,Jockey_064,4,牝,1400,ダート,重,8,54.0,470.2,,,0.0,,,,,,5
R20210104_0001,2021-01-04,Horse_0087,Horse_0087,Jockey_050,7,牝,1400,ダート,重,3,56.9,414.7,,,0.0,,,,,,3
R20210104_0001,2021-01-04,Horse_0892,Horse_0892,Jockey_052,7,牡,1400,ダート,重,14,55.8,462.1,,,0.0,,,,,,14
R20210104_0001,2021-01-04,Horse_0277,Horse_0277,Jockey_001,5,牡,1400,ダート,重,10,56.2,422.0,,,0.0,,,,,,10
R20210104_0001,2021-01-04,Horse_0042,Horse_0042,Jockey_048,4,牡,1400,ダート,重,12,56.0,443.5,,,0.0,,,,,,2
R20210104_0001,2021-01-04,Horse_0671,Horse_0671,Jockey_072,5,牡,1400,ダート,重,1,53.1,477.2,,,0.0,,,,,,1
R20210104_0001,2021-01-04,Horse_0546,Horse_0546,Jockey_008,2,牝,1400,ダート,重,4,55.6,423.6,,,0.0,,,,,,6
R20210104_0001,2021-01-04,Horse_0763,Horse_0763,Jockey_061,2,牝,1400,ダート,重,7,55.4,531.8,,,0.0,,,,,,12
R20210104_0001,2021-01-04,Horse_0335,Horse_0335,Jockey_031,6,牝,1400,ダート,重,6,54.8,420.0,,,0.0,,,,,,9
R20210104_0001,2021-01-04,Horse_0189,Horse_0189,Jockey_028,3,牝,1400,ダート,重,11,54.2,422.5,,,0.0,,,,,,4
R20210104_0001,2021-01-04,Horse_0250,Horse_0250,Jockey_063,3,牝,1400,ダート,重,9,54.2,436.4,,,0.0,,,,,,7
R20210107_0002,2021-01-07,Horse_0764,Horse_0764,Jockey_059,3,牝,2000,芝,良,8,53.4,439.9,,,0.0,,,,,,1
R20210107_0002,2021-01-07,Horse_0605,Horse_0605,Jockey_014,7,牡,2000,芝,良,6,55.8,487.0,,,0.0,,,,,,5
R20210107_0002,2021-01-07,Horse_0123,Horse_0123,Jockey_024,5,牝,2000,芝,良,9,52.9,537.4,,,0.0,,,,,,7
R20210107_0002,2021-01-07,Horse_0580,Horse_0580,Jockey_036,5,牝,2000,芝,良,2,57.0,545.1,,,0.0,,,,,,3
R20210107_0002,2021-01-07,Horse_0398,Horse_0398,Jockey_068,2,牝,2000,芝,良,1,54.6,448.9,,,0.0,,,,,,10
R20210107_0002,2021-01-07,Horse_0717,Horse_0717,Jockey_039,7,牡,2000,芝,良,4,57.6,537.7,,,0.0,,,,,,6
R20210107_0002,2021-01-07,Horse_0878,Horse_0878,Jockey_021,7,せん,2000,芝,良,7,53.0,485.1,,,0.0,,,,,,2
R20210107_0002,2021-01-07,Horse_0750,Horse_0750,Jockey_005,5,牝,2000,芝,良,3,52.0,476.9,,,0.0,,,,,,8
R20210107_0002,2021-01-07,Horse_0207,Horse_0207,Jockey_010,2,せん,2000,芝,良,10,54.6,411.9,,,0.0,,,,,,9
R20210107_0002,2021-01-07,Horse_0645,Horse_0645,Jockey_044,2,牝,2000,芝,良,5,55.4,521.2,,,0.0,,,,,,4
R20210111_0003,2021-01-11,Horse_0331,Horse_0331,Jockey_019,4,牝,1600,芝,良,8,54.9,464.8,,,0.0,,,,,,2
R20210111_0003,2021-01-11,Horse_0426,Horse_0426,Jockey_005,5,牡,1600,芝,良,11,55.8,453.7,,,0.0,,,,,0.0,4
R20210111_0003,2021-01-11,Horse_0741,Horse_0741,Jockey_062,4,牡,1600,芝,良,16,56.1,494.4,,,0.0,,,,,,9
R20210111_0003,2021-01-11,Horse_0747,Horse_0747,Jockey_037,5,牝,1600,芝,良,14,54.0,489.0,,,0.0,,,,,,14
R20210111_0003,2021-01-11,Horse_0615,Horse_0615,Jockey_064,2,牝,1600,芝,良,9,53.1,527.3,,,0.0,,,,,0.0,15
R20210111_0003,2021-01-11,Horse_0667,Horse_0667,Jockey_052,4,牡,1600,芝,良,12,56.0,462.6,,,0.0,,,,,0.0,7
R20210111_0003,2021-01-11,Horse_0203,Horse_0203,Jockey_076,7,牝,1600,芝,良,3,54.2,435.2,,,0.0,,,,,,10
R20210111_0003,2021-01-11,Horse_0446,Horse_0446,Jockey_056,2,牡,1600,芝,良,2,54.8,449.4,,,0.0,,,,,,8
R20210111_0003,2021-01-11,Horse_0397,Horse_0397,Jockey_026,5,牝,1600,芝,良,15,53.4,446.7,,,0.0,,,,,,16
R20210111_0003,2021-01-11,Horse_0685,Horse_0685,Jockey_080,3,せん,1600,芝,良,13,54.5,397.4,,,0.0,,,,,,11
R20210111_0003,2021-01-11,Horse_0493,Horse_0493,Jockey_032,2,牡,1600,芝,良,1,52.7,504.9,,,0.0,,,,,,13
R20210111_0003,2021-01-11,Horse_0501,Horse_0501,Jockey_050,2,牝,1600,芝,良,4,56.1,449.0,,,0.0,,,,,1.0,12
R20210111_0003,2021-01-11,Horse_0269,Horse_0269,Jockey_015,3,牝,1600,芝,良,7,54.2,471.2,,,0.0,,,,,,5
R20210111_0003,2021-01-11,Horse_0773,Horse_0773,Jockey_035,3,牡,1600,芝,良,10,54.9,470.7,,,0.0,,,,,,6
R20210111_0003,2021-01-11,Horse_0232,Horse_0232,Jockey_006,6,牡,1600,芝,良,5,58.6,488.0,,,0.0,,,,,,3
R20210111_0003,2021-01-11,Horse_0231,Horse_0231,Jockey_002,6,牝,1600,芝,良,6,53.9,507.5,,,0.0,,,,,,1
R20210115_0004,2021-01-15,Horse_0016,Horse_0016,Jockey_049,3,牡,1400,芝,稍重,9,55.3,429.6,,,0.0,,,,,,10
R20210115_0004,2021-01-15,Horse_0636,Horse_0636,Jockey_055,7,牝,1400,芝,稍重,5,55.3,511.2,,,0.0,,,,,,9
R20210115_0004,2021-01-15,Horse_0833,Horse_0833,Jockey_061,7,牝,1400,芝,稍重,2,56.4,495.6,,,0.0,,,,,0.0,8
R20210115_0004,2021-01-15,Horse_0491,Horse_0491,Jockey_040,4,せん,1400,芝,稍重,7,55.7,458.7,,,0.0,,,,,,1
R20210115_0004,2021-01-15,Horse_0671,Horse_0671,Jockey_030,5,牡,1400,芝,稍重,8,56.2,483.6,6.4,11.0,1.0,1.0,1.0,1.0,,,5
R20210115_0004,2021-01-15,Horse_0458,Horse_0458,Jockey_036,2,牡,1400,芝,稍重,1,55.8,480.7,,,0.0,,,,,1.0,11
R20210115_0004,2021-01-15,Horse_0591,Horse_0591,Jockey_039,2,牝,1400,芝,稍重,12,54.7,473.1,,,0.0,,,,,0.0,3
R20210115_0004,2021-01-15,Horse_0632,Horse_0632,Jockey_069,4,牝,1400,芝,稍重,6,54.9,460.5,,,0.0,,,,,,2
R20210115_0004,2021-01-15,Horse_0783,Horse_0783,Jockey_079,7,牡,1400,芝,稍重,10,54.5,520.7,,,0.0,,,,,,4
R20210115_0004,2021-01-15,Horse_0218,Horse_0218,Jockey_001,7,牝,1400,芝,稍重,3,55.6,465.8,,,0.0,,,,,0.0,6
R20210115_0004,2021-01-15,Horse_0120,Horse_0120,Jockey_006,3,牝,1400,芝,稍重,11,56.2,444.2,,,0.0,,,,,1.0,12
R20210115_0004,2021-01-15,Horse_0868,Horse_0868,Jockey_021,5,牝,1400,芝,稍重,4,55.8,458.3,,,0.0,,,,,1.0,7
R20210116_0005,2021-01-16,Horse_0256,Horse_0256,Jockey_016,5,牝,2400,ダート,良,2,54.6,506.5,,,0.0,,,,,,1
R20210116_0005,2021-01-16,Horse_0689,Horse_0689,Jockey_030,2,牝,2400,ダート,良,6,54.2,431.3,,,0.0,,,,,0.0,5
R20210116_0005,2021-01-16,Horse_0830,Horse_0830,Jockey_055,3,牝,2400,ダート,良,1,53.3,421.9,,,0.0,,,,,0.0,11
R20210116_0005,2021-01-16,Horse_0729,Horse_0729,Jockey_003,6,せん,2400,ダート,良,7,54.7,473.3,,,0.0,,,,,,3
R20210116_0005,2021-01-16,Horse_0761,Horse_0761,Jockey_072,4,牡,2400,ダート,良,11,54.6,516.8,,,0.0,,,,,1.0,4
R20210116_0005,2021-01-16,Horse_0347,Horse_0347,Jockey_043,4,せん,2400,ダート,良,5,54.9,455.2,,,0.0,,,,,,9
R20210116_0005,2021-01-16,Horse_0055,Horse_0055,Jockey_012,4,せん,2400,ダート,良,10,54.4,487.4,,,0.0,,,,,,6
R20210116_0005,2021-01-16,Horse_0525,Horse_0525,Jockey_080,4,牝,2400,ダート,良,12,53.6,455.1,-15.1,12.0,1.0,5.0,0.0,,0.0,0.0,12
R20210116_0005,2021-01-16,Horse_0599,Horse_0599,Jockey_006,4,牡,2400,ダート,良,3,54.3,465.0,,,0.0,,,,,0.5,7
R20210116_0005,2021-01-16,Horse_0209,Horse_0209,Jockey_042,6,牝,2400,ダート,良,4,51.6,484.3,,,0.0,,,,,,2
R20210116_0005,2021-01-16,Horse_0739,Horse_0739,Jockey_068,7,牡,2400,ダート,良,9,57.3,416.8,,,0.0,,,,,0.0,8
R20210116_0005,2021-01-16,Horse_0138,Horse_0138,Jockey_064,5,牡,2400,ダート,良,8,54.0,473.3,,,0.0,,,,,0.0,10
R20210119_0006,2021-01-19,Horse_0146,Horse_0146,Jockey_078,2,牡,1600,ダート,良,1,52.5,509.6,,,0.0,,,,,,12
R20210119_0006,2021-01-19,Horse_0281,Horse_0281,Jockey_042,2,せん,1600,ダート,良,6,51.7,479.6,,,0.0,,,,,1.0,9
R20210119_0006,2021-01-19,Horse_0061,Horse_0061,Jockey_059,3,牡,1600,ダート,良,10,54.2,459.8,,,0.0,,,,,1.0,5
R20210119_0006,2021-01-19,Horse_0766,Horse_0766,Jockey_061,5,牝,1600,ダート,良,4,53.0,440.1,,,0.0,,,,,0.0,8
R20210119_0006,2021-01-19,Horse_0261,Horse_0261,Jockey_045,3,牝,1600,ダート,良,2,54.9,471.8,,,0.0,,,,,,1
R20210119_0006,2021-01-19,Horse_0210,Horse_0210,Jockey_050,3,牡,1600,ダート,良,8,56.6,440.1,,,0.0,,,,,0.5,2
R20210119_0006,2021-01-19,Horse_0713,Horse_0713,Jockey_022,4,牡,1600,ダート,良,11,54.4,462.9,,,0.0,,,,,,10
R20210119_0006,2021-01-19,Horse_0544,Horse_0544,Jockey_043,7,牝,1600,ダート,良,13,52.9,490.4,,,0.0,,,,,0.0,13
R20210119_0006,2021-01-19,Horse_0894,Horse_0894,Jockey_049,3,牝,1600,ダート,良,9,54.0,492.3,,,0.0,,,,,0.0,3
R20210119_0006,2021-01-19,Horse_0550,Horse_0550,Jockey_075,5,せん,1600,ダート,良,12,52.5,457.9,,,0.0,,,,,,11
R20210119_0006,2021-01-19,Horse_0558,Horse_0558,Jockey_026,6,牡,1600,ダート,良,3,56.4,459.9,,,0.0,,,,,0.0,6
R20210119_0006,2021-01-19,Horse_0646,Horse_0646,Jockey_064,7,せん,1600,ダート,良,7,55.9,403.1,,,0.0,,,,,0.0,7
R20210119_0006,2021-01-19,Horse_0867,Horse_0867,Jockey_015,5,牡,1600,ダート,良,5,54.1,433.5,,,0.0,,,,,0.0,4
R20210120_0007,2021-01-20,Horse_0002,Horse_0002,Jockey_035,6,牝,1600,ダート,良,1,55.8,460.4,,,0.0,,,,,0.0,8
R20210120_0007,2021-01-20,Horse_0637,Horse_0637,Jockey_049,2,牡,1600,ダート,良,12,55.7,483.2,,,0.0,,,,,0.5,14
R20210120_0007,2021-01-20,Horse_0336,Horse_0336,Jockey_067,5,せん,1600,ダート,良,7,52.5,472.6,,,0.0,,,,,,4
R20210120_0007,2021-01-20,Horse_0150,Horse_0150,Jockey_019,2,牝,1600,ダート,良,4,53.2,399.4,,,0.0,,,,,1.0,2
R20210120_0007,2021-01-20,Horse_0385,Horse_0385,Jockey_030,6,せん,1600,ダート,良,5,56.8,488.4,,,0.0,,,,,0.0,11
R20210120_0007,2021-01-20,Horse_0364,Horse_0364,Jockey_069,4,牡,1600,ダート,良,3,55.8,438.3,,,0.0,,,,,1.0,10
R20210120_0007,2021-01-20,Horse_0149,Horse_0149,Jockey_021,4,牡,1600,ダート,良,11,53.2,444.1,,,0.0,,,,,0.5,13
R20210120_0007,2021-01-20,Horse_0802,Horse_0802,Jockey_003,7,牡,1600,ダート,良,2,56.4,520.8,,,0.0,,,,,1.0,7
R20210120_0007,2021-01-20,Horse_0498,Horse_0498,Jockey_031,2,牝,1600,ダート,良,9,51.7,447.9,,,0.0,,,,,0.0,1
R20210120_0007,2021-01-20,Horse_0245,Horse_0245,Jockey_058,3,牡,1600,ダート,良,10,53.8,462.5,,,0.0,,,,,,5
R20210120_0007,2021-01-20,Horse_0890,Horse_0890,Jockey_077,2,牡,1600,ダート,良,13,54.3,494.9,,,0.0,,,,,,12
R20210120_0007,2021-01-20,Horse_0030,Horse_0030,Jockey_074,6,牡,1600,ダート,良,6,55.1,470.3,,,0.0,,,,,0.0,6
R20210120_0007,2021-01-20,Horse_0254,Horse_0254,Jockey_039,6,牝,1600,ダート,良,14,53.1,444.6,,,0.0,,,,,0.5,3
R20210120_0007,2021-01-20,Horse_0596,Horse_0596,Jockey_028,7,牝,1600,ダート,良,8,53.4,474.9,,,0.0,,,,,0.0,9
R20210121_0008,2021-01-21,Horse_0480,Horse_0480,Jockey_052,2,牝,1400,芝,不良,4,54.2,490.1,,,0.0,,,,,0.0,9
R20210121_0008,2021-01-21,Horse_0559,Horse_0559,Jockey_072,2,牝,1400,芝,不良,12,56.4,505.1,,,0.0,,,,,0.5,4
R20210121_0008,2021-01-21,Horse_0161,Horse_0161,Jockey_065,5,牝,1400,芝,不良,10,54.6,425.2,,,0.0,,,,,,1
R20210121_0008,2021-01-21,Horse_0377,Horse_0377,Jockey_020,7,牡,1400,芝,不良,14,54.3,442.3,,,0.0,,,,,,10
R20210121_0008,2021-01-21,Horse_0098,Horse_0098,Jockey_067,2,牝,1400,芝,不良,8,52.7,428.7,,,0.0,,,,,0.0,6
R20210121_0008,2021-01-21,Horse_0181,Horse_0181,Jockey_008,5,牝,1400,芝,不良,1,54.4,458.0,,,0.0,,,,,0.0,13
R20210121_0008,2021-01-21,Horse_0584,Horse_0584,Jockey_025,7,牡,1400,芝,不良,13,56.5,512.3,,,0.0,,,,,0.0,12
R20210121_0008,2021-01-21,Horse_0166,Horse_0166,Jockey_062,3,せん,1400,芝,不良,5,56.6,491.1,,,0.0,,,,,0.0,14
R20210121_0008,2021-01-21,Horse_0665,Horse_0665,Jockey_023,5,牝,1400,芝,不良,2,52.8,516.3,,,0.0,,,,,,8
R20210121_0008,2021-01-21,Horse_0872,Horse_0872,Jockey_056,7,牝,1400,芝,不良,7,52.8,463.9,,,0.0,,,,,0.0,2
R20210121_0008,2021-01-21,Horse_0516,Horse_0516,Jockey_034,4,牡,1400,芝,不良,6,55.5,477.4,,,0.0,,,,,,7
R20210121_0008,2021-01-21,Horse_0625,Horse_0625,Jockey_069,2,牡,1400,芝,不良,9,57.6,495.2,,,0.0,,,,,0.5,3
R20210121_0008,2021-01-21,Horse_0251,Horse_0251,Jockey_006,4,牝,1400,芝,不良,3,54.6,462.4,,,0.0,,,,,0.333,11
R20210121_0008,2021-01-21,Horse_0283,Horse_0283,Jockey_010,7,牝,1400,芝,不良,11,54.5,536.5,,,0.0,,,,,0.0,5
R20210123_0009,2021-01-23,Horse_0474,Horse_0474,Jockey_034,6,牝,2400,芝,稍重,7,54.6,460.9,,,0.0,,,,,0.0,6
R20210123_0009,2021-01-23,Horse_0122,Horse_0122,Jockey_007,2,牝,2400,芝,稍重,11,54.8,483.8,,,0.0,,,,,,13
R20210123_0009,2021-01-23,Horse_0270,Horse_0270,Jockey_071,3,牡,2400,芝,稍重,15,54.5,443.8,,,0.0,,,,,,3
R20210123_0009,2021-01-23,Horse_0001,Horse_0001,Jockey_057,7,牡,2400,芝,稍重,8,56.0,444.1,,,0.0,,,,,,1
R20210123_0009,2021-01-23,Horse_0650,Horse_0650,Jockey_074,5,牡,2400,芝,稍重,13,55.9,419.7,,,0.0,,,,,0.0,4
R20210123_0009,2021-01-23,Horse_0694,Horse_0694,Jockey_027,2,牝,2400,芝,稍重,3,55.6,506.7,,,0.0,,,,,,10
R20210123_0009,2021-01-23,Horse_0820,Horse_0820,Jockey_029,4,牝,2400,芝,稍重,14,52.7,505.9,,,0.0,,,,,,15
R20210123_0009,2021-01-23,Horse_0565,Horse_0565,Jockey_059,3,牝,2400,芝,稍重,5,54.8,472.3,,,0.0,,,,,0.5,7
R20210123_0009,2021-01-23,Horse_0703,Horse_0703,Jockey_046,3,牡,2400,芝,稍重,1,53.4,442.0,,,0.0,,,,,,16
R20210123_0009,2021-01-23,Horse_0330,Horse_0330,Jockey_053,4,牡,2400,芝,稍重,2,54.4,468.1,,,0.0,,,,,,8
R20210123_0009,2021-01-23,Horse_0095,Horse_0095,Jockey_009,7,せん,2400,芝,稍重,12,53.8,497.0,,,0.0,,,,,,12
R20210123_0009,2021-01-23,Horse_0422,Horse_0422,Jockey_013,5,牝,2400,芝,稍重,9,52.7,481.1,,,0.0,,,,,,14
R20210123_0009,2021-01-23,Horse_0586,Horse_0586,Jockey_070,4,牝,2400,芝,稍重,10,54.5,467.9,,,0.0,,,,,,5
R20210123_0009,2021-01-23,Horse_0760,Horse_0760,Jockey_079,7,牝,2400,芝,稍重,16,54.6,487.5,,,0.0,,,,,0.0,11
R20210123_0009,2021-01-23,Horse_0214,Horse_0214,Jockey_072,6,牡,2400,芝,稍重,4,53.5,429.9,,,0.0,,,,,0.333,2
R20210123_0009,2021-01-23,Horse_0718,Horse_0718,Jockey_063,5,牝,2400,芝,稍重,6,54.1,446.6,,,0.0,,,,,0.0,9
R20210126_0010,2021-01-26,Horse_0382,Horse_0382,Jockey_038,7,牡,2000,芝,重,6,55.2,469.7,,,0.0,,,,,,3
R20210126_0010,2021-01-26,Horse_0202,Horse_0202,Jockey_031,5,牝,2000,芝,重,3,52.8,524.2,,,0.0,,,,,0.5,6
R20210126_0010,2021-01-26,Horse_0235,Horse_0235,Jockey_024,4,せん,2000,芝,重,4,53.4,524.0,,,0.0,,,,,0.0,5
R20210126_0010,2021-01-26,Horse_0896,Horse_0896,Jockey_013,6,牝,2000,芝,重,1,53.6,466.4,,,0.0,,,,,0.0,8
R20210126_0010,2021-01-26,Horse_0580,Horse_0580,Jockey_077,5,牝,2000,芝,重,5,54.2,528.6,-16.5,19.0,1.0,3.0,1.0,1.0,1.0,0.0,4
R20210126_0010,2021-01-26,Horse_0487,Horse_0487,Jockey_066,7,牝,2000,芝,重,7,54.5,520.0,,,0.0,,,,,,1
R20210126_0010,2021-01-26,Horse_0774,Horse_0774,Jockey_034,7,牝,2000,芝,重,8,54.9,467.5,,,0.0,,,,,0.0,2
R20210126_0010,2021-01-26,Horse_0339,Horse_0339,Jockey_042,7,牡,2000,芝,重,2,57.7,478.1,,,0.0,,,,,0.5,7
R20210128_0011,2021-01-28,Horse_0779,Horse_0779,Jockey_065,7,牡,1400,ダート,良,7,51.9,476.9,,,0.0,,,,,1.0,3
R20210128_0011,2021-01-28,Horse_0153,Horse_0153,Jockey_019,2,牝,1400,ダート,良,15,53.9,411.0,,,0.0,,,,,1.0,8
R20210128_0011,2021-01-28,Horse_0791,Horse_0791,Jockey_007,4,牡,1400,ダート,良,13,56.3,451.4,,,0.0,,,,,0.0,9
R20210128_0011,2021-01-28,Horse_0464,Horse_0464,Jockey_014,6,せん,1400,ダート,良,3,54.3,447.7,,,0.0,,,,,0.0,11
R20210128_0011,2021-01-28,Horse_0401,Horse_0401,Jockey_037,2,牝,1400,ダート,良,5,52.8,473.7,,,0.0,,,,,0.0,4
R20210128_0011,2021-01-28,Horse_0502,Horse_0502,Jockey_067,5,牝,1400,ダート,良,6,54.8,487.2,,,0.0,,,,,0.0,16
R20210128_0011,2021-01-28,Horse_0656,Horse_0656,Jockey_063,6,牡,1400,ダート,良,9,54.8,485.7,,,0.0,,,,,0.0,13
R20210128_0011,2021-01-28,Horse_0608,Horse_0608,Jockey_047,7,牝,1400,ダート,良,1,53.4,421.4,,,0.0,,,,,,14
R20210128_0011,2021-01-28,Horse_0879,Horse_0879,Jockey_017,7,牡,1400,ダート,良,4,55.1,476.3,,,0.0,,,,,,1
R20210128_0011,2021-01-28,Horse_0777,Horse_0777,Jockey_045,6,牝,1400,ダート,良,11,54.5,466.0,,,0.0,,,,,1.0,10
R20210128_0011,2021-01-28,Horse_0858,Horse_0858,Jockey_080,5,牝,1400,ダート,良,12,54.8,490.3,,,0.0,,,,,0.0,6
R20210128_0011,2021-01-28,Horse_0611,Horse_0611,Jockey_057,3,牡,1400,ダート,良,14,54.3,436.2,,,0.0,,,,,1.0,15
R20210128_0011,2021-01-28,Horse_0531,Horse_0531,Jockey_062,4,牡,1400,ダート,良,8,55.0,498.7,,,0.0,,,,,0.0,12
R20210128_0011,2021-01-28,Horse_0453,Horse_0453,Jockey_048,4,牡,1400,ダート,良,2,56.4,441.2,,,0.0,,,,,1.0,7
R20210128_0011,2021-01-28,Horse_0209,Horse_0209,Jockey_064,6,牝,1400,ダート,良,16,52.0,483.2,-1.1,12.0,1.0,2.0,1.0,,1.0,0.0,2
R20210128_0011,2021-01-28,Horse_0532,Horse_0532,Jockey_013,3,牝,1400,ダート,良,10,56.9,490.2,,,0.0,,,,,0.0,5
R20210130_0012,2021-01-30,Horse_0017,Horse_0017,Jockey_063,6,牝,1800,芝,稍重,10,54.2,478.5,,,0.0,,,,,0.0,6
R20210130_0012,2021-01-30,Horse_0144,Horse_0144,Jockey_047,2,牡,1800,芝,稍重,3,57.1,467.3,,,0.0,,,,,0.0,13
R20210130_0012,2021-01-30,Horse_0044,Horse_0044,Jockey_025,4,牝,1800,芝,稍重,12,55.8,562.2,,,0.0,,,,,0.0,1
R20210130_0012,2021-01-30,Horse_0219,Horse_0219,Jockey_070,3,牡,1800,芝,稍重,8,56.4,463.4,,,0.0,,,,,0.0,7
R20210130_0012,2021-01-30,Horse_0090,Horse_0090,Jockey_057,2,牝,1800,芝,稍重,13,52.1,493.9,,,0.0,,,,,0.5,2
R20210130_0012,2021-01-30,Horse_0104,Horse_0104,Jockey_010,4,牡,1800,芝,稍重,7,54.3,470.9,,,0.0,,,,,0.0,11
R20210130_0012,2021-01-30,Horse_0668,Horse_0668,Jockey_019,6,せん,1800,芝,稍重,5,53.5,479.9,,,0.0,,,,,0.667,3
R20210130_0012,2021-01-30,Horse_0806,Horse_0806,Jockey_053,3,牝,1800,芝,稍重,11,54.7,467.3,,,0.0,,,,,0.0,9
R20210130_0012,2021-01-30,Horse_0441,Horse_0441,Jockey_067,3,牝,1800,芝,稍重,4,55.2,473.4,,,0.0,,,,,0.0,10
R20210130_0012,2021-01-30,Horse_0149,Horse_0149,Jockey_060,4,牡,1800,芝,稍重,2,55.7,446.2,2.1,10.0,1.0,13.0,0.0,,,,4
R20210130_0012,2021-01-30,Horse_0212,Horse_0212,Jockey_030,6,牝,1800,芝,稍重,6,56.6,481.3,,,0.0,,,,,0.0,8
R20210130_0012,2021-01-30,Horse_0132,Horse_0132,Jockey_058,7,牡,1800,芝,稍重,1,55.1,466.0,,,0.0,,,,,0.0,12
R20210130_0012,2021-01-30,Horse_0545,Horse_0545,Jockey_045,5,牡,1800,芝,稍重,9,55.0,478.7,,,0.0,,,,,0.5,5
R20210203_0013,2021-02-03,Horse_0605,Horse_0605,Jockey_012,7,牡,1200,芝,良,2,55.1,493.5,6.5,27.0,1.0,5.0,0.0,,0.0,0.0,6
R20210203_0013,2021-02-03,Horse_0630,Horse_0630,Jockey_078,3,牡,1200,芝,良,5,53.4,433.2,,,0.0,,,,,0.0,4
R20210203_0013,2021-02-03,Horse_0720,Horse_0720,Jockey_037,7,牝,1200,芝,良,9,55.8,430.2,,,0.0,,,,,0.0,3
R20210203_0013,2021-02-03,Horse_0257,Horse_0257,Jockey_066,2,せん,1200,芝,良,10,55.2,460.8,,,0.0,,,,,1.0,9
R20210203_0013,2021-02-03,Horse_0689,Horse_0689,Jockey_048,2,牝,1200,芝,良,6,55.1,419.7,-11.6,18.0,1.0,5.0,0.0,,,0.5,7
R20210203_0013,2021-02-03,Horse_0315,Horse_0315,Jockey_073,2,牡,1200,芝,良,7,59.0,453.9,-1.4,30.0,1.0,13.0,0.0,,,,10
R20210203_0013,2021-02-03,Horse_0868,Horse_0868,Jockey_041,5,牝,1200,芝,良,4,55.0,457.3,-1.0,19.0,1.0,7.0,0.0,,0.0,,8
R20210203_0013,2021-02-03,Horse_0073,Horse_0073,Jockey_040,4,牝,1200,芝,良,3,57.2,508.8,,,0.0,,,,,1.0,5
R20210203_0013,2021-02-03,Horse_0770,Horse_0770,Jockey_056,4,牝,1200,芝,良,1,54.4,495.7,,,0.0,,,,,0.5,2
R20210203_0013,2021-02-03,Horse_0846,Horse_0846,Jockey_058,2,牝,1200,芝,良,8,55.5,444.8,,,0.0,,,,,0.0,1
R20210207_0014,2021-02-07,Horse_0761,Horse_0761,Jockey_049,4,牡,2400,芝,良,5,55.3,509.9,-6.9,22.0,1.0,4.0,0.0,0.0,,0.333,12
R20210207_0014,2021-02-07,Horse_0038,Horse_0038,Jockey_061,5,牡,2400,芝,良,13,54.7,496.6,,,0.0,,,,,0.0,10
R20210207_0014,2021-02-07,Horse_0373,Horse_0373,Jockey_078,5,牡,2400,芝,良,12,52.7,459.7,,,0.0,,,,,0.0,7
R20210207_0014,2021-02-07,Horse_0838,Horse_0838,Jockey_066,5,牡,2400,芝,良,10,53.3,517.8,,,0.0,,,,,0.5,2
R20210207_0014,2021-02-07,Horse_0370,Horse_0370,Jockey_033,7,牝,2400,芝,良,2,52.7,480.8,,,0.0,,,,,,1
R20210207_0014,2021-02-07,Horse_0446,Horse_0446,Jockey_013,2,牡,2400,芝,良,8,55.4,447.9,-1.5,27.0,1.0,8.0,0.0,,0.0,0.0,11
R20210207_0014,2021-02-07,Horse_0479,Horse_0479,Jockey_015,7,牡,2400,芝,良,3,55.4,486.4,,,0.0,,,,,0.0,13
R20210207_0014,2021-02-07,Horse_0418,Horse_0418,Jockey_018,4,牡,2400,芝,良,4,54.1,431.7,,,0.0,,,,,,5
R20210207_0014,2021-02-07,Horse_0660,Horse_0660,Jockey_044,2,牝,2400,芝,良,6,52.8,484.0,,,0.0,,,,,0.0,6
R20210207_0014,2021-02-07,Horse_0719,Horse_0719,Jockey_065,2,牝,2400,芝,良,9,55.7,467.1,,,0.0,,,,,1.0,4
R20210207_0014,2021-02-07,Horse_0148,Horse_0148,Jockey_036,2,牡,2400,芝,良,7,52.9,489.3,,,0.0,,,,,0.5,8
R20210207_0014,2021-02-07,Horse_0037,Horse_0037,Jockey_076,2,牝,2400,芝,良,11,54.0,509.3,,,0.0,,,,,0.0,3
R20210207_0014,2021-02-07,Horse_0136,Horse_0136,Jockey_048,5,牡,2400,芝,良,1,55.0,499.8,,,0.0,,,,,0.333,9
R20210209_0015,2021-02-09,Horse_0248,Horse_0248,Jockey_038,7,牝,2000,芝,良,5,56.6,463.7,,,0.0,,,,,1.0,14
R20210209_0015,2021-02-09,Horse_0227,Horse_0227,Jockey_004,2,牝,2000,芝,良,7,52.4,484.4,,,0.0,,,,,0.0,2
R20210209_0015,2021-02-09,Horse_0044,Horse_0044,Jockey_070,4,牝,2000,芝,良,2,53.2,549.2,-13.0,10.0,1.0,1.0,1.0,,1.0,0.0,10
R20210209_0015,2021-02-09,Horse_0380,Horse_0380,Jockey_057,5,牡,2000,芝,良,1,56.5,478.6,,,0.0,,,,,0.667,12
R20210209_0015,2021-02-09,Horse_0520,Horse_0520,Jockey_054,3,牡,2000,芝,良,6,58.2,494.1,,,0.0,,,,,,1
R20210209_0015,2021-02-09,Horse_0235,Horse_0235,Jockey_016,4,せん,2000,芝,良,13,54.5,520.1,-3.9,14.0,1.0,5.0,0.0,0.0,0.0,1.0,13
R20210209_0015,2021-02-09,Horse_0651,Horse_0651,Jockey_066,4,牡,2000,芝,良,3,54.0,471.3,,,0.0,,,,,0.667,11
R20210209_0015,2021-02-09,Horse_0772,Horse_0772,Jockey_005,6,牡,2000,芝,良,12,54.9,449.1,,,0.0,,,,,0.0,4
R20210209_0015,2021-02-09,Horse_0367,Horse_0367,Jockey_002,5,牡,2000,芝,良,4,54.5,464.3,,,0.0,,,,,1.0,8
R20210209_0015,2021-02-09,Horse_0626,Horse_0626,Jockey_001,3,せん,2000,芝,良,11,55.5,436.8,,,0.0,,,,,0.0,5
R20210209_0015,2021-02-09,Horse_0711,Horse_0711,Jockey_034,4,牝,2000,芝,良,9,54.7,461.5,,,0.0,,,,,0.333,7
R20210209_0015,2021-02-09,Horse_0360,Horse_0360,Jockey_041,5,牝,2000,芝,良,10,51.7,447.7,,,0.0,,,,,0.0,6
R20210209_0015,2021-02-09,Horse_0023,Horse_0023,Jockey_050,6,牝,2000,芝,良,8,54.2,453.5,,,0.0,,,,,0.667,9
R20210209_0015,2021-02-09,Horse_0450,Horse_0450,Jockey_008,2,牝,2000,芝,良,14,56.2,511.6,,,0.0,,,,,0.0,3
R20210211_0016,2021-02-11,Horse_0646,Horse_0646,Jockey_034,7,せん,1600,芝,稍重,5,55.3,395.9,-7.2,23.0,1.0,7.0,0.0,0.0,,0.25,6
R20210211_0016,2021-02-11,Horse_0573,Horse_0573,Jockey_073,5,牡,1600,芝,稍重,7,53.2,473.4,,,0.0,,,,,0.0,1
R20210211_0016,2021-02-11,Horse_0731,Horse_0731,Jockey_067,7,せん,1600,芝,稍重,4,56.8,475.1,,,0.0,,,,,0.0,10
R20210211_0016,2021-02-11,Horse_0046,Horse_0046,Jockey_020,7,牡,1600,芝,稍重,1,53.3,501.1,,,0.0,,,,,0.0,7
R20210211_0016,2021-02-11,Horse_0819,Horse_0819,Jockey_029,7,牝,1600,芝,稍重,10,53.7,428.5,,,0.0,,,,,0.0,2
R20210211_0016,2021-02-11,Horse_0382,Horse_0382,Jockey_048,7,牡,1600,芝,稍重,9,55.7,472.3,2.6,16.0,1.0,3.0,1.0,,1.0,0.25,8
R20210211_0016,2021-02-11,Horse_0588,Horse_0588,Jockey_011,4,牡,1600,芝,稍重,3,55.2,507.7,,,0.0,,,,,,4
R20210211_0016,2021-02-11,Horse_0769,Horse_0769,Jockey_003,6,牡,1600,芝,稍重,2,51.7,459.1,,,0.0,,,,,0.5,3
R20210211_0016,2021-02-11,Horse_0759,Horse_0759,Jockey_046,5,牝,1600,芝,稍重,6,57.7,440.0,,,0.0,,,,,0.0,9
R20210211_0016,2021-02-11,Horse_0296,Horse_0296,Jockey_019,5,せん,1600,芝,稍重,8,55.2,453.5,,,0.0,,,,,0.75,5
R20210215_0017,2021-02-15,Horse_0066,Horse_0066,Jockey_057,6,牡,1400,芝,稍重,16,56.7,432.1,,,0.0,,,,,0.5,7
R20210215_0017,2021-02-15,Horse_0779,Horse_0779,Jockey_012,7,牡,1400,芝,稍重,9,57.0,475.8,-1.1,18.0,1.0,3.0,1.0,1.0,,0.0,2
R20210215_0017,2021-02-15,Horse_0591,Horse_0591,Jockey_070,2,牝,1400,芝,稍重,6,53.0,482.2,9.1,31.0,1.0,3.0,1.0,1.0,1.0,0.0,14
R20210215_0017,2021-02-15,Horse_0480,Horse_0480,Jockey_022,2,牝,1400,芝,稍重,8,55.5,482.5,-7.6,25.0,1.0,9.0,0.0,0.0,0.0,0.0,11
R20210215_0017,2021-02-15,Horse_0202,Horse_0202,Jockey_048,5,牝,1400,芝,稍重,3,52.6,522.6,-1.6,20.0,1.0,6.0,0.0,,0.0,0.2,15
R20210215_0017,2021-02-15,Horse_0003,Horse_0003,Jockey_029,7,牝,1400,芝,稍重,7,54.7,457.3,,,0.0,,,,,0.5,10
R20210215_0017,2021-02-15,Horse_0190,Horse_0190,Jockey_014,4,牡,1400,芝,稍重,5,54.2,476.2,,,0.0,,,,,0.0,13
R20210215_0017,2021-02-15,Horse_0708,Horse_0708,Jockey_002,5,牡,1400,芝,稍重,1,53.9,476.2,,,0.0,,,,,0.5,1
R20210215_0017,2021-02-15,Horse_0084,Horse_0084,Jockey_054,4,牝,1400,芝,稍重,12,53.9,490.4,,,0.0,,,,,1.0,9
R20210215_0017,2021-02-15,Horse_0250,Horse_0250,Jockey_063,3,牝,1400,芝,稍重,14,52.0,433.2,-3.2,42.0,1.0,7.0,0.0,0.0,,0.0,5
R20210215_0017,2021-02-15,Horse_0339,Horse_0339,Jockey_016,7,牡,1400,芝,稍重,13,55.1,455.0,-23.1,20.0,1.0,7.0,0.0,,0.0,0.5,12
R20210215_0017,2021-02-15,Horse_0091,Horse_0091,Jockey_025,2,牡,1400,芝,稍重,15,54.4,461.4,,,0.0,,,,,0.333,6
R20210215_0017,2021-02-15,Horse_0320,Horse_0320,Jockey_046,6,牡,1400,芝,稍重,11,56.6,420.2,,,0.0,,,,,0.0,8
R20210215_0017,2021-02-15,Horse_0757,Horse_0757,Jockey_032,3,牡,1400,芝,稍重,2,55.4,466.2,,,0.0,,,,,0.0,3
R20210215_0017,2021-02-15,Horse_0710,Horse_0710,Jockey_033,4,せん,1400,芝,稍重,10,54.0,445.0,,,0.0,,,,,1.0,4
R20210215_0017,2021-02-15,Horse_0083,Horse_0083,Jockey_074,3,牡,1400,芝,稍重,4,55.0,465.0,,,0.0,,,,,0.0,16
R20210218_0018,2021-02-18,Horse_0542,Horse_0542,Jockey_077,2,せん,1600,ダート,重,2,55.7,424.0,,,0.0,,,,,0.0,16
R20210218_0018,2021-02-18,Horse_0276,Horse_0276,Jockey_025,5,牝,1600,ダート,重,6,55.2,524.2,,,0.0,,,,,0.25,3
R20210218_0018,2021-02-18,Horse_0733,Horse_0733,Jockey_070,7,牝,1600,ダート,重,9,55.2,479.2,,,0.0,,,,,0.0,15
R20210218_0018,2021-02-18,Horse_0098,Horse_0098,Jockey_064,2,牝,1600,ダート,重,15,53.7,438.8,10.1,28.0,1.0,6.0,0.0,,,0.2,12
R20210218_0018,2021-02-18,Horse_0028,Horse_0028,Jockey_016,5,牡,1600,ダート,重,11,54.5,435.4,,,0.0,,,,,0.333,9
R20210218_0018,2021-02-18,Horse_0500,Horse_0500,Jockey_009,3,牝,1600,ダート,重,12,54.7,442.6,,,0.0,,,,,0.0,2
R20210218_0018,2021-02-18,Horse_0418,Horse_0418,Jockey_020,4,牡,1600,ダート,重,13,55.0,435.8,4.1,11.0,1.0,5.0,0.0,,,0.0,6
R20210218_0018,2021-02-18,Horse_0153,Horse_0153,Jockey_063,2,牝,1600,ダート,重,8,54.5,429.7,18.7,21.0,1.0,8.0,0.0,,0.0,0.0,5
R20210218_0018,2021-02-18,Horse_0879,Horse_0879,Jockey_068,7,牡,1600,ダート,重,10,54.5,480.1,3.8,21.0,1.0,1.0,1.0,,1.0,0.0,8
R20210218_0018,2021-02-18,Horse_0214,Horse_0214,Jockey_073,6,牡,1600,ダート,重,4,57.0,436.3,6.4,26.0,1.0,2.0,1.0,,,0.5,4
R20210218_0018,2021-02-18,Horse_0484,Horse_0484,Jockey_040,6,牡,1600,ダート,重,5,55.5,445.4,,,0.0,,,,,0.5,1
R20210218_0018,2021-02-18,Horse_0502,Horse_0502,Jockey_029,5,牝,1600,ダート,重,14,54.7,495.0,7.8,21.0,1.0,16.0,0.0,,0.0,0.333,14
R20210218_0018,2021-02-18,Horse_0043,Horse_0043,Jockey_061,4,牡,1600,ダート,重,16,54.8,502.4,,,0.0,,,,,0.0,13
R20210218_0018,2021-02-18,Horse_0096,Horse_0096,Jockey_054,5,牝,1600,ダート,重,1,53.6,489.9,,,0.0,,,,,0.5,7
R20210218_0018,2021-02-18,Horse_0516,Horse_0516,Jockey_001,4,牡,1600,ダート,重,7,57.1,484.5,7.1,28.0,1.0,7.0,0.0,,,0.0,11
R20210218_0018,2021-02-18,Horse_0642,Horse_0642,Jockey_066,7,牡,1600,ダート,重,3,55.2,526.1,,,0.0,,,,,0.5,10
R20210222_0019,2021-02-22,Horse_0645,Horse_0645,Jockey_070,2,牝,2000,芝,稍重,11,53.2,523.5,2.3,46.0,1.0,4.0,0.0,0.0,0.0,0.0,12
R20210222_0019,2021-02-22,Horse_0631,Horse_0631,Jockey_019,5,牝,2000,芝,稍重,4,56.6,456.1,,,0.0,,,,,0.6,3
R20210222_0019,2021-02-22,Horse_0796,Horse_0796,Jockey_007,2,牡,2000,芝,稍重,6,52.6,538.7,,,0.0,,,,,0.0,1
R20210222_0019,2021-02-22,Horse_0174,Horse_0174,Jockey_043,6,牡,2000,芝,稍重,2,59.0,478.3,,,0.0,,,,,0.0,10
R20210222_0019,2021-02-22,Horse_0068,Horse_0068,Jockey_080,2,牡,2000,芝,稍重,9,55.8,502.4,,,0.0,,,,,0.0,6
R20210222_0019,2021-02-22,Horse_0259,Horse_0259,Jockey_064,6,せん,2000,芝,稍重,10,54.0,478.5,,,0.0,,,,,0.167,7
R20210222_0019,2021-02-22,Horse_0608,Horse_0608,Jockey_039,7,牝,2000,芝,稍重,5,55.6,412.0,-9.4,25.0,1.0,14.0,0.0,,,0.667,11
R20210222_0019,2021-02-22,Horse_0228,Horse_0228,Jockey_067,3,牡,2000,芝,稍重,3,55.0,533.9,,,0.0,,,,,0.0,8
R20210222_0019,2021-02-22,Horse_0593,Horse_0593,Jockey_061,3,牝,2000,芝,稍重,1,53.7,464.3,,,0.0,,,,,0.0,9
R20210222_0019,2021-02-22,Horse_0848,Horse_0848,Jockey_049,3,牝,2000,芝,稍重,7,53.1,420.5,,,0.0,,,,,0.25,4
R20210222_0019,2021-02-22,Horse_0356,Horse_0356,Jockey_062,2,牝,2000,芝,稍重,8,52.5,448.0,,,0.0,,,,,0.0,5
R20210222_0019,2021-02-22,Horse_0430,Horse_0430,Jockey_002,6,牝,2000,芝,稍重,12,53.4,461.0,,,0.0,,,,,0.667,2
R20210224_0020,2021-02-24,Horse_0001,Horse_0001,Jockey_050,7,牡,1800,ダート,良,14,55.3,441.8,-2.3,32.0,1.0,1.0,1.0,,,0.5,3
R20210224_0020,2021-02-24,Horse_0547,Horse_0547,Jockey_052,5,牡,1800,ダート,良,1,54.6,451.6,,,0.0,,,,,0.0,11
R20210224_0020,2021-02-24,Horse_0293,Horse_0293,Jockey_060,2,牝,1800,ダート,良,2,57.1,510.8,,,0.0,,,,,0.0,7
R20210224_0020,2021-02-24,Horse_0669,Horse_0669,Jockey_030,2,牡,1800,ダート,良,10,54.9,491.6,,,0.0,,,,,0.0,12
R20210224_0020,2021-02-24,Horse_0766,Horse_0766,Jockey_014,5,牝,1800,ダート,良,3,53.3,451.8,11.7,36.0,1.0,8.0,0.0,,0.0,0.0,9
R20210224_0020,2021-02-24,Horse_0313,Horse_0313,Jockey_026,4,牡,1800,ダート,良,6,55.2,474.8,,,0.0,,,,,0.0,4
R20210224_0020,2021-02-24,Horse_0801,Horse_0801,Jockey_058,6,牝,1800,ダート,良,11,52.0,485.7,,,0.0,,,,,0.333,8
R20210224_0020,2021-02-24,Horse_0164,Horse_0164,Jockey_065,3,牡,1800,ダート,良,12,55.6,470.7,,,0.0,,,,,0.667,2
R20210224_0020,2021-02-24,Horse_0248,Horse_0248,Jockey_007,7,牝,1800,ダート,良,9,55.7,468.9,5.2,15.0,1.0,14.0,0.0,,,0.333,13
R20210224_0020,2021-02-24,Horse_0185,Horse_0185,Jockey_057,3,せん,1800,ダート,良,4,57.4,385.7,,,0.0,,,,,0.4,10
R20210224_0020,2021-02-24,Horse_0889,Horse_0889,Jockey_062,6,牡,1800,ダート,良,8,55.8,505.4,,,0.0,,,,,0.0,5
R20210224_0020,2021-02-24,Horse_0750,Horse_0750,Jockey_035,5,牝,1800,ダート,良,5,53.9,478.9,2.0,48.0,1.0,8.0,0.0,,,0.0,6
R20210224_0020,2021-02-24,Horse_0319,Horse_0319,Jockey_072,5,牝,1800,ダート,良,13,53.3,465.2,,,0.0,,,,,0.5,1
R20210224_0020,2021-02-24,Horse_0830,Horse_0830,Jockey_043,3,牝,1800,ダート,良,7,52.0,420.8,-1.1,39.0,1.0,11.0,0.0,,0.0,0.0,14
R20210226_0021,2021-02-26,Horse_0808,Horse_0808,Jockey_076,5,せん,1400,芝,良,10,54.8,458.0,,,0.0,,,,,0.5,12
R20210226_0021,2021-02-26,Horse_0083,Horse_0083,Jockey_043,3,牡,1400,芝,良,2,54.5,460.4,-4.6,11.0,1.0,16.0,0.0,0.0,0.0,0.0,11
R20210226_0021,2021-02-26,Horse_0679,Horse_0679,Jockey_021,7,牡,1400,芝,良,4,54.2,397.2,,,0.0,,,,,0.333,7
R20210226_0021,2021-02-26,Horse_0056,Horse_0056,Jockey_069,5,牝,1400,芝,良,16,53.3,489.8,,,0.0,,,,,0.667,4
R20210226_0021,2021-02-26,Horse_0598,Horse_0598,Jockey_054,2,牡,1400,芝,良,5,55.2,447.0,,,0.0,,,,,0.333,3
R20210226_0021,2021-02-26,Horse_0220,Horse_0220,Jockey_041,6,牝,1400,芝,良,9,52.1,523.4,,,0.0,,,,,0.0,10
R20210226_0021,2021-02-26,Horse_0806,Horse_0806,Jockey_027,3,牝,1400,芝,良,12,54.1,467.5,0.2,27.0,1.0,9.0,0.0,,0.0,0.0,14
R20210226_0021,2021-02-26,Horse_0352,Horse_0352,Jockey_002,3,牝,1400,芝,良,14,57.1,475.0,,,0.0,,,,,0.75,2
R20210226_0021,2021-02-26,Horse_0050,Horse_0050,Jockey_048,6,牝,1400,芝,良,8,53.1,454.8,,,0.0,,,,,0.167,15
R20210226_0021,2021-02-26,Horse_0407,Horse_0407,Jockey_036,5,牝,1400,芝,良,7,53.9,442.0,,,0.0,,,,,0.333,5
R20210226_0021,2021-02-26,Horse_0677,Horse_0677,Jockey_053,7,せん,1400,芝,良,15,56.2,498.5,,,0.0,,,,,0.0,16
R20210226_0021,2021-02-26,Horse_0458,Horse_0458,Jockey_017,2,牡,1400,芝,良,11,55.7,480.7,-0.0,42.0,1.0,11.0,0.0,0.0,0.0,1.0,9
R20210226_0021,2021-02-26,Horse_0511,Horse_0511,Jockey_038,5,牡,1400,芝,良,6,54.1,478.4,,,0.0,,,,,0.5,8
R20210226_0021,2021-02-26,Horse_0079,Horse_0079,Jockey_067,4,牡,1400,芝,良,3,55.0,469.4,,,0.0,,,,,0.0,13
R20210226_0021,2021-02-26,Horse_0351,Horse_0351,Jockey_044,5,牝,1400,芝,良,13,55.5,529.3,,,0.0,,,,,0.0,1
R20210226_0021,2021-02-26,Horse_0855,Horse_0855,Jockey_046,6,牡,1400,芝,良,1,54.3,495.6,,,0.0,,,,,0.0,6
R20210227_0022,2021-02-27,Horse_0340,Horse_0340,Jockey_077,5,牡,1800,芝,稍重,8,53.0,501.5,,,0.0,,,,,0.0,4
R20210227_0022,2021-02-27,Horse_0874,Horse_0874,Jockey_066,3,牝,1800,芝,稍重,9,55.6,515.8,,,0.0,,,,,0.4,7
R20210227_0022,2021-02-27,Horse_0067,Horse_0067,Jockey_007,5,牡,1800,芝,稍重,7,56.0,482.6,,,0.0,,,,,0.25,11
R20210227_0022,2021-02-27,Horse_0536,Horse_0536,Jockey_011,7,牝,1800,芝,稍重,4,53.8,537.4,,,0.0,,,,,0.0,10
R20210227_0022,2021-02-27,Horse_0309,Horse_0309,Jockey_003,7,せん,1800,芝,稍重,6,57.1,480.0,,,0.0,,,,,0.667,6
R20210227_0022,2021-02-27,Horse_0565,Horse_0565,Jockey_068,3,牝,1800,芝,稍重,3,56.5,463.7,-8.6,35.0,1.0,7.0,0.0,,0.0,0.0,8
R20210227_0022,2021-02-27,Horse_0275,Horse_0275,Jockey_042,7,牝,1800,芝,稍重,2,53.7,545.6,,,0.0,,,,,0.333,9
R20210227_0022,2021-02-27,Horse_0108,Horse_0108,Jockey_022,4,牡,1800,芝,稍重,11,52.6,435.1,,,0.0,,,,,0.0,2
R20210227_0022,2021-02-27,Horse_0650,Horse_0650,Jockey_050,5,牡,1800,芝,稍重,1,57.0,432.1,12.4,35.0,1.0,4.0,0.0,,0.0,0.6,3
R20210227_0022,2021-02-27,Horse_0651,Horse_0651,Jockey_071,4,牡,1800,芝,稍重,5,54.0,470.7,-0.6,18.0,1.0,11.0,0.0,,0.0,1.0,1
R20210227_0022,2021-02-27,Horse_0292,Horse_0292,Jockey_058,7,牡,1800,芝,稍重,10,54.2,461.2,,,0.0,,,,,0.25,5
R20210228_0023,2021-02-28,Horse_0347,Horse_0347,Jockey_059,4,せん,1400,芝,良,6,54.8,457.7,2.5,43.0,1.0,9.0,0.0,,,0.333,6
R20210228_0023,2021-02-28,Horse_0089,Horse_0089,Jockey_042,5,牡,1400,芝,良,2,53.4,481.6,,,0.0,,,,,0.25,8
R20210228_0023,2021-02-28,Horse_0514,Horse_0514,Jockey_019,6,牝,1400,芝,良,4,53.8,489.3,,,0.0,,,,,0.667,5
R20210228_0023,2021-02-28,Horse_0256,Horse_0256,Jockey_044,5,牝,1400,芝,良,8,52.5,499.4,-7.1,43.0,1.0,1.0,1.0,,,0.333,1
R20210228_0023,2021-02-28,Horse_0446,Horse_0446,Jockey_021,2,牡,1400,芝,良,3,55.1,459.1,11.2,21.0,2.0,9.5,0.0,,0.0,0.25,4
R20210228_0023,2021-02-28,Horse_0668,Horse_0668,Jockey_049,6,せん,1400,芝,良,5,55.5,480.9,1.0,29.0,1.0,3.0,1.0,,1.0,0.2,7
R20210228_0023,2021-02-28,Horse_0588,Horse_0588,Jockey_041,4,牡,1400,芝,良,7,55.0,515.4,7.7,17.0,1.0,4.0,0.0,,0.0,0.0,2
R20210228_0023,2021-02-28,Horse_0126,Horse_0126,Jockey_068,6,牝,1400,芝,良,1,54.7,476.2,,,0.0,,,,,0.0,3
R20210302_0024,2021-03-02,Horse_0287,Horse_0287,Jockey_038,5,牡,1600,ダート,重,5,53.3,467.6,,,0.0,,,,,0.333,8
R20210302_0024,2021-03-02,Horse_0502,Horse_0502,Jockey_061,5,牝,1600,ダート,重,3,53.4,494.3,-0.7,12.0,2.0,15.0,0.0,0.0,0.0,0.0,11
R20210302_0024,2021-03-02,Horse_0479,Horse_0479,Jockey_077,7,牡,1600,ダート,重,9,55.9,469.5,-16.9,23.0,1.0,13.0,0.0,,,0.0,12
R20210302_0024,2021-03-02,Horse_0483,Horse_0483,Jockey_058,3,牡,1600,ダート,重,2,54.3,527.3,,,0.0,,,,,0.2,7
R20210302_0024,2021-03-02,Horse_0377,Horse_0377,Jockey_053,7,牡,1600,ダート,重,4,52.9,439.7,-2.6,40.0,1.0,10.0,0.0,,,0.0,9
R20210302_0024,2021-03-02,Horse_0195,Horse_0195,Jockey_052,2,牡,1600,ダート,重,7,53.4,484.2,,,0.0,,,,,0.0,2
R20210302_0024,2021-03-02,Horse_0484,Horse_0484,Jockey_049,6,牡,1600,ダート,重,12,57.1,446.1,0.7,12.0,1.0,1.0,1.0,1.0,1.0,0.167,1
R20210302_0024,2021-03-02,Horse_0632,Horse_0632,Jockey_033,4,牝,1600,ダート,重,11,54.0,448.4,-12.1,46.0,1.0,2.0,1.0,,,0.5,6
R20210302_0024,2021-03-02,Horse_0428,Horse_0428,Jockey_050,3,牡,1600,ダート,重,10,54.6,448.8,,,0.0,,,,,0.667,10
R20210302_0024,2021-03-02,Horse_0900,Horse_0900,Jockey_001,3,牝,1600,ダート,重,8,54.6,402.9,,,0.0,,,,,0.0,3
R20210302_0024,2021-03-02,Horse_0591,Horse_0591,Jockey_024,2,牝,1600,ダート,重,6,54.2,479.4,-2.8,15.0,2.0,8.5,0.5,,,0.0,5
R20210302_0024,2021-03-02,Horse_0317,Horse_0317,Jockey_059,3,牡,1600,ダート,重,1,55.3,425.6,,,0.0,,,,,0.25,4
R20210303_0025,2021-03-03,Horse_0580,Horse_0580,Jockey_080,5,牝,1400,芝,良,4,53.6,546.0,17.4,36.0,2.0,3.5,0.5,,0.5,0.0,8
R20210303_0025,2021-03-03,Horse_0251,Horse_0251,Jockey_037,4,牝,1400,芝,良,12,53.4,452.2,-10.2,41.0,1.0,11.0,0.0,0.0,0.0,0.333,15
R20210303_0025,2021-03-03,Horse_0192,Horse_0192,Jockey_031,6,牝,1400,芝,良,3,54.1,493.2,,,0.0,,,,,0.333,2
R20210303_0025,2021-03-03,Horse_0137,Horse_0137,Jockey_052,5,牡,1400,芝,良,1,54.3,424.3,,,0.0,,,,,0.2,13
R20210303_0025,2021-03-03,Horse_0505,Horse_0505,Jockey_012,4,牡,1400,芝,良,6,55.1,468.9,,,0.0,,,,,0.333,11
R20210303_0025,2021-03-03,Horse_0087,Horse_0087,Jockey_042,7,牝,1400,芝,良,13,54.2,417.8,3.1,58.0,1.0,3.0,1.0,1.0,,0.2,1
R20210303_0025,2021-03-03,Horse_0348,Horse_0348,Jockey_070,3,牝,1400,芝,良,9,53.7,460.5,,,0.0,,,,,0.0,5
R20210303_0025,2021-03-03,Horse_0629,Horse_0629,Jockey_039,5,牡,1400,芝,良,10,54.2,501.3,-1.8,58.0,1.0,8.0,0.0,0.0,,0.5,9
R20210303_0025,2021-03-03,Horse_0099,Horse_0099,Jockey_041,3,牡,1400,芝,良,2,53.4,484.9,,,0.0,,,,,0.25,7
R20210303_0025,2021-03-03,Horse_0589,Horse_0589,Jockey_007,5,牝,1400,芝,良,8,55.2,488.7,,,0.0,,,,,0.2,10
R20210303_0025,2021-03-03,Horse_0315,Horse_0315,Jockey_057,2,牡,1400,芝,良,15,56.8,464.2,10.3,28.0,2.0,11.5,0.0,0.0,0.0,0.333,6
R20210303_0025,2021-03-03,Horse_0262,Horse_0262,Jockey_073,6,牡,1400,芝,良,14,53.1,521.7,,,0.0,,,,,0.333,12
R20210303_0025,2021-03-03,Horse_0453,Horse_0453,Jockey_013,4,牡,1400,芝,良,11,55.3,436.3,-4.9,34.0,1.0,7.0,0.0,0.0,,0.0,14
R20210303_0025,2021-03-03,Horse_0233,Horse_0233,Jockey_035,4,牝,1400,芝,良,7,54.2,420.5,,,0.0,,,,,0.0,4
R20210303_0025,2021-03-03,Horse_0661,Horse_0661,Jockey_061,3,牝,1400,芝,良,5,55.3,530.0,,,0.0,,,,,0.0,3
R20210307_0026,2021-03-07,Horse_0044,Horse_0044,Jockey_056,4,牝,2400,芝,良,9,54.4,554.4,5.2,26.0,2.0,5.5,0.5,,0.5,0.667,6
R20210307_0026,2021-03-07,Horse_0877,Horse_0877,Jockey_039,4,牡,2400,芝,良,2,54.9,433.2,,,0.0,,,,,0.4,5
R20210307_0026,2021-03-07,Horse_0098,Horse_0098,Jockey_062,2,牝,2400,芝,良,6,54.3,428.5,-10.3,17.0,2.0,9.0,0.0,,0.0,0.0,8
R20210307_0026,2021-03-07,Horse_0770,Horse_0770,Jockey_033,4,牝,2400,芝,良,5,55.3,494.8,-0.9,32.0,1.0,2.0,1.0,,1.0,0.333,1
R20210307_0026,2021-03-07,Horse_0107,Horse_0107,Jockey_048,2,牝,2400,芝,良,7,56.2,463.3,,,0.0,,,,,0.143,10
R20210307_0026,2021-03-07,Horse_0876,Horse_0876,Jockey_018,6,牡,2400,芝,良,4,53.0,495.0,,,0.0,,,,,0.0,4
R20210307_0026,2021-03-07,Horse_0066,Horse_0066,Jockey_035,6,牡,2400,芝,良,8,56.7,441.2,9.1,20.0,1.0,7.0,0.0,,0.0,0.0,9
R20210307_0026,2021-03-07,Horse_0796,Horse_0796,Jockey_024,2,牡,2400,芝,良,10,53.5,546.8,8.1,13.0,1.0,1.0,1.0,,1.0,0.0,7
R20210307_0026,2021-03-07,Horse_0660,Horse_0660,Jockey_061,2,牝,2400,芝,良,1,56.4,489.4,5.4,28.0,1.0,6.0,0.0,0.0,0.0,0.125,3
R20210307_0026,2021-03-07,Horse_0116,Horse_0116,Jockey_010,5,牝,2400,芝,良,3,55.6,504.6,,,0.0,,,,,0.0,2
R20210308_0027,2021-03-08,Horse_0318,Horse_0318,Jockey_015,5,牝,1600,芝,良,10,54.9,495.4,,,0.0,,,,,0.0,6
R20210308_0027,2021-03-08,Horse_0366,Horse_0366,Jockey_013,4,牡,1600,芝,良,2,55.2,438.7,,,0.0,,,,,0.0,4
R20210308_0027,2021-03-08,Horse_0814,Horse_0814,Jockey_037,5,牝,1600,芝,良,4,55.8,432.7,,,0.0,,,,,0.25,7
R20210308_0027,2021-03-08,Horse_0113,Horse_0113,Jockey_041,7,せん,1600,芝,良,11,54.3,440.1,,,0.0,,,,,0.2,2
R20210308_0027,2021-03-08,Horse_0076,Horse_0076,Jockey_052,5,牡,1600,芝,良,3,53.6,395.1,,,0.0,,,,,0.167,10
R20210308_0027,2021-03-08,Horse_0669,Horse_0669,Jockey_058,2,牡,1600,芝,良,9,53.8,490.4,-1.2,12.0,1.0,12.0,0.0,,,0.167,11
R20210308_0027,2021-03-08,Horse_0213,Horse_0213,Jockey_039,7,牝,1600,芝,良,12,55.3,465.6,,,0.0,,,,,0.333,3
R20210308_0027,2021-03-08,Horse_0369,Horse_0369,Jockey_076,7,牡,1600,芝,良,5,55.5,465.3,,,0.0,,,,,0.333,8
R20210308_0027,2021-03-08,Horse_0144,Horse_0144,Jockey_019,2,牡,1600,芝,良,8,54.4,465.6,-1.7,37.0,1.0,13.0,0.0,,0.0,0.571,9
R20210308_0027,2021-03-08,Horse_0533,Horse_0533,Jockey_034,5,牝,1600,芝,良,7,54.0,493.8,,,0.0,,,,,0.2,5
R20210308_0027,2021-03-08,Horse_0039,Horse_0039,Jockey_036,6,牝,1600,芝,良,1,55.0,440.0,,,0.0,,,,,0.25,1
R20210308_0027,2021-03-08,Horse_0802,Horse_0802,Jockey_011,7,牡,1600,芝,良,6,52.6,531.2,10.4,47.0,1.0,7.0,0.0,0.0,,0.0,12
R20210309_0028,2021-03-09,Horse_0439,Horse_0439,Jockey_028,4,牝,1400,芝,良,16,55.1,433.1,,,0.0,,,,,0.0,12
R20210309_0028,2021-03-09,Horse_0165,Horse_0165,Jockey_063,7,牡,1400,芝,良,2,55.3,468.9,,,0.0,,,,,0.0,10
R20210309_0028,2021-03-09,Horse_0473,Horse_0473,Jockey_001,4,牝,1400,芝,良,14,56.1,443.9,,,0.0,,,,,0.2,15
R20210309_0028,2021-03-09,Horse_0270,Horse_0270,Jockey_013,3,牡,1400,芝,良,5,56.2,429.3,-14.5,45.0,1.0,3.0,1.0,,1.0,0.0,13
R20210309_0028,2021-03-09,Horse_0367,Horse_0367,Jockey_012,5,牡,1400,芝,良,8,56.4,471.2,6.9,28.0,1.0,8.0,0.0,,0.0,0.25,1
R20210309_0028,2021-03-09,Horse_0679,Horse_0679,Jockey_060,7,牡,1400,芝,良,1,54.4,392.0,-5.2,11.0,1.0,7.0,0.0,0.0,0.0,0.0,11
R20210309_0028,2021-03-09,Horse_0091,Horse_0091,Jockey_054,2,牡,1400,芝,良,11,54.7,459.3,-2.1,22.0,1.0,6.0,0.0,0.0,0.0,0.5,7
R20210309_0028,2021-03-09,Horse_0360,Horse_0360,Jockey_029,5,牝,1400,芝,良,4,54.0,444.8,-2.9,28.0,1.0,6.0,0.0,,0.0,0.25,3
R20210309_0028,2021-03-09,Horse_0582,Horse_0582,Jockey_057,5,せん,1400,芝,良,6,55.3,451.9,,,0.0,,,,,0.286,8
R20210309_0028,2021-03-09,Horse_0548,Horse_0548,Jockey_071,5,牡,1400,芝,良,3,55.2,478.6,,,0.0,,,,,1.0,16
R20210309_0028,2021-03-09,Horse_0296,Horse_0296,Jockey_045,5,せん,1400,芝,良,12,55.7,443.7,-9.8,26.0,1.0,5.0,0.0,,0.0,0.333,2
R20210309_0028,2021-03-09,Horse_0373,Horse_0373,Jockey_077,5,牡,1400,芝,良,7,53.2,467.1,7.4,30.0,1.0,7.0,0.0,,0.0,0.0,14
R20210309_0028,2021-03-09,Horse_0086,Horse_0086,Jockey_023,4,せん,1400,芝,良,9,56.3,489.4,,,0.0,,,,,0.0,4
R20210309_0028,2021-03-09,Horse_0215,Horse_0215,Jockey_069,4,牡,1400,芝,良,15,55.9,471.2,,,0.0,,,,,0.5,5
R20210309_0028,2021-03-09,Horse_0053,Horse_0053,Jockey_062,2,牡,1400,芝,良,10,56.2,519.1,,,0.0,,,,,0.0,6
R20210309_0028,2021-03-09,Horse_0380,Horse_0380,Jockey_039,5,牡,1400,芝,良,13,56.0,484.8,6.2,28.0,1.0,12.0,0.0,,0.0,0.429,9
R20210313_0029,2021-03-13,Horse_0267,Horse_0267,Jockey_078,6,牡,1200,ダート,良,2,55.4,430.0,,,0.0,,,,,0.0,2
R20210313_0029,2021-03-13,Horse_0219,Horse_0219,Jockey_066,3,牡,1200,ダート,良,1,55.6,456.5,-6.9,42.0,1.0,7.0,0.0,,,0.333,7
R20210313_0029,2021-03-13,Horse_0187,Horse_0187,Jockey_037,3,牡,1200,ダート,良,4,55.7,435.5,,,0.0,,,,,0.2,3
R20210313_0029,2021-03-13,Horse_0524,Horse_0524,Jockey_080,4,牝,1200,ダート,良,3,54.9,420.8,,,0.0,,,,,0.0,6
R20210313_0029,2021-03-13,Horse_0833,Horse_0833,Jockey_042,7,牝,1200,ダート,良,5,52.9,488.4,-7.2,57.0,1.0,8.0,0.0,,,0.333,8
R20210313_0029,2021-03-13,Horse_0636,Horse_0636,Jockey_070,7,牝,1200,ダート,良,6,52.9,519.0,7.8,57.0,1.0,9.0,0.0,,,0.0,4
R20210313_0029,2021-03-13,Horse_0269,Horse_0269,Jockey_006,3,牝,1200,ダート,良,8,55.2,462.7,-8.5,61.0,1.0,5.0,0.0,,,0.25,1
R20210313_0029,2021-03-13,Horse_0844,Horse_0844,Jockey_058,2,牡,1200,ダート,良,7,56.5,552.2,,,0.0,,,,,0.143,5
R20210316_0030,2021-03-16,Horse_0127,Horse_0127,Jockey_045,4,牝,2000,芝,重,8,52.8,433.9,,,0.0,,,,,0.5,7
R20210316_0030,2021-03-16,Horse_0364,Horse_0364,Jockey_069,4,牡,2000,芝,重,5,58.0,430.1,-8.2,55.0,1.0,10.0,0.0,,,0.4,3
R20210316_0030,2021-03-16,Horse_0150,Horse_0150,Jockey_059,2,牝,2000,芝,重,7,55.1,389.8,-9.6,55.0,1.0,2.0,1.0,,,0.2,4
R20210316_0030,2021-03-16,Horse_0694,Horse_0694,Jockey_062,2,牝,2000,芝,重,3,53.9,497.3,-9.4,52.0,1.0,10.0,0.0,,0.0,0.0,11
R20210316_0030,2021-03-16,Horse_0232,Horse_0232,Jockey_036,6,牡,2000,芝,重,9,55.0,495.8,7.8,64.0,1.0,3.0,1.0,,1.0,0.4,5
R20210316_0030,2021-03-16,Horse_0531,Horse_0531,Jockey_028,4,牡,2000,芝,重,4,56.4,497.7,-1.0,47.0,1.0,12.0,0.0,,,0.0,8
R20210316_0030,2021-03-16,Horse_0166,Horse_0166,Jockey_055,3,せん,2000,芝,重,10,53.7,481.9,-9.2,54.0,1.0,14.0,0.0,,0.0,0.0,13
R20210316_0030,2021-03-16,Horse_0514,Horse_0514,Jockey_041,6,牝,2000,芝,重,13,54.2,493.1,3.8,16.0,1.0,5.0,0.0,,0.0,0.333,1
R20210316_0030,2021-03-16,Horse_0819,Horse_0819,Jockey_058,7,牝,2000,芝,重,1,55.1,429.9,1.4,33.0,1.0,2.0,1.0,,1.0,0.125,10
R20210316_0030,2021-03-16,Horse_0871,Horse_0871,Jockey_040,3,牝,2000,芝,重,2,54.3,506.8,,,0.0,,,,,0.667,9
R20210316_0030,2021-03-16,Horse_0536,Horse_0536,Jockey_032,7,牝,2000,芝,重,12,54.9,533.1,-4.3,17.0,1.0,10.0,0.0,,0.0,0.5,6
R20210316_0030,2021-03-16,Horse_0893,Horse_0893,Jockey_011,5,牡,2000,芝,重,6,52.5,484.9,,,0.0,,,,,0.0,12
R20210316_0030,2021-03-16,Horse_0313,Horse_0313,Jockey_031,4,牡,2000,芝,重,11,56.3,481.0,6.2,20.0,1.0,4.0,0.0,,,0.5,2
R20210319_0031,2021-03-19,Horse_0509,Horse_0509,Jockey_004,2,牝,2400,芝,良,2,54.9,483.3,,,0.0,,,,,0.5,8
R20210319_0031,2021-03-19,Horse_0204,Horse_0204,Jockey_054,7,牡,2400,芝,良,3,53.7,437.0,,,0.0,,,,,0.4,1
R20210319_0031,2021-03-19,Horse_0473,Horse_0473,Jockey_058,4,牝,2400,芝,良,9,54.0,449.4,5.5,10.0,1.0,15.0,0.0,,0.0,0.111,6
R20210319_0031,2021-03-19,Horse_0899,Horse_0899,Jockey_056,3,牝,2400,芝,良,6,55.0,473.8,,,0.0,,,,,0.5,7
R20210319_0031,2021-03-19,Horse_0367,Horse_0367,Jockey_047,5,牡,2400,芝,良,7,55.7,480.3,9.1,10.0,2.0,4.5,0.5,,0.5,0.0,2
R20210319_0031,2021-03-19,Horse_0663,Horse_0663,Jockey_078,2,牝,2400,芝,良,4,55.2,478.2,,,0.0,,,,,0.25,4
R20210319_0031,2021-03-19,Horse_0889,Horse_0889,Jockey_014,6,牡,2400,芝,良,1,56.5,512.7,7.3,23.0,1.0,5.0,0.0,,,0.0,5
R20210319_0031,2021-03-19,Horse_0028,Horse_0028,Jockey_037,5,牡,2400,芝,良,5,55.2,450.3,14.9,29.0,1.0,9.0,0.0,,,0.333,9
R20210319_0031,2021-03-19,Horse_0841,Horse_0841,Jockey_080,4,牝,2400,芝,良,8,57.2,429.7,,,0.0,,,,,0.0,3
R20210322_0032,2021-03-22,Horse_0105,Horse_0105,Jockey_066,6,牝,1400,ダート,稍重,9,55.7,469.4,,,0.0,,,,,0.286,2
R20210322_0032,2021-03-22,Horse_0241,Horse_0241,Jockey_001,6,牝,1400,ダート,稍重,8,57.0,493.3,,,0.0,,,,,0.167,7
R20210322_0032,2021-03-22,Horse_0790,Horse_0790,Jockey_047,5,牝,1400,ダート,稍重,4,53.2,472.5,,,0.0,,,,,0.333,11
R20210322_0032,2021-03-22,Horse_0687,Horse_0687,Jockey_049,7,牝,1400,ダート,稍重,10,53.9,482.5,,,0.0,,,,,0.286,9
R20210322_0032,2021-03-22,Horse_0504,Horse_0504,Jockey_016,7,牝,1400,ダート,稍重,7,55.8,494.2,,,0.0,,,,,0.25,4
R20210322_0032,2021-03-22,Horse_0572,Horse_0572,Jockey_064,7,牡,1400,ダート,稍重,2,54.6,473.2,,,0.0,,,,,0.143,5
R20210322_0032,2021-03-22,Horse_0638,Horse_0638,Jockey_072,4,せん,1400,ダート,稍重,3,53.9,448.9,,,0.0,,,,,0.6,8
R20210322_0032,2021-03-22,Horse_0309,Horse_0309,Jockey_039,7,せん,1400,ダート,稍重,1,53.4,466.1,-13.9,23.0,1.0,6.0,0.0,,,0.375,1
R20210322_0032,2021-03-22,Horse_0130,Horse_0130,Jockey_067,2,牡,1400,ダート,稍重,5,55.5,481.9,,,0.0,,,,,0.0,3
R20210322_0032,2021-03-22,Horse_0704,Horse_0704,Jockey_071,7,せん,1400,ダート,稍重,6,53.1,435.1,,,0.0,,,,,0.667,10
R20210322_0032,2021-03-22,Horse_0852,Horse_0852,Jockey_012,7,牡,1400,ダート,稍重,11,56.8,442.6,,,0.0,,,,,0.4,6
R20210325_0033,2021-03-25,Horse_0822,Horse_0822,Jockey_026,7,牡,1600,芝,稍重,10,54.7,462.2,,,0.0,,,,,0.0,12
R20210325_0033,2021-03-25,Horse_0349,Horse_0349,Jockey_031,5,牡,1600,芝,稍重,14,53.8,504.0,,,0.0,,,,,0.6,5
R20210325_0033,2021-03-25,Horse_0120,Horse_0120,Jockey_054,3,牝,1600,芝,稍重,15,55.2,445.3,1.1,69.0,1.0,12.0,0.0,,0.0,0.5,15
R20210325_0033,2021-03-25,Horse_0478,Horse_0478,Jockey_012,3,牝,1600,芝,稍重,3,53.0,460.2,,,0.0,,,,,0.333,7
R20210325_0033,2021-03-25,Horse_0226,Horse_0226,Jockey_079,4,牝,1600,芝,稍重,1,54.8,481.3,,,0.0,,,,,0.0,3
R20210325_0033,2021-03-25,Horse_0890,Horse_0890,Jockey_029,2,牡,1600,芝,稍重,7,55.2,493.1,-1.8,64.0,1.0,12.0,0.0,0.0,,0.4,9
R20210325_0033,2021-03-25,Horse_0068,Horse_0068,Jockey_060,2,牡,1600,芝,稍重,8,54.7,498.8,-3.6,31.0,1.0,6.0,0.0,,0.0,0.0,13
R20210325_0033,2021-03-25,Horse_0110,Horse_0110,Jockey_017,3,牡,1600,芝,稍重,12,53.3,489.9,,,0.0,,,,,0.5,8
R20210325_0033,2021-03-25,Horse_0667,Horse_0667,Jockey_042,4,牡,1600,芝,稍重,11,57.5,464.0,1.4,73.0,1.0,7.0,0.0,0.0,0.0,0.286,4
R20210325_0033,2021-03-25,Horse_0626,Horse_0626,Jockey_075,3,せん,1600,芝,稍重,9,54.8,429.4,-7.4,44.0,1.0,5.0,0.0,,0.0,0.0,1
R20210325_0033,2021-03-25,Horse_0548,Horse_0548,Jockey_063,5,牡,1600,芝,稍重,6,56.7,470.9,-7.7,16.0,1.0,16.0,0.0,,0.0,0.0,11
R20210325_0033,2021-03-25,Horse_0789,Horse_0789,Jockey_027,4,牡,1600,芝,稍重,13,54.0,485.1,,,0.0,,,,,0.0,6
R20210325_0033,2021-03-25,Horse_0190,Horse_0190,Jockey_003,4,牡,1600,芝,稍重,2,54.4,471.0,-5.2,38.0,1.0,13.0,0.0,,0.0,0.5,14
R20210325_0033,2021-03-25,Horse_0593,Horse_0593,Jockey_019,3,牝,1600,芝,稍重,4,55.4,471.8,7.5,31.0,1.0,9.0,0.0,,0.0,0.5,10
R20210325_0033,2021-03-25,Horse_0293,Horse_0293,Jockey_052,2,牝,1600,芝,稍重,5,53.6,498.8,-12.0,29.0,1.0,7.0,0.0,,,0.143,2
R20210327_0034,2021-03-27,Horse_0838,Horse_0838,Jockey_030,5,牡,2400,芝,良,2,54.1,516.8,-1.0,48.0,1.0,2.0,1.0,1.0,1.0,0.0,13
R20210327_0034,2021-03-27,Horse_0176,Horse_0176,Jockey_013,2,牡,2400,芝,良,14,53.2,497.4,,,0.0,,,,,0.0,5
R20210327_0034,2021-03-27,Horse_0639,Horse_0639,Jockey_070,2,牝,2400,芝,良,1,52.6,485.9,,,0.0,,,,,0.0,7
R20210327_0034,2021-03-27,Horse_0398,Horse_0398,Jockey_012,2,牝,2400,芝,良,7,52.1,455.9,7.0,79.0,1.0,10.0,0.0,,0.0,0.286,4
R20210327_0034,2021-03-27,Horse_0119,Horse_0119,Jockey_036,4,牝,2400,芝,良,12,55.3,392.4,,,0.0,,,,,0.333,1
R20210327_0034,2021-03-27,Horse_0249,Horse_0249,Jockey_015,7,牡,2400,芝,良,13,54.3,461.8,,,0.0,,,,,0.0,15
R20210327_0034,2021-03-27,Horse_0061,Horse_0061,Jockey_044,3,牡,2400,芝,良,15,55.0,463.9,4.1,67.0,1.0,5.0,0.0,,,0.5,12
R20210327_0034,2021-03-27,Horse_0439,Horse_0439,Jockey_001,4,牝,2400,芝,良,8,53.7,426.5,-6.6,18.0,1.0,12.0,0.0,,0.0,0.143,14
R20210327_0034,2021-03-27,Horse_0665,Horse_0665,Jockey_003,5,牝,2400,芝,良,4,55.0,511.1,-5.2,65.0,1.0,8.0,0.0,,0.0,0.4,16
R20210327_0034,2021-03-27,Horse_0259,Horse_0259,Jockey_068,6,せん,2400,芝,良,16,56.8,484.6,6.1,33.0,1.0,7.0,0.0,,0.0,0.2,9
R20210327_0034,2021-03-27,Horse_0318,Horse_0318,Jockey_054,5,牝,2400,芝,良,9,55.2,500.9,5.5,19.0,1.0,6.0,0.0,,0.0,0.429,11
R20210327_0034,2021-03-27,Horse_0773,Horse_0773,Jockey_078,3,牡,2400,芝,良,6,54.7,476.9,6.2,75.0,1.0,6.0,0.0,,0.0,0.2,8
R20210327_0034,2021-03-27,Horse_0055,Horse_0055,Jockey_079,4,せん,2400,芝,良,3,55.7,479.4,-8.0,70.0,1.0,6.0,0.0,0.0,,0.333,2
R20210327_0034,2021-03-27,Horse_0558,Horse_0558,Jockey_027,6,牡,2400,芝,良,5,56.4,459.1,-0.8,67.0,1.0,6.0,0.0,,,0.0,6
R20210327_0034,2021-03-27,Horse_0651,Horse_0651,Jockey_032,4,牡,2400,芝,良,11,55.0,466.7,-4.0,28.0,2.0,6.0,0.5,,0.5,0.333,10
R20210327_0034,2021-03-27,Horse_0686,Horse_0686,Jockey_056,7,牡,2400,芝,良,10,52.3,422.0,,,0.0,,,,,0.4,3
R20210329_0035,2021-03-29,Horse_0597,Horse_0597,Jockey_005,3,牝,1200,ダート,良,5,53.3,458.4,,,0.0,,,,,0.0,10
R20210329_0035,2021-03-29,Horse_0784,Horse_0784,Jockey_076,5,牝,1200,ダート,良,1,52.9,404.1,,,0.0,,,,,0.25,9
R20210329_0035,2021-03-29,Horse_0455,Horse_0455,Jockey_024,3,せん,1200,ダート,良,2,54.3,461.4,,,0.0,,,,,0.0,11
R20210329_0035,2021-03-29,Horse_0737,Horse_0737,Jockey_059,7,牝,1200,ダート,良,4,55.9,429.6,,,0.0,,,,,0.167,8
R20210329_0035,2021-03-29,Horse_0870,Horse_0870,Jockey_055,2,せん,1200,ダート,良,3,54.2,521.3,,,0.0,,,,,0.0,7
R20210329_0035,2021-03-29,Horse_0428,Horse_0428,Jockey_067,3,牡,1200,ダート,良,8,52.2,445.9,-2.9,27.0,1.0,10.0,0.0,,0.0,0.125,1
R20210329_0035,2021-03-29,Horse_0207,Horse_0207,Jockey_077,2,せん,1200,ダート,良,12,55.6,415.3,3.4,81.0,1.0,9.0,0.0,,,0.0,14
R20210329_0035,2021-03-29,Horse_0317,Horse_0317,Jockey_029,3,牡,1200,ダート,良,7,54.7,418.7,-6.9,27.0,1.0,4.0,0.0,,0.0,0.333,5
R20210329_0035,2021-03-29,Horse_0337,Horse_0337,Jockey_030,5,牝,1200,ダート,良,10,54.1,489.0,,,0.0,,,,,0.0,13
R20210329_0035,2021-03-29,Horse_0165,Horse_0165,Jockey_041,7,牡,1200,ダート,良,14,56.5,471.9,3.0,20.0,1.0,10.0,0.0,,,0.429,12
R20210329_0035,2021-03-29,Horse_0650,Horse_0650,Jockey_072,5,牡,1200,ダート,良,11,55.9,423.0,-9.1,30.0,2.0,3.5,0.5,,,0.5,4
R20210329_0035,2021-03-29,Horse_0090,Horse_0090,Jockey_002,2,牝,1200,ダート,良,6,53.8,497.4,3.5,58.0,1.0,2.0,1.0,,,0.8,2
R20210329_0035,2021-03-29,Horse_0024,Horse_0024,Jockey_068,6,牡,1200,ダート,良,9,53.5,468.4,,,0.0,,,,,0.167,6
R20210329_0035,2021-03-29,Horse_0894,Horse_0894,Jockey_071,3,牝,1200,ダート,良,13,54.5,493.2,0.9,69.0,1.0,3.0,1.0,,1.0,0.5,3
R20210401_0036,2021-04-01,Horse_0776,Horse_0776,Jockey_051,3,牡,1800,ダート,不良,9,54.2,481.6,,,0.0,,,,,,4
R20210401_0036,2021-04-01,Horse_0523,Horse_0523,Jockey_034,2,牝,1800,ダート,不良,1,55.4,454.0,,,0.0,,,,,0.167,5
R20210401_0036,2021-04-01,Horse_0483,Horse_0483,Jockey_052,3,牡,1800,ダート,不良,7,53.6,528.1,0.8,30.0,1.0,7.0,0.0,,0.0,0.25,6
R20210401_0036,2021-04-01,Horse_0299,Horse_0299,Jockey_060,4,牡,1800,ダート,不良,10,53.3,410.9,,,0.0,,,,,0.0,10
R20210401_0036,2021-04-01,Horse_0895,Horse_0895,Jockey_039,6,牝,1800,ダート,不良,4,53.9,499.0,,,0.0,,,,,0.444,7
R20210401_0036,2021-04-01,Horse_0867,Horse_0867,Jockey_017,5,牡,1800,ダート,不良,6,55.3,432.3,-1.2,72.0,1.0,4.0,0.0,,0.0,0.333,2
R20210401_0036,2021-04-01,Horse_0536,Horse_0536,Jockey_062,7,牝,1800,ダート,不良,5,55.0,529.7,-3.4,16.0,2.0,8.0,0.0,0.0,,0.0,1
R20210401_0036,2021-04-01,Horse_0853,Horse_0853,Jockey_025,7,牡,1800,ダート,不良,8,54.9,453.7,,,0.0,,,,,0.4,8
R20210401_0036,2021-04-01,Horse_0510,Horse_0510,Jockey_072,3,牝,1800,ダート,不良,2,55.9,450.0,,,0.0,,,,,0.429,9
R20210401_0036,2021-04-01,Horse_0693,Horse_0693,Jockey_037,6,せん,1800,ダート,不良,3,56.3,430.6,,,0.0,,,,,0.286,3
R20210405_0037,2021-04-05,Horse_0020,Horse_0020,Jockey_052,4,牝,1200,芝,良,9,56.4,509.2,,,0.0,,,,,0.222,2
R20210405_0037,2021-04-05,Horse_0360,Horse_0360,Jockey_046,5,牝,1200,芝,良,5,53.2,442.5,-2.3,27.0,2.0,4.5,0.5,,0.5,0.0,3
R20210405_0037,2021-04-05,Horse_0046,Horse_0046,Jockey_064,7,牡,1200,芝,良,11,55.1,511.9,10.8,53.0,1.0,7.0,0.0,,0.0,0.125,8
R20210405_0037,2021-04-05,Horse_0262,Horse_0262,Jockey_058,6,牡,1200,芝,良,2,55.0,530.1,8.4,33.0,1.0,12.0,0.0,,0.0,0.1,10
R20210405_0037,2021-04-05,Horse_0188,Horse_0188,Jockey_038,2,牡,1200,芝,良,4,53.6,419.8,,,0.0,,,,,0.25,1
R20210405_0037,2021-04-05,Horse_0544,Horse_0544,Jockey_080,7,牝,1200,芝,良,3,51.8,497.5,7.1,76.0,1.0,13.0,0.0,,,0.143,9
R20210405_0037,2021-04-05,Horse_0339,Horse_0339,Jockey_003,7,牡,1200,芝,良,7,57.6,471.2,16.2,49.0,2.0,9.5,0.0,,0.0,0.333,7
R20210405_0037,2021-04-05,Horse_0763,Horse_0763,Jockey_053,2,牝,1200,芝,良,6,56.2,539.3,7.5,91.0,1.0,12.0,0.0,,,0.0,11
R20210405_0037,2021-04-05,Horse_0874,Horse_0874,Jockey_002,3,牝,1200,芝,良,8,53.0,508.7,-7.1,37.0,1.0,7.0,0.0,,0.0,0.833,6
R20210405_0037,2021-04-05,Horse_0149,Horse_0149,Jockey_029,4,牡,1200,芝,良,1,55.3,430.8,-15.4,65.0,2.0,8.5,0.0,,0.0,0.286,5
R20210405_0037,2021-04-05,Horse_0480,Horse_0480,Jockey_074,2,牝,1200,芝,良,10,54.3,488.0,5.5,49.0,2.0,10.0,0.0,,0.0,0.0,4
R20210407_0038,2021-04-07,Horse_0233,Horse_0233,Jockey_040,4,牝,1600,芝,良,9,56.9,415.4,-5.1,35.0,1.0,4.0,0.0,,0.0,0.5,1
R20210407_0038,2021-04-07,Horse_0031,Horse_0031,Jockey_020,6,牝,1600,芝,良,6,53.7,507.4,,,0.0,,,,,0.0,4
R20210407_0038,2021-04-07,Horse_0756,Horse_0756,Jockey_064,4,牝,1600,芝,良,11,55.6,469.5,,,0.0,,,,,0.111,6
R20210407_0038,2021-04-07,Horse_0604,Horse_0604,Jockey_012,7,牡,1600,芝,良,5,55.3,496.2,,,0.0,,,,,0.25,9
R20210407_0038,2021-04-07,Horse_0129,Horse_0129,Jockey_041,4,牡,1600,芝,良,7,55.6,539.2,,,0.0,,,,,0.375,7
R20210407_0038,2021-04-07,Horse_0100,Horse_0100,Jockey_038,3,牝,1600,芝,良,13,54.3,470.7,,,0.0,,,,,0.4,13
R20210407_0038,2021-04-07,Horse_0694,Horse_0694,Jockey_045,2,牝,1600,芝,良,12,54.7,498.7,1.4,22.0,2.0,10.5,0.0,,0.0,0.4,3
R20210407_0038,2021-04-07,Horse_0185,Horse_0185,Jockey_079,3,せん,1600,芝,良,8,56.3,392.0,6.3,42.0,1.0,10.0,0.0,,,0.5,12
R20210407_0038,2021-04-07,Horse_0739,Horse_0739,Jockey_028,7,牡,1600,芝,良,3,54.1,440.1,23.3,81.0,1.0,8.0,0.0,,,0.0,11
R20210407_0038,2021-04-07,Horse_0355,Horse_0355,Jockey_016,2,牡,1600,芝,良,4,55.0,458.8,,,0.0,,,,,0.2,10
R20210407_0038,2021-04-07,Horse_0286,Horse_0286,Jockey_025,5,牡,1600,芝,良,2,53.8,443.9,,,0.0,,,,,0.333,5
R20210407_0038,2021-04-07,Horse_0108,Horse_0108,Jockey_010,4,牡,1600,芝,良,10,53.8,436.6,1.5,39.0,1.0,2.0,1.0,,1.0,0.25,8
R20210407_0038,2021-04-07,Horse_0260,Horse_0260,Jockey_029,4,牡,1600,芝,良,1,54.6,436.9,,,0.0,,,,,0.25,2
R20210408_0039,2021-04-08,Horse_0101,Horse_0101,Jockey_070,7,牝,1600,芝,良,5,54.9,482.9,,,0.0,,,,,0.0,2
R20210408_0039,2021-04-08,Horse_0418,Horse_0418,Jockey_012,4,牡,1600,芝,良,15,55.4,438.1,2.3,49.0,2.0,5.5,0.0,0.0,0.0,0.222,5
R20210408_0039,2021-04-08,Horse_0773,Horse_0773,Jockey_060,3,牡,1600,芝,良,9,56.6,475.9,-1.0,12.0,2.0,7.0,0.0,0.0,0.0,0.0,13
R20210408_0039,2021-04-08,Horse_0114,Horse_0114,Jockey_059,2,牡,1600,芝,良,13,54.5,458.7,,,0.0,,,,,0.143,1
R20210408_0039,2021-04-08,Horse_0551,Horse_0551,Jockey_053,2,牡,1600,芝,良,14,53.7,486.8,,,0.0,,,,,0.0,15
R20210408_0039,2021-04-08,Horse_0656,Horse_0656,Jockey_036,6,牡,1600,芝,良,12,56.8,492.0,6.3,70.0,1.0,13.0,0.0,,,0.429,7
R20210408_0039,2021-04-08,Horse_0096,Horse_0096,Jockey_077,5,牝,1600,芝,良,7,54.0,480.4,-9.5,49.0,1.0,7.0,0.0,0.0,,0.0,6
R20210408_0039,2021-04-08,Horse_0543,Horse_0543,Jockey_013,7,牡,1600,芝,良,3,54.9,489.6,,,0.0,,,,,0.0,14
R20210408_0039,2021-04-08,Horse_0746,Horse_0746,Jockey_020,4,牝,1600,芝,良,4,55.8,448.5,,,0.0,,,,,0.0,3
R20210408_0039,2021-04-08,Horse_0073,Horse_0073,Jockey_007,4,牝,1600,芝,良,10,54.8,498.6,-10.2,64.0,1.0,5.0,0.0,,0.0,0.167,11
R20210408_0039,2021-04-08,Horse_0881,Horse_0881,Jockey_051,5,牡,1600,芝,良,8,58.0,500.9,,,0.0,,,,,0.0,10
R20210408_0039,2021-04-08,Horse_0546,Horse_0546,Jockey_061,2,牝,1600,芝,良,6,53.8,407.7,-15.9,94.0,1.0,6.0,0.0,,,0.222,4
R20210408_0039,2021-04-08,Horse_0715,Horse_0715,Jockey_008,2,牝,1600,芝,良,2,55.9,534.1,,,0.0,,,,,0.333,9
R20210408_0039,2021-04-08,Horse_0095,Horse_0095,Jockey_064,7,せん,1600,芝,良,11,53.5,498.2,1.2,75.0,1.0,12.0,0.0,,0.0,0.1,8
R20210408_0039,2021-04-08,Horse_0455,Horse_0455,Jockey_080,3,せん,1600,芝,良,1,55.8,475.6,14.2,10.0,1.0,11.0,0.0,,,0.125,12
R20210412_0040,2021-04-12,Horse_0006,Horse_0006,Jockey_074,3,牡,1400,ダート,良,2,53.4,485.6,,,0.0,,,,,0.0,3
R20210412_0040,2021-04-12,Horse_0257,Horse_0257,Jockey_057,2,せん,1400,ダート,良,10,56.6,455.9,-4.9,68.0,1.0,9.0,0.0,,,0.25,10
R20210412_0040,2021-04-12,Horse_0453,Horse_0453,Jockey_076,4,牡,1400,ダート,良,11,52.2,446.1,9.8,40.0,2.0,10.5,0.0,0.0,0.0,0.2,8
R20210412_0040,2021-04-12,Horse_0771,Horse_0771,Jockey_058,6,牡,1400,ダート,良,3,53.5,504.8,,,0.0,,,,,0.091,7
R20210412_0040,2021-04-12,Horse_0200,Horse_0200,Jockey_037,3,せん,1400,ダート,良,6,53.3,438.2,,,0.0,,,,,0.375,11
R20210412_0040,2021-04-12,Horse_0417,Horse_0417,Jockey_016,4,牡,1400,ダート,良,8,55.4,470.7,,,0.0,,,,,0.167,2
R20210412_0040,2021-04-12,Horse_0099,Horse_0099,Jockey_067,3,牡,1400,ダート,良,7,52.8,484.8,-0.1,40.0,1.0,7.0,0.0,0.0,,0.222,4
R20210412_0040,2021-04-12,Horse_0868,Horse_0868,Jockey_044,5,牝,1400,ダート,良,13,53.1,460.5,3.2,68.0,2.0,7.5,0.0,0.0,,0.4,5
R20210412_0040,2021-04-12,Horse_0156,Horse_0156,Jockey_008,4,せん,1400,ダート,良,1,55.0,511.0,,,0.0,,,,,0.25,14
R20210412_0040,2021-04-12,Horse_0846,Horse_0846,Jockey_004,2,牝,1400,ダート,良,12,54.0,472.6,27.8,68.0,1.0,1.0,1.0,,,0.333,6
R20210412_0040,2021-04-12,Horse_0678,Horse_0678,Jockey_010,7,牝,1400,ダート,良,5,55.0,483.3,,,0.0,,,,,0.2,13
R20210412_0040,2021-04-12,Horse_0041,Horse_0041,Jockey_011,4,牡,1400,ダート,良,4,56.1,510.4,,,0.0,,,,,0.0,9
R20210412_0040,2021-04-12,Horse_0767,Horse_0767,Jockey_046,2,牡,1400,ダート,良,9,58.3,458.9,,,0.0,,,,,0.2,12
R20210412_0040,2021-04-12,Horse_0231,Horse_0231,Jockey_078,6,牝,1400,ダート,良,14,55.4,500.6,-6.9,91.0,1.0,1.0,1.0,,,0.167,1
R20210414_0041,2021-04-14,Horse_0613,Horse_0613,Jockey_079,4,牡,2000,ダート,不良,2,56.5,442.9,,,0.0,,,,,0.4,4
R20210414_0041,2021-04-14,Horse_0699,Horse_0699,Jockey_075,4,牝,2000,ダート,不良,1,56.6,487.4,,,0.0,,,,,0.5,3
R20210414_0041,2021-04-14,Horse_0710,Horse_0710,Jockey_061,4,せん,2000,ダート,不良,8,57.3,439.1,-5.9,58.0,1.0,4.0,0.0,,,0.2,9
R20210414_0041,2021-04-14,Horse_0822,Horse_0822,Jockey_030,7,牡,2000,ダート,不良,4,55.6,444.8,-17.4,20.0,1.0,12.0,0.0,,,0.0,6
R20210414_0041,2021-04-14,Horse_0783,Horse_0783,Jockey_007,7,牡,2000,ダート,不良,3,55.6,512.9,-7.8,89.0,1.0,4.0,0.0,,,0.143,7
R20210414_0041,2021-04-14,Horse_0018,Horse_0018,Jockey_040,4,せん,2000,ダート,不良,9,54.9,443.9,,,0.0,,,,,0.6,5
R20210414_0041,2021-04-14,Horse_0422,Horse_0422,Jockey_052,5,牝,2000,ダート,不良,5,56.3,490.7,9.6,81.0,1.0,14.0,0.0,,,0.3,8
R20210414_0041,2021-04-14,Horse_0610,Horse_0610,Jockey_028,3,牝,2000,ダート,不良,7,56.5,434.1,,,0.0,,,,,0.0,1
R20210414_0041,2021-04-14,Horse_0086,Horse_0086,Jockey_029,4,せん,2000,ダート,不良,6,55.6,500.6,11.2,36.0,1.0,4.0,0.0,,,0.333,2
R20210417_0042,2021-04-17,Horse_0226,Horse_0226,Jockey_004,4,牝,2000,ダート,良,3,55.4,472.6,-8.7,23.0,1.0,3.0,1.0,,,0.25,7
R20210417_0042,2021-04-17,Horse_0513,Horse_0513,Jockey_060,5,牝,2000,ダート,良,1,56.4,472.4,,,0.0,,,,,0.0,5
R20210417_0042,2021-04-17,Horse_0144,Horse_0144,Jockey_031,2,牡,2000,ダート,良,6,56.2,472.9,7.3,40.0,2.0,11.0,0.0,,,0.5,6
R20210417_0042,2021-04-17,Horse_0570,Horse_0570,Jockey_051,4,牝,2000,ダート,良,8,54.9,455.0,,,0.0,,,,,0.0,3
R20210417_0042,2021-04-17,Horse_0212,Horse_0212,Jockey_019,6,牝,2000,ダート,良,5,54.7,467.4,-13.9,77.0,1.0,8.0,0.0,,,0.444,8
R20210417_0042,2021-04-17,Horse_0393,Horse_0393,Jockey_020,2,牝,2000,ダート,良,4,55.3,444.3,,,0.0,,,,,0.2,1
R20210417_0042,2021-04-17,Horse_0841,Horse_0841,Jockey_048,4,牝,2000,ダート,良,7,55.0,423.0,-6.7,29.0,1.0,3.0,1.0,,,0.125,2
R20210417_0042,2021-04-17,Horse_0270,Horse_0270,Jockey_044,3,牡,2000,ダート,良,2,55.4,438.3,9.0,39.0,2.0,8.0,0.5,,,0.333,4
R20210418_0043,2021-04-18,Horse_0668,Horse_0668,Jockey_045,6,せん,1200,芝,稍重,6,56.1,469.8,-11.1,49.0,2.0,5.0,0.5,,0.5,0.5,6
R20210418_0043,2021-04-18,Horse_0466,Horse_0466,Jockey_042,5,牡,1200,芝,稍重,5,52.8,507.2,,,0.0,,,,,0.25,3
R20210418_0043,2021-04-18,Horse_0111,Horse_0111,Jockey_021,2,牡,1200,芝,稍重,4,54.7,447.9,,,0.0,,,,,0.2,9
R20210418_0043,2021-04-18,Horse_0465,Horse_0465,Jockey_056,2,牡,1200,芝,稍重,7,54.4,483.2,,,0.0,,,,,0.5,4
R20210418_0043,2021-04-18,Horse_0348,Horse_0348,Jockey_015,3,牝,1200,芝,稍重,3,57.6,465.8,5.3,46.0,1.0,5.0,0.0,,0.0,0.0,8
R20210418_0043,2021-04-18,Horse_0338,Horse_0338,Jockey_001,7,牡,1200,芝,稍重,8,58.0,438.5,,,0.0,,,,,0.125,5
R20210418_0043,2021-04-18,Horse_0550,Horse_0550,Jockey_041,5,せん,1200,芝,稍重,1,55.9,453.5,-4.4,89.0,1.0,11.0,0.0,,,0.333,7
R20210418_0043,2021-04-18,Horse_0001,Horse_0001,Jockey_036,7,牡,1200,芝,稍重,9,54.4,445.0,3.2,53.0,2.0,2.0,1.0,,1.0,0.375,1
R20210418_0043,2021-04-18,Horse_0686,Horse_0686,Jockey_028,7,牡,1200,芝,稍重,2,55.0,430.8,8.8,22.0,1.0,3.0,1.0,,1.0,0.167,2
R20210419_0044,2021-04-19,Horse_0399,Horse_0399,Jockey_035,6,牡,1200,ダート,良,9,56.3,471.7,,,0.0,,,,,0.0,5
R20210419_0044,2021-04-19,Horse_0358,Horse_0358,Jockey_056,4,牝,1200,ダート,良,10,54.4,479.5,,,0.0,,,,,0.429,12
R20210419_0044,2021-04-19,Horse_0161,Horse_0161,Jockey_033,5,牝,1200,ダート,良,7,52.8,433.9,8.7,88.0,1.0,1.0,1.0,,,0.5,4
R20210419_0044,2021-04-19,Horse_0463,Horse_0463,Jockey_080,5,牡,1200,ダート,良,4,55.8,500.9,,,0.0,,,,,0.111,10
R20210419_0044,2021-04-19,Horse_0681,Horse_0681,Jockey_024,4,牡,1200,ダート,良,8,53.8,458.5,,,0.0,,,,,0.0,11
R20210419_0044,2021-04-19,Horse_0328,Horse_0328,Jockey_069,4,牡,1200,ダート,良,6,55.7,515.2,,,0.0,,,,,0.5,1
R20210419_0044,2021-04-19,Horse_0890,Horse_0890,Jockey_001,2,牡,1200,ダート,良,12,56.3,492.9,-0.2,25.0,2.0,10.5,0.0,,0.0,0.111,8
R20210419_0044,2021-04-19,Horse_0340,Horse_0340,Jockey_053,5,牡,1200,ダート,良,2,54.9,499.4,-2.1,51.0,1.0,4.0,0.0,,,0.0,3
R20210419_0044,2021-04-19,Horse_0608,Horse_0608,Jockey_045,7,牝,1200,ダート,良,3,53.3,418.5,6.5,56.0,2.0,12.5,0.0,,0.0,0.429,7
R20210419_0044,2021-04-19,Horse_0490,Horse_0490,Jockey_038,7,せん,1200,ダート,良,11,53.8,450.6,,,0.0,,,,,0.333,2
R20210419_0044,2021-04-19,Horse_0409,Horse_0409,Jockey_039,4,牡,1200,ダート,良,1,55.7,500.8,,,0.0,,,,,0.4,9
R20210419_0044,2021-04-19,Horse_0017,Horse_0017,Jockey_034,6,牝,1200,ダート,良,5,53.6,480.1,1.6,79.0,1.0,6.0,0.0,,,0.143,6
R20210421_0045,2021-04-21,Horse_0320,Horse_0320,Jockey_071,6,牡,1600,芝,不良,6,55.2,431.8,11.6,65.0,1.0,8.0,0.0,,0.0,0.6,1
R20210421_0045,2021-04-21,Horse_0292,Horse_0292,Jockey_016,7,牡,1600,芝,不良,14,53.4,455.4,-5.8,53.0,1.0,5.0,0.0,,0.0,0.286,15
R20210421_0045,2021-04-21,Horse_0002,Horse_0002,Jockey_069,6,牝,1600,芝,不良,12,56.5,458.0,-2.4,91.0,1.0,8.0,0.0,0.0,,0.571,8
R20210421_0045,2021-04-21,Horse_0749,Horse_0749,Jockey_066,2,牝,1600,芝,不良,8,56.9,506.4,,,0.0,,,,,0.375,13
R20210421_0045,2021-04-21,Horse_0218,Horse_0218,Jockey_049,7,牝,1600,芝,不良,11,55.5,474.1,8.3,96.0,1.0,6.0,0.0,,0.0,0.25,16
R20210421_0045,2021-04-21,Horse_0897,Horse_0897,Jockey_003,5,牡,1600,芝,不良,16,53.7,426.1,,,0.0,,,,,0.286,4
R20210421_0045,2021-04-21,Horse_0024,Horse_0024,Jockey_062,6,牡,1600,芝,不良,2,53.9,458.3,-10.1,23.0,1.0,6.0,0.0,,,0.111,5
R20210421_0045,2021-04-21,Horse_0342,Horse_0342,Jockey_058,2,牝,1600,芝,不良,15,55.1,461.5,,,0.0,,,,,0.083,10
R20210421_0045,2021-04-21,Horse_0663,Horse_0663,Jockey_029,2,牝,1600,芝,不良,5,53.8,473.8,-4.4,33.0,1.0,4.0,0.0,,0.0,0.4,3
R20210421_0045,2021-04-21,Horse_0194,Horse_0194,Jockey_075,7,牡,1600,芝,不良,1,54.7,477.2,,,0.0,,,,,0.667,9
R20210421_0045,2021-04-21,Horse_0579,Horse_0579,Jockey_026,2,牡,1600,芝,不良,4,57.0,444.2,,,0.0,,,,,0.0,12
R20210421_0045,2021-04-21,Horse_0731,Horse_0731,Jockey_014,7,せん,1600,芝,不良,9,55.1,472.8,-2.3,69.0,1.0,10.0,0.0,0.0,0.0,0.0,14
R20210421_0045,2021-04-21,Horse_0650,Horse_0650,Jockey_074,5,牡,1600,芝,不良,10,52.5,433.0,10.0,23.0,3.0,3.667,0.333,,0.5,0.167,2
R20210421_0045,2021-04-21,Horse_0759,Horse_0759,Jockey_030,5,牝,1600,芝,不良,3,54.9,442.9,2.9,69.0,1.0,9.0,0.0,0.0,0.0,0.0,11
R20210421_0045,2021-04-21,Horse_0101,Horse_0101,Jockey_072,7,牝,1600,芝,不良,7,56.3,497.2,14.3,13.0,1.0,2.0,1.0,1.0,1.0,0.375,6
R20210421_0045,2021-04-21,Horse_0508,Horse_0508,Jockey_047,2,牝,1600,芝,不良,13,55.4,484.8,,,0.0,,,,,0.25,7
R20210424_0046,2021-04-24,Horse_0211,Horse_0211,Jockey_076,3,牡,2400,芝,良,3,53.9,512.0,,,0.0,,,,,0.167,4
R20210424_0046,2021-04-24,Horse_0232,Horse_0232,Jockey_019,6,牡,2400,芝,良,5,54.1,492.4,-3.4,39.0,2.0,4.0,0.5,,0.5,0.4,2
R20210424_0046,2021-04-24,Horse_0819,Horse_0819,Jockey_036,7,牝,2400,芝,良,1,53.1,424.8,-5.1,39.0,2.0,6.0,0.5,,0.5,0.444,3
R20210424_0046,2021-04-24,Horse_0441,Horse_0441,Jockey_013,3,牝,2400,芝,良,8,55.1,466.6,-6.8,84.0,1.0,10.0,0.0,,0.0,0.0,7
R20210424_0046,2021-04-24,Horse_0547,Horse_0547,Jockey_029,5,牡,2400,芝,良,2,57.0,459.0,7.4,59.0,1.0,11.0,0.0,,,0.455,1
R20210424_0046,2021-04-24,Horse_0474,Horse_0474,Jockey_012,6,牝,2400,芝,良,6,59.0,463.0,2.1,91.0,1.0,6.0,0.0,0.0,0.0,0.2,5
R20210424_0046,2021-04-24,Horse_0442,Horse_0442,Jockey_053,2,牝,2400,芝,良,7,54.0,511.7,,,0.0,,,,,0.143,8
R20210424_0046,2021-04-24,Horse_0894,Horse_0894,Jockey_066,3,牝,2400,芝,良,4,55.6,487.3,-5.9,26.0,2.0,3.0,1.0,,,0.333,6
R20210426_0047,2021-04-26,Horse_0545,Horse_0545,Jockey_046,5,牡,1200,芝,稍重,3,54.9,462.0,-16.7,86.0,1.0,5.0,0.0,,0.0,0.167,9
R20210426_0047,2021-04-26,Horse_0812,Horse_0812,Jockey_075,5,牡,1200,芝,稍重,8,53.6,517.1,,,0.0,,,,,0.5,5
R20210426_0047,2021-04-26,Horse_0619,Horse_0619,Jockey_019,5,牡,1200,芝,稍重,7,54.5,503.6,,,0.0,,,,,0.455,6
R20210426_0047,2021-04-26,Horse_0896,Horse_0896,Jockey_063,6,牝,1200,芝,稍重,10,52.9,471.7,5.3,90.0,1.0,8.0,0.0,,0.0,0.0,8
R20210426_0047,2021-04-26,Horse_0673,Horse_0673,Jockey_041,3,牡,1200,芝,稍重,4,55.0,494.7,,,0.0,,,,,0.3,3
R20210426_0047,2021-04-26,Horse_0374,Horse_0374,Jockey_058,4,せん,1200,芝,稍重,9,55.8,480.0,,,0.0,,,,,0.077,1
R20210426_0047,2021-04-26,Horse_0879,Horse_0879,Jockey_062,7,牡,1200,芝,稍重,1,56.6,477.9,-2.2,67.0,2.0,4.5,0.5,,,0.1,2
R20210426_0047,2021-04-26,Horse_0858,Horse_0858,Jockey_027,5,牝,1200,芝,稍重,5,55.0,496.1,5.8,88.0,1.0,6.0,0.0,,,0.0,4
R20210426_0047,2021-04-26,Horse_0132,Horse_0132,Jockey_043,7,牡,1200,芝,稍重,2,52.8,470.0,4.0,86.0,1.0,12.0,0.0,,0.0,0.0,10
R20210426_0047,2021-04-26,Horse_0769,Horse_0769,Jockey_067,6,牡,1200,芝,稍重,6,55.3,466.6,7.5,74.0,1.0,3.0,1.0,,1.0,0.2,7
R20210427_0048,2021-04-27,Horse_0543,Horse_0543,Jockey_063,7,牡,1600,ダート,良,8,55.1,499.3,9.7,19.0,1.0,14.0,0.0,0.0,,0.0,6
R20210427_0048,2021-04-27,Horse_0278,Horse_0278,Jockey_004,4,せん,1600,ダート,良,14,54.2,453.5,,,0.0,,,,,0.2,14
R20210427_0048,2021-04-27,Horse_0189,Horse_0189,Jockey_016,3,牝,1600,ダート,良,6,55.1,429.0,6.5,113.0,1.0,4.0,0.0,,0.0,0.25,9
R20210427_0048,2021-04-27,Horse_0169,Horse_0169,Jockey_009,4,牝,1600,ダート,良,16,55.0,476.5,,,0.0,,,,,0.5,7
R20210427_0048,2021-04-27,Horse_0339,Horse_0339,Jockey_023,7,牡,1600,ダート,良,15,56.1,473.5,2.3,22.0,3.0,8.667,0.0,,,0.0,4
R20210427_0048,2021-04-27,Horse_0762,Horse_0762,Jockey_031,5,せん,1600,ダート,良,2,55.1,481.1,,,0.0,,,,,0.429,3
R20210427_0048,2021-04-27,Horse_0658,Horse_0658,Jockey_070,7,せん,1600,ダート,良,13,53.7,487.3,,,0.0,,,,,0.1,11
R20210427_0048,2021-04-27,Horse_0720,Horse_0720,Jockey_049,7,牝,1600,ダート,良,3,54.2,421.0,-9.2,83.0,1.0,3.0,1.0,,,0.222,16
R20210427_0048,2021-04-27,Horse_0309,Horse_0309,Jockey_008,7,せん,1600,ダート,良,11,55.1,467.5,1.4,36.0,2.0,3.5,0.5,,1.0,0.2,5
R20210427_0048,2021-04-27,Horse_0687,Horse_0687,Jockey_036,7,牝,1600,ダート,良,12,57.1,486.3,3.8,36.0,1.0,9.0,0.0,,0.0,0.5,10
R20210427_0048,2021-04-27,Horse_0251,Horse_0251,Jockey_044,4,牝,1600,ダート,良,5,55.1,454.3,2.1,55.0,2.0,13.0,0.0,,,0.286,15
R20210427_0048,2021-04-27,Horse_0180,Horse_0180,Jockey_043,5,牝,1600,ダート,良,7,53.5,471.5,,,0.0,,,,,0.0,8
R20210427_0048,2021-04-27,Horse_0895,Horse_0895,Jockey_001,6,牝,1600,ダート,良,9,55.5,501.5,2.5,26.0,1.0,7.0,0.0,,0.0,0.1,1
R20210427_0048,2021-04-27,Horse_0177,Horse_0177,Jockey_048,4,牡,1600,ダート,良,1,55.7,446.2,,,0.0,,,,,0.222,13
R20210427_0048,2021-04-27,Horse_0738,Horse_0738,Jockey_054,5,牝,1600,ダート,良,4,53.1,428.2,,,0.0,,,,,0.375,12
R20210427_0048,2021-04-27,Horse_0822,Horse_0822,Jockey_022,7,牡,1600,ダート,良,10,51.7,442.8,-2.0,13.0,2.0,9.0,0.0,0.0,0.0,0.333,2
R20210429_0049,2021-04-29,Horse_0644,Horse_0644,Jockey_008,6,牡,1600,ダート,良,3,56.4,538.3,,,0.0,,,,,0.167,5
R20210429_0049,2021-04-29,Horse_0384,Horse_0384,Jockey_073,6,牝,1600,ダート,良,2,54.0,470.8,,,0.0,,,,,0.25,4
R20210429_0049,2021-04-29,Horse_0826,Horse_0826,Jockey_066,6,牝,1600,ダート,良,7,55.2,460.9,,,0.0,,,,,0.3,2
R20210429_0049,2021-04-29,Horse_0525,Horse_0525,Jockey_005,4,牝,1600,ダート,良,6,55.9,461.2,6.1,103.0,2.0,8.5,0.0,,0.0,0.0,1
R20210429_0049,2021-04-29,Horse_0372,Horse_0372,Jockey_061,2,牝,1600,ダート,良,1,55.5,423.9,,,0.0,,,,,0.182,7
R20210429_0049,2021-04-29,Horse_0267,Horse_0267,Jockey_064,6,牡,1600,ダート,良,8,56.5,427.6,-2.4,47.0,1.0,2.0,1.0,,1.0,0.091,3
R20210429_0049,2021-04-29,Horse_0106,Horse_0106,Jockey_001,7,牡,1600,ダート,良,4,53.9,394.1,,,0.0,,,,,0.182,8
R20210429_0049,2021-04-29,Horse_0127,Horse_0127,Jockey_076,4,牝,1600,ダート,良,5,52.5,443.6,9.7,44.0,1.0,7.0,0.0,,,0.143,9
R20210429_0049,2021-04-29,Horse_0535,Horse_0535,Jockey_021,4,せん,1600,ダート,良,9,54.4,504.1,,,0.0,,,,,0.167,6
R20210430_0050,2021-04-30,Horse_0747,Horse_0747,Jockey_072,5,牝,1800,芝,良,1,53.6,490.2,1.2,109.0,1.0,14.0,0.0,,0.0,0.333,6
R20210430_0050,2021-04-30,Horse_0601,Horse_0601,Jockey_031,6,牡,1800,芝,良,3,56.9,462.5,,,0.0,,,,,0.5,8
R20210430_0050,2021-04-30,Horse_0790,Horse_0790,Jockey_058,5,牝,1800,芝,良,6,54.4,476.8,4.3,39.0,1.0,11.0,0.0,,,0.143,10
R20210430_0050,2021-04-30,Horse_0708,Horse_0708,Jockey_037,5,牡,1800,芝,良,2,52.9,478.0,1.8,74.0,1.0,1.0,1.0,,1.0,0.333,4
R20210430_0050,2021-04-30,Horse_0654,Horse_0654,Jockey_067,4,牝,1800,芝,良,8,52.6,474.2,,,0.0,,,,,0.182,3
R20210430_0050,2021-04-30,Horse_0833,Horse_0833,Jockey_019,7,牝,1800,芝,良,5,52.9,490.2,1.8,48.0,2.0,8.0,0.0,,0.0,0.417,14
R20210430_0050,2021-04-30,Horse_0212,Horse_0212,Jockey_061,6,牝,1800,芝,良,13,52.2,477.9,10.5,13.0,2.0,8.0,0.0,0.0,0.0,0.167,7
R20210430_0050,2021-04-30,Horse_0277,Horse_0277,Jockey_048,5,牡,1800,芝,良,4,54.6,427.6,5.6,116.0,1.0,10.0,0.0,,,0.2,2
R20210430_0050,2021-04-30,Horse_0735,Horse_0735,Jockey_041,5,牝,1800,芝,良,9,54.8,489.3,,,0.0,,,,,0.364,13
R20210430_0050,2021-04-30,Horse_0571,Horse_0571,Jockey_046,6,せん,1800,芝,良,7,54.9,454.2,,,0.0,,,,,0.143,11
R20210430_0050,2021-04-30,Horse_0165,Horse_0165,Jockey_015,7,牡,1800,芝,良,11,54.9,466.1,-5.8,32.0,2.0,11.0,0.0,,0.0,0.0,9
R20210430_0050,2021-04-30,Horse_0785,Horse_0785,Jockey_055,2,牡,1800,芝,良,14,53.2,486.7,,,0.0,,,,,0.0,5
R20210430_0050,2021-04-30,Horse_0306,Horse_0306,Jockey_054,7,牝,1800,芝,良,10,53.9,486.6,,,0.0,,,,,0.333,12
R20210430_0050,2021-04-30,Horse_0195,Horse_0195,Jockey_016,2,牡,1800,芝,良,12,54.4,482.0,-2.2,59.0,1.0,2.0,1.0,,,0.222,1
R20210502_0051,2021-05-02,Horse_0878,Horse_0878,Jockey_072,7,せん,2000,芝,稍重,1,54.5,472.5,-12.6,115.0,1.0,2.0,1.0,1.0,1.0,0.3,6
R20210502_0051,2021-05-02,Horse_0002,Horse_0002,Jockey_049,6,牝,2000,芝,稍重,7,54.4,471.8,13.8,11.0,2.0,8.0,0.0,,0.0,0.2,2
R20210502_0051,2021-05-02,Horse_0820,Horse_0820,Jockey_064,4,牝,2000,芝,稍重,2,54.0,514.5,8.6,99.0,1.0,15.0,0.0,,0.0,0.167,14
R20210502_0051,2021-05-02,Horse_0447,Horse_0447,Jockey_047,2,牝,2000,芝,稍重,4,54.6,445.3,,,0.0,,,,,0.2,4
R20210502_0051,2021-05-02,Horse_0417,Horse_0417,Jockey_023,4,牡,2000,芝,稍重,12,55.8,468.4,-2.3,20.0,1.0,2.0,1.0,,,0.0,9
R20210502_0051,2021-05-02,Horse_0837,Horse_0837,Jockey_031,7,牡,2000,芝,稍重,3,54.7,472.0,,,0.0,,,,,0.444,11
R20210502_0051,2021-05-02,Horse_0202,Horse_0202,Jockey_048,5,牝,2000,芝,稍重,11,55.3,528.1,5.5,76.0,2.0,10.5,0.0,0.0,0.0,0.273,13
R20210502_0051,2021-05-02,Horse_0207,Horse_0207,Jockey_041,2,せん,2000,芝,稍重,6,54.5,408.8,-6.5,34.0,2.0,11.5,0.0,0.0,0.0,0.333,8
R20210502_0051,2021-05-02,Horse_0091,Horse_0091,Jockey_066,2,牡,2000,芝,稍重,13,53.7,458.8,-0.5,54.0,2.0,6.5,0.0,,0.0,0.364,5
R20210502_0051,2021-05-02,Horse_0040,Horse_0040,Jockey_010,7,せん,2000,芝,稍重,8,52.7,448.7,-7.4,118.0,1.0,11.0,0.0,,,0.167,10
R20210502_0051,2021-05-02,Horse_0810,Horse_0810,Jockey_004,4,牝,2000,芝,稍重,9,54.2,438.6,,,0.0,,,,,0.167,7
R20210502_0051,2021-05-02,Horse_0467,Horse_0467,Jockey_073,7,牡,2000,芝,稍重,10,53.1,501.6,,,0.0,,,,,0.2,12
R20210502_0051,2021-05-02,Horse_0204,Horse_0204,Jockey_046,7,牡,2000,芝,稍重,5,57.4,425.0,-12.0,44.0,1.0,1.0,1.0,,1.0,0.125,1
R20210502_0051,2021-05-02,Horse_0159,Horse_0159,Jockey_001,4,牝,2000,芝,稍重,15,53.9,525.3,,,0.0,,,,,0.167,3
R20210502_0051,2021-05-02,Horse_0444,Horse_0444,Jockey_075,6,牝,2000,芝,稍重,14,53.5,417.1,,,0.0,,,,,0.4,15
R20210504_0052,2021-05-04,Horse_0201,Horse_0201,Jockey_069,3,牡,1600,ダート,稍重,4,52.9,475.6,,,0.0,,,,,0.5,7
R20210504_0052,2021-05-04,Horse_0174,Horse_0174,Jockey_038,6,牡,1600,ダート,稍重,14,54.9,466.0,-12.3,71.0,1.0,10.0,0.0,,,0.429,15
R20210504_0052,2021-05-04,Horse_0236,Horse_0236,Jockey_042,3,牝,1600,ダート,稍重,11,52.1,480.3,,,0.0,,,,,0.333,6
R20210504_0052,2021-05-04,Horse_0791,Horse_0791,Jockey_025,4,牡,1600,ダート,稍重,8,54.0,474.3,22.9,96.0,1.0,9.0,0.0,,0.0,0.286,2
R20210504_0052,2021-05-04,Horse_0484,Horse_0484,Jockey_023,6,牡,1600,ダート,稍重,3,53.3,435.7,-10.4,63.0,2.0,1.0,1.0,1.0,1.0,0.0,3
R20210504_0052,2021-05-04,Horse_0863,Horse_0863,Jockey_040,3,牝,1600,ダート,稍重,12,56.5,465.0,,,0.0,,,,,0.5,1
R20210504_0052,2021-05-04,Horse_0497,Horse_0497,Jockey_030,2,牡,1600,ダート,稍重,5,54.9,467.7,,,0.0,,,,,0.0,14
R20210504_0052,2021-05-04,Horse_0764,Horse_0764,Jockey_051,3,牝,1600,ダート,稍重,15,55.2,438.1,-1.8,117.0,1.0,1.0,1.0,,,0.333,4
R20210504_0052,2021-05-04,Horse_0317,Horse_0317,Jockey_068,3,牡,1600,ダート,稍重,13,56.8,419.9,1.2,36.0,2.0,4.5,0.0,0.0,0.0,0.143,8
R20210504_0052,2021-05-04,Horse_0243,Horse_0243,Jockey_004,5,牡,1600,ダート,稍重,10,53.3,500.0,,,0.0,,,,,0.143,5
R20210504_0052,2021-05-04,Horse_0784,Horse_0784,Jockey_048,5,牝,1600,ダート,稍重,2,55.2,403.1,-1.0,36.0,1.0,9.0,0.0,,0.0,0.25,13
R20210504_0052,2021-05-04,Horse_0711,Horse_0711,Jockey_014,4,牝,1600,ダート,稍重,6,55.7,468.4,6.9,84.0,1.0,7.0,0.0,,,0.0,10
R20210504_0052,2021-05-04,Horse_0657,Horse_0657,Jockey_011,6,牡,1600,ダート,稍重,9,53.9,451.9,,,0.0,,,,,0.0,12
R20210504_0052,2021-05-04,Horse_0758,Horse_0758,Jockey_043,6,牝,1600,ダート,稍重,7,56.3,483.5,,,0.0,,,,,0.0,11
R20210504_0052,2021-05-04,Horse_0827,Horse_0827,Jockey_005,6,牝,1600,ダート,稍重,1,55.2,472.0,,,0.0,,,,,0.2,9
R20210505_0053,2021-05-05,Horse_0610,Horse_0610,Jockey_054,3,牝,1400,芝,良,2,55.6,434.4,0.3,21.0,1.0,1.0,1.0,,,0.3,1
R20210505_0053,2021-05-05,Horse_0478,Horse_0478,Jockey_073,3,牝,1400,芝,良,5,50.8,465.9,5.7,41.0,1.0,7.0,0.0,,0.0,0.167,6
R20210505_0053,2021-05-05,Horse_0398,Horse_0398,Jockey_041,2,牝,1400,芝,良,1,54.2,451.3,-4.6,39.0,2.0,7.0,0.0,,0.0,0.308,5
R20210505_0053,2021-05-05,Horse_0365,Horse_0365,Jockey_048,5,牡,1400,芝,良,7,55.4,449.4,,,0.0,,,,,0.231,4
R20210505_0053,2021-05-05,Horse_0150,Horse_0150,Jockey_059,2,牝,1400,芝,良,4,56.3,388.4,-1.4,50.0,2.0,3.0,0.5,,0.0,0.25,3
R20210505_0053,2021-05-05,Horse_0300,Horse_0300,Jockey_004,7,牝,1400,芝,良,6,54.1,499.5,,,0.0,,,,,0.125,7
R20210505_0053,2021-05-05,Horse_0575,Horse_0575,Jockey_076,4,牡,1400,芝,良,3,53.3,477.2,,,0.0,,,,,0.125,2
R20210505_0053,2021-05-05,Horse_0892,Horse_0892,Jockey_049,7,牡,1400,芝,良,8,53.0,457.2,-4.9,121.0,1.0,14.0,0.0,0.0,,0.273,8
R20210508_0054,2021-05-08,Horse_0452,Horse_0452,Jockey_070,2,牡,1600,芝,良,13,55.0,470.4,,,0.0,,,,,0.091,11
R20210508_0054,2021-05-08,Horse_0600,Horse_0600,Jockey_071,2,牝,1600,芝,良,10,53.6,517.4,,,0.0,,,,,0.667,9
R20210508_0054,2021-05-08,Horse_0027,Horse_0027,Jockey_058,5,牝,1600,芝,良,4,56.3,465.5,,,0.0,,,,,0.133,7
R20210508_0054,2021-05-08,Horse_0116,Horse_0116,Jockey_019,5,牝,1600,芝,良,5,53.4,503.0,-1.6,62.0,1.0,2.0,1.0,,1.0,0.385,1
R20210508_0054,2021-05-08,Horse_0811,Horse_0811,Jockey_054,2,牝,1600,芝,良,6,54.1,465.4,,,0.0,,,,,0.364,12
R20210508_0054,2021-05-08,Horse_0192,Horse_0192,Jockey_007,6,牝,1600,芝,良,12,54.9,491.0,-2.2,66.0,1.0,2.0,1.0,,1.0,0.125,6
R20210508_0054,2021-05-08,Horse_0067,Horse_0067,Jockey_068,5,牡,1600,芝,良,2,57.0,483.3,0.7,70.0,1.0,11.0,0.0,,0.0,0.125,13
R20210508_0054,2021-05-08,Horse_0870,Horse_0870,Jockey_022,2,せん,1600,芝,良,7,53.3,522.1,0.8,40.0,1.0,7.0,0.0,,,0.5,10
R20210508_0054,2021-05-08,Horse_0180,Horse_0180,Jockey_056,5,牝,1600,芝,良,3,54.9,464.0,-7.5,11.0,1.0,8.0,0.0,0.0,,0.375,4
R20210508_0054,2021-05-08,Horse_0321,Horse_0321,Jockey_001,6,牝,1600,芝,良,1,53.2,481.5,,,0.0,,,,,0.231,5
R20210508_0054,2021-05-08,Horse_0722,Horse_0722,Jockey_027,7,せん,1600,芝,良,8,57.1,425.3,,,0.0,,,,,0.0,3
R20210508_0054,2021-05-08,Horse_0501,Horse_0501,Jockey_067,2,牝,1600,芝,良,11,55.4,455.4,6.4,117.0,1.0,12.0,0.0,0.0,0.0,0.25,8
R20210508_0054,2021-05-08,Horse_0699,Horse_0699,Jockey_075,4,牝,1600,芝,良,9,55.3,498.0,10.6,24.0,1.0,3.0,1.0,,,0.333,2
R20210512_0055,2021-05-12,Horse_0613,Horse_0613,Jockey_010,4,牡,1600,芝,良,10,55.7,443.3,0.4,28.0,1.0,4.0,0.0,,,0.143,2
R20210512_0055,2021-05-12,Horse_0729,Horse_0729,Jockey_070,6,せん,1600,芝,良,3,56.6,496.0,22.7,116.0,1.0,3.0,1.0,,,0.083,9
R20210512_0055,2021-05-12,Horse_0185,Horse_0185,Jockey_043,3,せん,1600,芝,良,2,54.1,394.6,2.6,35.0,2.0,11.0,0.0,0.0,0.0,0.0,7
R20210512_0055,2021-05-12,Horse_0380,Horse_0380,Jockey_067,5,牡,1600,芝,良,1,57.4,480.4,-4.4,64.0,2.0,10.5,0.0,,0.0,0.231,5
R20210512_0055,2021-05-12,Horse_0768,Horse_0768,Jockey_040,5,牝,1600,芝,良,6,53.6,444.1,,,0.0,,,,,0.571,8
R20210512_0055,2021-05-12,Horse_0556,Horse_0556,Jockey_011,3,せん,1600,芝,良,5,55.1,519.2,,,0.0,,,,,0.0,12
R20210512_0055,2021-05-12,Horse_0661,Horse_0661,Jockey_024,3,牝,1600,芝,良,9,55.0,530.1,0.1,70.0,1.0,3.0,1.0,,1.0,0.0,1
R20210512_0055,2021-05-12,Horse_0068,Horse_0068,Jockey_052,2,牡,1600,芝,良,14,54.6,509.5,10.7,48.0,2.0,9.5,0.0,0.0,0.0,0.273,6
R20210512_0055,2021-05-12,Horse_0788,Horse_0788,Jockey_020,7,牝,1600,芝,良,8,54.6,516.5,,,0.0,,,,,0.333,10
R20210512_0055,2021-05-12,Horse_0550,Horse_0550,Jockey_051,5,せん,1600,芝,良,11,54.0,475.9,22.4,24.0,2.0,9.0,0.0,0.0,0.0,0.25,13
R20210512_0055,2021-05-12,Horse_0689,Horse_0689,Jockey_077,2,牝,1600,芝,良,13,52.5,421.4,1.7,98.0,2.0,6.0,0.0,,0.0,0.0,14
R20210512_0055,2021-05-12,Horse_0535,Horse_0535,Jockey_042,4,せん,1600,芝,良,4,52.9,504.6,0.5,13.0,1.0,6.0,0.0,0.0,,0.3,4
R20210512_0055,2021-05-12,Horse_0752,Horse_0752,Jockey_033,2,牡,1600,芝,良,7,56.6,481.4,,,0.0,,,,,0.4,3
R20210512_0055,2021-05-12,Horse_0248,Horse_0248,Jockey_001,7,牝,1600,芝,良,12,52.6,470.0,1.1,77.0,2.0,13.5,0.0,,0.0,0.214,11
R20210515_0056,2021-05-15,Horse_0102,Horse_0102,Jockey_009,5,牝,2000,芝,良,11,53.5,486.1,,,0.0,,,,,0.333,11
R20210515_0056,2021-05-15,Horse_0162,Horse_0162,Jockey_058,7,牡,2000,芝,良,14,53.1,516.5,,,0.0,,,,,0.125,3
R20210515_0056,2021-05-15,Horse_0158,Horse_0158,Jockey_028,6,牡,2000,芝,良,1,55.9,469.7,,,0.0,,,,,0.286,2
R20210515_0056,2021-05-15,Horse_0043,Horse_0043,Jockey_075,4,牡,2000,芝,良,2,55.2,499.1,-3.3,86.0,1.0,13.0,0.0,,,0.429,9
R20210515_0056,2021-05-15,Horse_0677,Horse_0677,Jockey_079,7,せん,2000,芝,良,4,55.4,507.0,8.5,78.0,1.0,16.0,0.0,,0.0,0.333,10
R20210515_0056,2021-05-15,Horse_0092,Horse_0092,Jockey_040,6,牝,2000,芝,良,6,55.0,473.9,,,0.0,,,,,0.5,1
R20210515_0056,2021-05-15,Horse_0301,Horse_0301,Jockey_004,6,牡,2000,芝,良,10,53.4,486.1,,,0.0,,,,,0.111,13
R20210515_0056,2021-05-15,Horse_0430,Horse_0430,Jockey_055,6,牝,2000,芝,良,5,54.1,463.5,2.5,82.0,1.0,2.0,1.0,1.0,1.0,0.0,4
R20210515_0056,2021-05-15,Horse_0373,Horse_0373,Jockey_025,5,牡,2000,芝,良,8,55.6,463.8,-3.3,67.0,2.0,10.5,0.0,,0.0,0.375,8
R20210515_0056,2021-05-15,Horse_0410,Horse_0410,Jockey_038,3,牝,2000,芝,良,13,53.6,459.5,,,0.0,,,,,0.375,6
R20210515_0056,2021-05-15,Horse_0499,Horse_0499,Jockey_006,2,牝,2000,芝,良,15,57.1,484.4,,,0.0,,,,,0.4,12
R20210515_0056,2021-05-15,Horse_0733,Horse_0733,Jockey_060,7,牝,2000,芝,良,7,55.9,479.0,-0.2,86.0,1.0,15.0,0.0,,,0.0,15
R20210515_0056,2021-05-15,Horse_0397,Horse_0397,Jockey_012,5,牝,2000,芝,良,9,53.9,434.3,-12.4,124.0,1.0,16.0,0.0,,0.0,0.182,7
R20210515_0056,2021-05-15,Horse_0637,Horse_0637,Jockey_070,2,牡,2000,芝,良,12,55.1,476.9,-6.3,115.0,1.0,14.0,0.0,,,0.077,5
R20210515_0056,2021-05-15,Horse_0289,Horse_0289,Jockey_077,6,牡,2000,芝,良,3,56.5,450.5,,,0.0,,,,,0.0,14
R20210519_0057,2021-05-19,Horse_0665,Horse_0665,Jockey_060,5,牝,1800,ダート,重,11,53.8,512.2,1.1,53.0,2.0,12.0,0.0,,,0.0,7
R20210519_0057,2021-05-19,Horse_0296,Horse_0296,Jockey_004,5,せん,1800,ダート,重,7,54.7,452.2,8.5,71.0,2.0,3.5,0.5,,,0.1,9
R20210519_0057,2021-05-19,Horse_0471,Horse_0471,Jockey_061,2,牝,1800,ダート,重,6,55.4,499.9,,,0.0,,,,,0.154,1
R20210519_0057,2021-05-19,Horse_0066,Horse_0066,Jockey_045,6,牡,1800,ダート,重,10,56.9,432.6,-8.6,73.0,2.0,8.0,0.0,,,0.375,4
R20210519_0057,2021-05-19,Horse_0508,Horse_0508,Jockey_062,2,牝,1800,ダート,重,8,54.4,482.7,-2.1,28.0,1.0,7.0,0.0,,,0.182,13
R20210519_0057,2021-05-19,Horse_0477,Horse_0477,Jockey_015,5,牡,1800,ダート,重,1,55.2,476.6,,,0.0,,,,,0.0,12
R20210519_0057,2021-05-19,Horse_0844,Horse_0844,Jockey_046,2,牡,1800,ダート,重,9,53.0,570.9,18.7,67.0,1.0,5.0,0.0,,0.0,0.222,14
R20210519_0057,2021-05-19,Horse_0774,Horse_0774,Jockey_075,7,牝,1800,ダート,重,2,57.5,465.1,-2.4,113.0,1.0,2.0,1.0,,,0.375,2
R20210519_0057,2021-05-19,Horse_0760,Horse_0760,Jockey_072,7,牝,1800,ダート,重,14,52.7,488.5,1.0,116.0,1.0,11.0,0.0,,,0.273,5
R20210519_0057,2021-05-19,Horse_0187,Horse_0187,Jockey_036,3,牡,1800,ダート,重,13,54.9,431.2,-4.3,67.0,1.0,3.0,1.0,,1.0,0.455,6
R20210519_0057,2021-05-19,Horse_0326,Horse_0326,Jockey_035,4,牝,1800,ダート,重,12,52.5,495.0,,,0.0,,,,,0.0,11
R20210519_0057,2021-05-19,Horse_0785,Horse_0785,Jockey_002,2,牡,1800,ダート,重,3,56.5,485.2,-1.5,19.0,1.0,5.0,0.0,0.0,,0.714,3
R20210519_0057,2021-05-19,Horse_0737,Horse_0737,Jockey_078,7,牝,1800,ダート,重,4,52.4,423.3,-6.3,51.0,1.0,8.0,0.0,,0.0,0.286,8
R20210519_0057,2021-05-19,Horse_0108,Horse_0108,Jockey_050,4,牡,1800,ダート,重,5,55.2,422.9,-13.7,42.0,2.0,5.0,0.5,1.0,,0.571,10
R20210523_0058,2021-05-23,Horse_0243,Horse_0243,Jockey_012,5,牡,2400,芝,不良,1,54.8,484.1,-15.9,19.0,1.0,5.0,0.0,,,0.167,6
R20210523_0058,2021-05-23,Horse_0759,Horse_0759,Jockey_061,5,牝,2400,芝,不良,4,55.6,451.4,8.5,32.0,2.0,10.0,0.0,,0.0,0.214,1
R20210523_0058,2021-05-23,Horse_0030,Horse_0030,Jockey_018,6,牡,2400,芝,不良,8,55.8,463.6,-6.7,123.0,1.0,6.0,0.0,,,0.0,7
R20210523_0058,2021-05-23,Horse_0511,Horse_0511,Jockey_020,5,牡,2400,芝,不良,2,56.2,484.6,6.2,86.0,1.0,8.0,0.0,,0.0,0.286,8
R20210523_0058,2021-05-23,Horse_0854,Horse_0854,Jockey_010,3,牝,2400,芝,不良,3,54.9,461.2,,,0.0,,,,,0.25,2
R20210523_0058,2021-05-23,Horse_0846,Horse_0846,Jockey_009,2,牝,2400,芝,不良,5,54.4,455.0,-17.6,41.0,2.0,3.5,0.5,,1.0,0.25,5
R20210523_0058,2021-05-23,Horse_0195,Horse_0195,Jockey_015,2,牡,2400,芝,不良,7,54.9,487.3,5.3,23.0,2.0,1.5,1.0,,1.0,0.0,4
R20210523_0058,2021-05-23,Horse_0880,Horse_0880,Jockey_046,7,牝,2400,芝,不良,9,53.5,482.9,,,0.0,,,,,0.2,9
R20210523_0058,2021-05-23,Horse_0142,Horse_0142,Jockey_070,2,牡,2400,芝,不良,6,54.8,418.0,,,0.0,,,,,0.071,3
R20210525_0059,2021-05-25,Horse_0031,Horse_0031,Jockey_018,6,牝,2000,芝,稍重,14,54.0,512.0,4.6,48.0,1.0,4.0,0.0,,0.0,0.0,6
R20210525_0059,2021-05-25,Horse_0001,Horse_0001,Jockey_069,7,牡,2000,芝,稍重,12,55.1,441.4,-3.6,37.0,3.0,1.667,1.0,,1.0,0.444,1
R20210525_0059,2021-05-25,Horse_0660,Horse_0660,Jockey_050,2,牝,2000,芝,稍重,11,55.8,476.2,-13.2,79.0,2.0,4.5,0.5,,0.5,0.5,4
R20210525_0059,2021-05-25,Horse_0245,Horse_0245,Jockey_010,3,牡,2000,芝,稍重,3,54.1,464.8,2.3,125.0,1.0,5.0,0.0,,,0.333,13
R20210525_0059,2021-05-25,Horse_0493,Horse_0493,Jockey_053,2,牡,2000,芝,稍重,1,55.1,523.2,18.3,134.0,1.0,13.0,0.0,,0.0,0.125,14
R20210525_0059,2021-05-25,Horse_0270,Horse_0270,Jockey_022,3,牡,2000,芝,稍重,5,54.6,436.0,-2.3,38.0,3.0,6.667,0.333,0.0,0.5,0.4,8
R20210525_0059,2021-05-25,Horse_0385,Horse_0385,Jockey_058,6,せん,2000,芝,稍重,9,56.9,487.3,-1.1,125.0,1.0,11.0,0.0,,,0.176,11
R20210525_0059,2021-05-25,Horse_0690,Horse_0690,Jockey_068,7,牡,2000,芝,稍重,7,53.9,475.2,,,0.0,,,,,0.111,2
R20210525_0059,2021-05-25,Horse_0262,Horse_0262,Jockey_033,6,牡,2000,芝,稍重,8,53.1,525.2,-4.9,50.0,2.0,11.0,0.0,,0.0,0.5,9
R20210525_0059,2021-05-25,Horse_0401,Horse_0401,Jockey_052,2,牝,2000,芝,稍重,4,53.1,473.9,0.2,117.0,1.0,4.0,0.0,,,0.25,3
R20210525_0059,2021-05-25,Horse_0370,Horse_0370,Jockey_047,7,牝,2000,芝,稍重,2,52.7,478.7,-2.1,107.0,1.0,1.0,1.0,,1.0,0.167,5
R20210525_0059,2021-05-25,Horse_0599,Horse_0599,Jockey_057,4,牡,2000,芝,稍重,13,55.2,464.2,-0.8,129.0,1.0,7.0,0.0,,,0.222,7
R20210525_0059,2021-05-25,Horse_0575,Horse_0575,Jockey_021,4,牡,2000,芝,稍重,10,56.2,476.2,-1.0,20.0,1.0,2.0,1.0,,1.0,0.143,10
R20210525_0059,2021-05-25,Horse_0797,Horse_0797,Jockey_027,7,せん,2000,芝,稍重,6,54.6,480.6,,,0.0,,,,,0.167,12
R20210529_0060,2021-05-29,Horse_0710,Horse_0710,Jockey_080,4,せん,2000,ダート,良,5,53.4,425.7,-13.4,45.0,2.0,6.5,0.0,0.0,0.0,0.1,10
R20210529_0060,2021-05-29,Horse_0773,Horse_0773,Jockey_019,3,牡,2000,ダート,良,11,54.5,467.3,-8.6,51.0,3.0,9.0,0.0,,,0.429,6
R20210529_0060,2021-05-29,Horse_0718,Horse_0718,Jockey_068,5,牝,2000,ダート,良,12,52.4,454.4,7.8,126.0,1.0,9.0,0.0,,,0.2,4
R20210529_0060,2021-05-29,Horse_0287,Horse_0287,Jockey_074,5,牡,2000,ダート,良,7,53.0,461.1,-6.5,88.0,1.0,8.0,0.0,,0.0,0.286,5
R20210529_0060,2021-05-29,Horse_0271,Horse_0271,Jockey_023,4,牡,2000,ダート,良,3,54.5,516.8,,,0.0,,,,,0.2,7
R20210529_0060,2021-05-29,Horse_0663,Horse_0663,Jockey_033,2,牝,2000,ダート,良,10,55.6,475.2,1.4,38.0,2.0,3.5,0.5,,,0.429,2
R20210529_0060,2021-05-29,Horse_0369,Horse_0369,Jockey_079,7,牡,2000,ダート,良,8,56.3,463.1,-2.2,82.0,1.0,8.0,0.0,,,0.286,8
R20210529_0060,2021-05-29,Horse_0350,Horse_0350,Jockey_071,3,牡,2000,ダート,良,4,56.7,474.9,,,0.0,,,,,0.571,9
R20210529_0060,2021-05-29,Horse_0541,Horse_0541,Jockey_006,5,牝,2000,ダート,良,2,54.4,435.5,,,0.0,,,,,0.333,3
R20210529_0060,2021-05-29,Horse_0363,Horse_0363,Jockey_024,3,牝,2000,ダート,良,6,55.1,484.3,,,0.0,,,,,0.143,11
R20210529_0060,2021-05-29,Horse_0478,Horse_0478,Jockey_043,3,牝,2000,ダート,良,1,55.0,449.8,-16.1,24.0,2.0,6.5,0.0,,,0.0,12
R20210529_0060,2021-05-29,Horse_0328,Horse_0328,Jockey_025,4,牡,2000,ダート,良,9,53.8,510.5,-4.7,40.0,1.0,1.0,1.0,,1.0,0.333,1
R20210530_0061,2021-05-30,Horse_0276,Horse_0276,Jockey_045,5,牝,1600,芝,重,2,56.6,519.4,-4.8,101.0,1.0,3.0,1.0,1.0,,0.333,3
R20210530_0061,2021-05-30,Horse_0188,Horse_0188,Jockey_013,2,牡,1600,芝,重,1,53.9,415.2,-4.6,55.0,1.0,1.0,1.0,,1.0,0.0,1
R20210530_0061,2021-05-30,Horse_0757,Horse_0757,Jockey_044,3,牡,1600,芝,重,6,55.7,463.7,-2.5,104.0,1.0,3.0,1.0,,1.0,0.25,7
R20210530_0061,2021-05-30,Horse_0275,Horse_0275,Jockey_072,7,牝,1600,芝,重,5,54.4,545.9,0.3,92.0,1.0,9.0,0.0,,0.0,0.25,8
R20210530_0061,2021-05-30,Horse_0501,Horse_0501,Jockey_028,2,牝,1600,芝,重,7,54.6,442.0,-13.4,22.0,2.0,10.0,0.0,0.0,0.0,0.375,6
R20210530_0061,2021-05-30,Horse_0837,Horse_0837,Jockey_061,7,牡,1600,芝,重,8,55.4,473.4,1.4,28.0,1.0,11.0,0.0,,0.0,0.267,4
R20210530_0061,2021-05-30,Horse_0750,Horse_0750,Jockey_053,5,牝,1600,芝,重,3,55.6,486.9,8.0,95.0,2.0,7.0,0.0,,0.0,0.111,9
R20210530_0061,2021-05-30,Horse_0087,Horse_0087,Jockey_005,7,牝,1600,芝,重,4,54.9,410.3,-7.5,88.0,2.0,2.0,1.0,,1.0,0.167,2
R20210530_0061,2021-05-30,Horse_0309,Horse_0309,Jockey_021,7,せん,1600,芝,重,9,53.8,475.8,8.3,33.0,3.0,4.0,0.333,0.0,0.0,0.125,5
R20210601_0062,2021-06-01,Horse_0703,Horse_0703,Jockey_004,3,牡,1800,ダート,良,6,55.9,463.5,21.5,129.0,1.0,16.0,0.0,,,0.091,9
R20210601_0062,2021-06-01,Horse_0598,Horse_0598,Jockey_068,2,牡,1800,ダート,良,5,53.1,439.4,-7.6,95.0,1.0,3.0,1.0,,,0.182,4
R20210601_0062,2021-06-01,Horse_0454,Horse_0454,Jockey_020,4,牡,1800,ダート,良,8,55.8,470.8,,,0.0,,,,,0.25,10
R20210601_0062,2021-06-01,Horse_0313,Horse_0313,Jockey_046,4,牡,1800,ダート,良,4,56.9,485.0,4.0,77.0,2.0,3.0,0.5,0.0,0.0,0.182,6
R20210601_0062,2021-06-01,Horse_0671,Horse_0671,Jockey_060,5,牡,1800,ダート,良,7,56.1,489.1,5.5,137.0,2.0,3.0,0.5,,1.0,0.0,5
R20210601_0062,2021-06-01,Horse_0182,Horse_0182,Jockey_018,6,牝,1800,ダート,良,3,55.6,475.6,,,0.0,,,,,0.0,8
R20210601_0062,2021-06-01,Horse_0321,Horse_0321,Jockey_005,6,牝,1800,ダート,良,9,54.4,471.6,-9.9,24.0,1.0,5.0,0.0,,,0.286,2
R20210601_0062,2021-06-01,Horse_0853,Horse_0853,Jockey_079,7,牡,1800,ダート,良,1,56.9,453.5,-0.2,61.0,1.0,8.0,0.0,0.0,0.0,0.25,7
R20210601_0062,2021-06-01,Horse_0627,Horse_0627,Jockey_012,3,牡,1800,ダート,良,2,53.9,471.2,,,0.0,,,,,0.154,3
R20210601_0062,2021-06-01,Horse_0562,Horse_0562,Jockey_014,5,牝,1800,ダート,良,10,53.8,531.4,,,0.0,,,,,0.0,1
R20210602_0063,2021-06-02,Horse_0248,Horse_0248,Jockey_041,7,牝,1800,芝,良,13,50.7,457.9,-12.1,21.0,3.0,12.667,0.0,0.0,0.0,0.286,13
R20210602_0063,2021-06-02,Horse_0041,Horse_0041,Jockey_079,4,牡,1800,芝,良,11,56.7,512.0,1.6,51.0,1.0,9.0,0.0,,,0.222,8
R20210602_0063,2021-06-02,Horse_0731,Horse_0731,Jockey_029,7,せん,1800,芝,良,4,52.1,467.7,-5.1,42.0,2.0,12.0,0.0,,0.0,0.5,3
R20210602_0063,2021-06-02,Horse_0658,Horse_0658,Jockey_003,7,せん,1800,芝,良,9,57.3,502.2,14.9,36.0,1.0,11.0,0.0,,,0.25,9
R20210602_0063,2021-06-02,Horse_0604,Horse_0604,Jockey_037,7,牡,1800,芝,良,7,53.5,488.5,-7.7,56.0,1.0,9.0,0.0,,0.0,0.3,7
R20210602_0063,2021-06-02,Horse_0267,Horse_0267,Jockey_050,6,牡,1800,芝,良,1,57.5,431.0,3.4,34.0,2.0,2.5,1.0,,,0.444,1
R20210602_0063,2021-06-02,Horse_0394,Horse_0394,Jockey_036,3,牝,1800,芝,良,3,54.7,480.3,,,0.0,,,,,0.417,2
R20210602_0063,2021-06-02,Horse_0084,Horse_0084,Jockey_064,4,牝,1800,芝,良,8,53.4,481.3,-9.1,107.0,1.0,9.0,0.0,,0.0,0.154,5
R20210602_0063,2021-06-02,Horse_0467,Horse_0467,Jockey_070,7,牡,1800,芝,良,12,53.1,505.5,3.9,31.0,1.0,12.0,0.0,,0.0,0.133,12
R20210602_0063,2021-06-02,Horse_0315,Horse_0315,Jockey_044,2,牡,1800,芝,良,10,54.3,457.9,-6.3,91.0,3.0,9.667,0.0,,0.0,0.222,11
R20210602_0063,2021-06-02,Horse_0288,Horse_0288,Jockey_043,7,牡,1800,芝,良,6,53.5,468.0,,,0.0,,,,,0.0,6
R20210602_0063,2021-06-02,Horse_0410,Horse_0410,Jockey_006,3,牝,1800,芝,良,2,54.3,456.6,-2.9,18.0,1.0,6.0,0.0,,0.0,0.429,4
R20210602_0063,2021-06-02,Horse_0570,Horse_0570,Jockey_052,4,牝,1800,芝,良,5,53.7,469.5,14.5,46.0,1.0,3.0,1.0,,,0.308,10
R20210605_0064,2021-06-05,Horse_0722,Horse_0722,Jockey_071,7,せん,1800,芝,良,3,53.4,428.8,3.5,28.0,1.0,3.0,1.0,,1.0,0.5,4
R20210605_0064,2021-06-05,Horse_0219,Horse_0219,Jockey_035,3,牡,1800,芝,良,1,52.0,458.1,1.6,84.0,2.0,7.0,0.0,0.0,0.0,0.0,8
R20210605_0064,2021-06-05,Horse_0550,Horse_0550,Jockey_073,5,せん,1800,芝,良,4,54.4,460.6,-15.3,24.0,3.0,10.333,0.0,,0.0,0.143,14
R20210605_0064,2021-06-05,Horse_0144,Horse_0144,Jockey_046,2,牡,1800,芝,良,13,54.2,468.8,-4.1,49.0,3.0,9.333,0.0,0.0,0.0,0.167,16
R20210605_0064,2021-06-05,Horse_0764,Horse_0764,Jockey_023,3,牝,1800,芝,良,2,54.3,446.6,8.5,32.0,2.0,2.5,0.5,,1.0,0.167,11
R20210605_0064,2021-06-05,Horse_0185,Horse_0185,Jockey_033,3,せん,1800,芝,良,9,52.7,396.7,2.1,24.0,3.0,9.667,0.0,0.0,0.0,0.5,7
R20210605_0064,2021-06-05,Horse_0130,Horse_0130,Jockey_026,2,牡,1800,芝,良,10,54.3,483.1,1.2,75.0,1.0,3.0,1.0,,,0.0,6
R20210605_0064,2021-06-05,Horse_0675,Horse_0675,Jockey_042,6,せん,1800,芝,良,11,54.3,449.4,,,0.0,,,,,0.273,12
R20210605_0064,2021-06-05,Horse_0826,Horse_0826,Jockey_057,6,牝,1800,芝,良,7,54.1,446.2,-14.7,37.0,1.0,2.0,1.0,,,0.2,1
R20210605_0064,2021-06-05,Horse_0863,Horse_0863,Jockey_061,3,牝,1800,芝,良,5,54.2,463.8,-1.2,32.0,1.0,1.0,1.0,,,0.25,3
R20210605_0064,2021-06-05,Horse_0626,Horse_0626,Jockey_067,3,せん,1800,芝,良,15,56.0,439.0,9.6,72.0,2.0,3.0,0.5,,0.5,0.214,2
R20210605_0064,2021-06-05,Horse_0181,Horse_0181,Jockey_051,5,牝,1800,芝,良,8,52.8,454.4,-3.6,135.0,1.0,13.0,0.0,,0.0,0.2,15
R20210605_0064,2021-06-05,Horse_0463,Horse_0463,Jockey_039,5,牡,1800,芝,良,14,53.9,517.0,16.1,47.0,1.0,10.0,0.0,,,0.364,10
R20210605_0064,2021-06-05,Horse_0177,Horse_0177,Jockey_050,4,牡,1800,芝,良,6,53.9,441.8,-4.4,39.0,1.0,13.0,0.0,,,0.5,9
R20210605_0064,2021-06-05,Horse_0797,Horse_0797,Jockey_069,7,せん,1800,芝,良,12,55.1,480.1,-0.5,11.0,1.0,12.0,0.0,,0.0,0.5,5
R20210605_0064,2021-06-05,Horse_0026,Horse_0026,Jockey_011,2,牡,1800,芝,良,16,53.0,471.1,,,0.0,,,,,0.0,13
R20210606_0065,2021-06-06,Horse_0852,Horse_0852,Jockey_061,7,牡,1600,ダート,重,2,56.9,445.3,2.7,76.0,1.0,6.0,0.0,,0.0,0.294,11
R20210606_0065,2021-06-06,Horse_0293,Horse_0293,Jockey_009,2,牝,1600,ダート,重,11,53.9,509.1,10.3,73.0,2.0,4.5,0.5,1.0,0.0,0.2,3
R20210606_0065,2021-06-06,Horse_0202,Horse_0202,Jockey_037,5,牝,1600,ダート,重,1,54.2,526.7,-1.4,35.0,3.0,11.333,0.0,,,0.273,7
R20210606_0065,2021-06-06,Horse_0239,Horse_0239,Jockey_024,4,牡,1600,ダート,重,3,54.6,477.5,,,0.0,,,,,0.125,6
R20210606_0065,2021-06-06,Horse_0669,Horse_0669,Jockey_048,2,牡,1600,ダート,重,5,55.6,498.8,8.4,90.0,2.0,11.5,0.0,0.0,0.0,0.214,13
R20210606_0065,2021-06-06,Horse_0284,Horse_0284,Jockey_043,3,牡,1600,ダート,重,14,56.1,450.1,,,0.0,,,,,0.0,4
R20210606_0065,2021-06-06,Horse_0016,Horse_0016,Jockey_070,3,牡,1600,ダート,重,4,56.4,433.7,4.1,142.0,1.0,10.0,0.0,,,0.125,2
R20210606_0065,2021-06-06,Horse_0382,Horse_0382,Jockey_068,7,牡,1600,ダート,重,8,54.4,468.1,-4.2,115.0,2.0,5.5,0.5,0.0,,0.167,12
R20210606_0065,2021-06-06,Horse_0687,Horse_0687,Jockey_063,7,牝,1600,ダート,重,12,54.0,471.9,-14.4,40.0,2.0,9.5,0.0,0.0,0.0,0.0,5
R20210606_0065,2021-06-06,Horse_0146,Horse_0146,Jockey_067,2,牡,1600,ダート,重,9,53.3,520.7,11.1,138.0,1.0,12.0,0.0,0.0,0.0,0.267,15
R20210606_0065,2021-06-06,Horse_0844,Horse_0844,Jockey_042,2,牡,1600,ダート,重,15,55.3,554.7,-16.2,18.0,2.0,9.5,0.0,,0.0,0.25,14
R20210606_0065,2021-06-06,Horse_0769,Horse_0769,Jockey_053,6,牡,1600,ダート,重,10,55.2,464.6,-2.0,41.0,2.0,5.0,0.5,1.0,,0.1,9
R20210606_0065,2021-06-06,Horse_0481,Horse_0481,Jockey_004,5,牝,1600,ダート,重,6,54.9,411.1,,,0.0,,,,,0.083,8
R20210606_0065,2021-06-06,Horse_0114,Horse_0114,Jockey_074,2,牡,1600,ダート,重,7,54.1,456.6,-2.1,59.0,1.0,1.0,1.0,1.0,,0.25,1
R20210606_0065,2021-06-06,Horse_0599,Horse_0599,Jockey_079,4,牡,1600,ダート,重,13,56.9,463.2,-1.0,12.0,2.0,7.0,0.0,,0.0,0.2,10
R20210609_0066,2021-06-09,Horse_0409,Horse_0409,Jockey_044,4,牡,1800,ダート,良,7,54.1,496.8,-4.0,51.0,1.0,9.0,0.0,,0.0,0.2,7
R20210609_0066,2021-06-09,Horse_0419,Horse_0419,Jockey_005,4,牝,1800,ダート,良,3,53.6,525.7,,,0.0,,,,,0.375,1
R20210609_0066,2021-06-09,Horse_0189,Horse_0189,Jockey_063,3,牝,1800,ダート,良,8,55.0,413.1,-15.9,43.0,2.0,6.5,0.0,,0.0,0.0,6
R20210609_0066,2021-06-09,Horse_0475,Horse_0475,Jockey_060,7,牡,1800,ダート,良,5,54.5,453.2,,,0.0,,,,,0.0,5
R20210609_0066,2021-06-09,Horse_0561,Horse_0561,Jockey_080,6,牝,1800,ダート,良,1,53.9,479.7,,,0.0,,,,,0.091,4
R20210609_0066,2021-06-09,Horse_0335,Horse_0335,Jockey_074,6,牝,1800,ダート,良,2,54.9,408.1,-11.9,156.0,1.0,9.0,0.0,,0.0,0.333,8
R20210609_0066,2021-06-09,Horse_0546,Horse_0546,Jockey_009,2,牝,1800,ダート,良,6,52.9,415.0,7.3,62.0,2.0,5.0,0.0,,0.0,0.333,2
R20210609_0066,2021-06-09,Horse_0569,Horse_0569,Jockey_026,4,牡,1800,ダート,良,4,55.5,491.8,,,0.0,,,,,0.0,3
R20210612_0067,2021-06-12,Horse_0858,Horse_0858,Jockey_061,5,牝,2400,ダート,重,8,55.4,490.0,-6.1,47.0,2.0,5.0,0.0,,0.0,0.278,1
R20210612_0067,2021-06-12,Horse_0879,Horse_0879,Jockey_060,7,牡,2400,ダート,重,3,55.7,484.2,6.3,47.0,3.0,3.667,0.667,,0.5,0.0,12
R20210612_0067,2021-06-12,Horse_0326,Horse_0326,Jockey_012,4,牝,2400,ダート,重,2,53.9,499.4,4.4,24.0,1.0,11.0,0.0,,0.0,0.214,10
R20210612_0067,2021-06-12,Horse_0880,Horse_0880,Jockey_046,7,牝,2400,ダート,重,11,53.1,478.0,-4.9,20.0,1.0,9.0,0.0,0.0,,0.154,11
R20210612_0067,2021-06-12,Horse_0838,Horse_0838,Jockey_075,5,牡,2400,ダート,重,6,54.0,509.2,-7.6,77.0,2.0,7.5,0.5,0.5,,0.444,6
R20210612_0067,2021-06-12,Horse_0854,Horse_0854,Jockey_026,3,牝,2400,ダート,重,10,55.0,453.6,-7.6,20.0,1.0,2.0,1.0,1.0,,0.143,13
R20210612_0067,2021-06-12,Horse_0259,Horse_0259,Jockey_079,6,せん,2400,ダート,重,5,55.3,492.8,8.2,77.0,2.0,8.0,0.0,0.0,,0.182,8
R20210612_0067,2021-06-12,Horse_0379,Horse_0379,Jockey_052,2,牝,2400,ダート,重,4,52.8,513.0,,,0.0,,,,,0.286,4
R20210612_0067,2021-06-12,Horse_0708,Horse_0708,Jockey_007,5,牡,2400,ダート,重,7,54.6,474.0,-4.0,43.0,2.0,2.5,0.5,,,0.111,3
R20210612_0067,2021-06-12,Horse_0580,Horse_0580,Jockey_067,5,牝,2400,ダート,重,13,55.2,539.7,-6.3,101.0,3.0,5.0,0.333,,,0.25,5
R20210612_0067,2021-06-12,Horse_0030,Horse_0030,Jockey_072,6,牡,2400,ダート,重,9,55.2,459.3,-4.3,20.0,2.0,6.5,0.0,0.0,0.0,0.231,7
R20210612_0067,2021-06-12,Horse_0213,Horse_0213,Jockey_025,7,牝,2400,ダート,重,1,53.1,453.8,-11.8,96.0,1.0,3.0,1.0,,,0.4,2
R20210612_0067,2021-06-12,Horse_0785,Horse_0785,Jockey_069,2,牡,2400,ダート,重,12,53.1,484.1,-1.1,24.0,2.0,4.0,0.5,,1.0,0.455,9
R20210614_0068,2021-06-14,Horse_0261,Horse_0261,Jockey_071,3,牝,1400,芝,稍重,5,54.6,463.3,-8.5,146.0,1.0,1.0,1.0,,,0.444,6
R20210614_0068,2021-06-14,Horse_0187,Horse_0187,Jockey_075,3,牡,1400,芝,稍重,4,57.2,437.2,6.0,26.0,2.0,4.5,0.5,,,0.4,2
R20210614_0068,2021-06-14,Horse_0083,Horse_0083,Jockey_019,3,牡,1400,芝,稍重,2,52.9,465.8,5.4,108.0,2.0,13.5,0.0,0.0,0.0,0.4,12
R20210614_0068,2021-06-14,Horse_0629,Horse_0629,Jockey_055,5,牡,1400,芝,稍重,3,53.5,502.8,1.5,103.0,2.0,8.5,0.0,0.0,0.0,0.0,5
R20210614_0068,2021-06-14,Horse_0896,Horse_0896,Jockey_023,6,牝,1400,芝,稍重,1,54.4,473.2,1.5,49.0,2.0,8.0,0.0,,0.0,0.143,9
R20210614_0068,2021-06-14,Horse_0090,Horse_0090,Jockey_049,2,牝,1400,芝,稍重,6,56.7,487.2,-10.2,77.0,2.0,2.0,1.0,,1.0,0.25,3
R20210614_0068,2021-06-14,Horse_0407,Horse_0407,Jockey_077,5,牝,1400,芝,稍重,13,56.9,448.3,6.3,108.0,1.0,5.0,0.0,0.0,0.0,0.0,13
R20210614_0068,2021-06-14,Horse_0329,Horse_0329,Jockey_068,5,牡,1400,芝,稍重,10,53.8,423.5,,,0.0,,,,,0.154,1
R20210614_0068,2021-06-14,Horse_0568,Horse_0568,Jockey_012,5,牝,1400,芝,稍重,8,54.6,513.7,,,0.0,,,,,0.2,7
R20210614_0068,2021-06-14,Horse_0619,Horse_0619,Jockey_006,5,牡,1400,芝,稍重,12,53.2,512.2,8.6,49.0,1.0,6.0,0.0,,0.0,0.375,8
R20210614_0068,2021-06-14,Horse_0488,Horse_0488,Jockey_080,2,牡,1400,芝,稍重,11,58.0,470.8,,,0.0,,,,,0.083,4
R20210614_0068,2021-06-14,Horse_0451,Horse_0451,Jockey_063,2,牡,1400,芝,稍重,9,54.9,410.3,,,0.0,,,,,0.0,10
R20210614_0068,2021-06-14,Horse_0808,Horse_0808,Jockey_046,5,せん,1400,芝,稍重,7,53.2,459.2,1.2,108.0,1.0,12.0,0.0,0.0,0.0,0.143,11
R20210616_0069,2021-06-16,Horse_0851,Horse_0851,Jockey_060,5,せん,2000,芝,良,1,55.0,491.5,,,0.0,,,,,0.0,9
R20210616_0069,2021-06-16,Horse_0754,Horse_0754,Jockey_005,5,牡,2000,芝,良,6,52.6,473.9,,,0.0,,,,,0.444,1
R20210616_0069,2021-06-16,Horse_0300,Horse_0300,Jockey_080,7,牝,2000,芝,良,2,56.7,515.2,15.7,42.0,1.0,7.0,0.0,,0.0,0.077,13
R20210616_0069,2021-06-16,Horse_0028,Horse_0028,Jockey_017,5,牡,2000,芝,良,4,55.2,440.5,-9.8,89.0,2.0,9.0,0.0,,0.0,0.5,7
R20210616_0069,2021-06-16,Horse_0651,Horse_0651,Jockey_067,4,牡,2000,芝,良,7,55.5,476.6,9.9,81.0,3.0,7.333,0.333,0.0,0.333,0.235,4
R20210616_0069,2021-06-16,Horse_0166,Horse_0166,Jockey_007,3,せん,2000,芝,良,8,55.2,479.4,-2.5,92.0,2.0,13.5,0.0,0.0,0.0,0.2,14
R20210616_0069,2021-06-16,Horse_0197,Horse_0197,Jockey_022,3,牡,2000,芝,良,3,54.5,484.2,,,0.0,,,,,0.333,8
R20210616_0069,2021-06-16,Horse_0635,Horse_0635,Jockey_026,2,牡,2000,芝,良,13,54.8,466.9,,,0.0,,,,,0.125,3
R20210616_0069,2021-06-16,Horse_0398,Horse_0398,Jockey_034,2,牝,2000,芝,良,12,55.2,459.5,8.2,42.0,3.0,6.333,0.0,0.0,0.0,0.125,11
R20210616_0069,2021-06-16,Horse_0146,Horse_0146,Jockey_071,2,牡,2000,芝,良,14,53.5,524.5,3.8,10.0,2.0,13.5,0.0,,,0.4,12
R20210616_0069,2021-06-16,Horse_0713,Horse_0713,Jockey_045,4,牡,2000,芝,良,9,54.7,472.5,9.6,148.0,1.0,10.0,0.0,,,0.4,6
R20210616_0069,2021-06-16,Horse_0321,Horse_0321,Jockey_008,6,牝,2000,芝,良,11,53.9,478.2,6.6,15.0,2.0,3.5,0.5,,0.0,0.143,5
R20210616_0069,2021-06-16,Horse_0532,Horse_0532,Jockey_006,3,牝,2000,芝,良,10,55.5,489.3,-0.9,139.0,1.0,5.0,0.0,,,0.333,2
R20210616_0069,2021-06-16,Horse_0397,Horse_0397,Jockey_051,5,牝,2000,芝,良,5,56.0,452.3,18.0,32.0,2.0,11.5,0.0,0.0,0.0,0.167,10
R20210619_0070,2021-06-19,Horse_0215,Horse_0215,Jockey_067,4,牡,1600,ダート,良,9,53.9,478.0,6.8,102.0,1.0,5.0,0.0,,,0.222,8
R20210619_0070,2021-06-19,Horse_0566,Horse_0566,Jockey_070,4,牝,1600,ダート,良,7,53.9,435.0,,,0.0,,,,,0.176,3
R20210619_0070,2021-06-19,Horse_0682,Horse_0682,Jockey_080,7,牡,1600,ダート,良,10,57.0,469.0,,,0.0,,,,,0.071,7
R20210619_0070,2021-06-19,Horse_0861,Horse_0861,Jockey_064,7,牡,1600,ダート,良,12,54.6,430.6,,,0.0,,,,,0.143,12
R20210619_0070,2021-06-19,Horse_0161,Horse_0161,Jockey_006,5,牝,1600,ダート,良,6,53.7,434.5,0.6,61.0,2.0,2.5,0.5,,0.0,0.4,1
R20210619_0070,2021-06-19,Horse_0291,Horse_0291,Jockey_058,4,牝,1600,ダート,良,8,57.0,429.6,,,0.0,,,,,0.167,9
R20210619_0070,2021-06-19,Horse_0032,Horse_0032,Jockey_032,3,牝,1600,ダート,良,5,53.4,509.8,,,0.0,,,,,0.25,4
R20210619_0070,2021-06-19,Horse_0809,Horse_0809,Jockey_074,4,牡,1600,ダート,良,3,55.2,524.6,,,0.0,,,,,0.3,5
R20210619_0070,2021-06-19,Horse_0080,Horse_0080,Jockey_018,4,牡,1600,ダート,良,2,53.1,471.1,,,0.0,,,,,0.0,6
R20210619_0070,2021-06-19,Horse_0593,Horse_0593,Jockey_044,3,牝,1600,ダート,良,4,55.1,474.4,2.6,86.0,2.0,9.5,0.0,0.0,,0.182,10
R20210619_0070,2021-06-19,Horse_0781,Horse_0781,Jockey_021,6,牡,1600,ダート,良,1,55.5,462.6,,,0.0,,,,,0.111,2
R20210619_0070,2021-06-19,Horse_0393,Horse_0393,Jockey_079,2,牝,1600,ダート,良,11,54.5,448.4,4.1,63.0,1.0,1.0,1.0,,1.0,0.167,11
R20210621_0071,2021-06-21,Horse_0773,Horse_0773,Jockey_025,3,牡,1600,芝,不良,1,53.7,465.3,-2.0,23.0,4.0,9.0,0.0,0.0,0.0,0.455,5
R20210621_0071,2021-06-21,Horse_0362,Horse_0362,Jockey_078,7,せん,1600,芝,不良,10,53.2,464.6,,,0.0,,,,,0.25,8
R20210621_0071,2021-06-21,Horse_0297,Horse_0297,Jockey_062,5,牡,1600,芝,不良,11,53.8,437.4,,,0.0,,,,,0.167,11
R20210621_0071,2021-06-21,Horse_0675,Horse_0675,Jockey_023,6,せん,1600,芝,不良,5,53.5,444.7,-4.7,16.0,1.0,12.0,0.0,,0.0,0.125,14
R20210621_0071,2021-06-21,Horse_0601,Horse_0601,Jockey_044,6,牡,1600,芝,不良,3,55.0,476.1,13.6,52.0,1.0,8.0,0.0,,0.0,0.167,10
R20210621_0071,2021-06-21,Horse_0489,Horse_0489,Jockey_048,2,牡,1600,芝,不良,8,55.0,492.5,,,0.0,,,,,0.2,9
R20210621_0071,2021-06-21,Horse_0500,Horse_0500,Jockey_038,3,牝,1600,芝,不良,6,54.6,439.3,-3.3,123.0,1.0,2.0,1.0,1.0,,0.333,4
R20210621_0071,2021-06-21,Horse_0110,Horse_0110,Jockey_010,3,牡,1600,芝,不良,2,55.3,489.9,-0.0,88.0,1.0,8.0,0.0,0.0,0.0,0.3,2
R20210621_0071,2021-06-21,Horse_0870,Horse_0870,Jockey_061,2,せん,1600,芝,不良,7,56.7,525.2,3.1,44.0,2.0,8.5,0.0,0.0,0.0,0.316,12
R20210621_0071,2021-06-21,Horse_0235,Horse_0235,Jockey_030,4,せん,1600,芝,不良,15,54.7,515.6,-4.5,132.0,2.0,9.0,0.0,,0.0,0.0,15
R20210621_0071,2021-06-21,Horse_0419,Horse_0419,Jockey_007,4,牝,1600,芝,不良,14,55.3,519.7,-6.0,12.0,1.0,1.0,1.0,,,0.182,7
R20210621_0071,2021-06-21,Horse_0092,Horse_0092,Jockey_012,6,牝,1600,芝,不良,9,54.4,485.7,11.8,37.0,1.0,1.0,1.0,,1.0,0.188,13
R20210621_0071,2021-06-21,Horse_0769,Horse_0769,Jockey_036,6,牡,1600,芝,不良,4,53.4,453.6,-11.0,15.0,3.0,6.333,0.333,0.5,0.5,0.462,6
R20210621_0071,2021-06-21,Horse_0015,Horse_0015,Jockey_072,6,牝,1600,芝,不良,12,53.9,532.3,,,0.0,,,,,0.214,3
R20210621_0071,2021-06-21,Horse_0490,Horse_0490,Jockey_052,7,せん,1600,芝,不良,13,54.4,444.8,-5.8,63.0,1.0,2.0,1.0,,,0.267,1
R20210623_0072,2021-06-23,Horse_0385,Horse_0385,Jockey_069,6,せん,1600,ダート,良,2,53.6,482.1,-5.2,29.0,2.0,11.0,0.0,0.0,0.0,0.417,4
R20210623_0072,2021-06-23,Horse_0196,Horse_0196,Jockey_022,5,牝,1600,ダート,良,3,54.2,499.7,,,0.0,,,,,0.286,3
R20210623_0072,2021-06-23,Horse_0008,Horse_0008,Jockey_002,3,牝,1600,ダート,良,6,53.8,460.3,,,0.0,,,,,0.75,6
R20210623_0072,2021-06-23,Horse_0101,Horse_0101,Jockey_071,7,牝,1600,ダート,良,5,54.8,489.0,-8.2,63.0,2.0,4.0,0.5,0.5,,0.364,1
R20210623_0072,2021-06-23,Horse_0335,Horse_0335,Jockey_053,6,牝,1600,ダート,良,1,55.4,416.0,7.9,14.0,2.0,8.5,0.0,,0.0,0.091,5
R20210623_0072,2021-06-23,Horse_0565,Horse_0565,Jockey_037,3,牝,1600,ダート,良,4,54.1,466.3,2.6,116.0,2.0,7.5,0.0,,,0.25,7
R20210623_0072,2021-06-23,Horse_0038,Horse_0038,Jockey_051,5,牡,1600,ダート,良,8,52.8,503.9,7.3,136.0,1.0,10.0,0.0,,,0.143,8
R20210623_0072,2021-06-23,Horse_0348,Horse_0348,Jockey_005,3,牝,1600,ダート,良,7,56.3,455.0,-10.8,66.0,2.0,6.5,0.0,,,0.5,2
R20210624_0073,2021-06-24,Horse_0251,Horse_0251,Jockey_059,4,牝,1600,芝,良,10,54.3,456.3,2.0,58.0,3.0,13.667,0.0,0.0,0.0,0.333,1
R20210624_0073,2021-06-24,Horse_0832,Horse_0832,Jockey_076,6,牡,1600,芝,良,4,54.8,390.1,,,0.0,,,,,0.222,3
R20210624_0073,2021-06-24,Horse_0122,Horse_0122,Jockey_055,2,牝,1600,芝,良,9,55.3,480.5,-3.3,152.0,1.0,13.0,0.0,,0.0,0.0,7
R20210624_0073,2021-06-24,Horse_0747,Horse_0747,Jockey_010,5,牝,1600,芝,良,2,52.0,486.4,-3.8,55.0,2.0,10.0,0.0,0.0,0.0,0.364,9
R20210624_0073,2021-06-24,Horse_0512,Horse_0512,Jockey_035,6,牝,1600,芝,良,7,55.4,463.1,,,0.0,,,,,0.0,5
R20210624_0073,2021-06-24,Horse_0808,Horse_0808,Jockey_015,5,せん,1600,芝,良,5,54.5,448.2,-11.0,10.0,2.0,11.5,0.0,,0.0,0.0,6
R20210624_0073,2021-06-24,Horse_0563,Horse_0563,Jockey_072,7,牡,1600,芝,良,1,53.4,486.3,,,0.0,,,,,0.267,4
R20210624_0073,2021-06-24,Horse_0293,Horse_0293,Jockey_053,2,牝,1600,芝,良,3,56.9,503.5,-5.6,18.0,3.0,4.0,0.667,1.0,1.0,0.083,2
R20210624_0073,2021-06-24,Horse_0854,Horse_0854,Jockey_012,3,牝,1600,芝,良,8,54.8,441.4,-12.2,12.0,2.0,7.5,0.5,,1.0,0.176,10
R20210624_0073,2021-06-24,Horse_0513,Horse_0513,Jockey_031,5,牝,1600,芝,良,6,54.2,462.2,-10.2,68.0,1.0,5.0,0.0,,,0.4,8
R20210625_0074,2021-06-25,Horse_0350,Horse_0350,Jockey_067,3,牡,2400,芝,良,3,56.0,465.5,-9.4,27.0,1.0,9.0,0.0,,,0.211,5
R20210625_0074,2021-06-25,Horse_0835,Horse_0835,Jockey_074,6,せん,2400,芝,良,8,56.1,459.9,,,0.0,,,,,0.273,3
R20210625_0074,2021-06-25,Horse_0788,Horse_0788,Jockey_038,7,牝,2400,芝,良,2,54.1,500.0,-16.5,44.0,1.0,10.0,0.0,,0.0,0.3,13
R20210625_0074,2021-06-25,Horse_0336,Horse_0336,Jockey_068,5,せん,2400,芝,良,13,53.1,461.9,-10.7,156.0,1.0,4.0,0.0,,,0.214,8
R20210625_0074,2021-06-25,Horse_0543,Horse_0543,Jockey_016,7,牡,2400,芝,良,4,55.8,482.2,-17.1,59.0,2.0,10.0,0.0,,0.0,0.3,12
R20210625_0074,2021-06-25,Horse_0755,Horse_0755,Jockey_037,5,牝,2400,芝,良,6,55.7,484.0,,,0.0,,,,,0.231,2
R20210625_0074,2021-06-25,Horse_0853,Horse_0853,Jockey_027,7,牡,2400,芝,良,9,56.4,452.5,-1.0,24.0,2.0,7.5,0.0,,,0.143,11
R20210625_0074,2021-06-25,Horse_0191,Horse_0191,Jockey_030,5,せん,2400,芝,良,5,54.6,466.3,,,0.0,,,,,0.0,9
R20210625_0074,2021-06-25,Horse_0473,Horse_0473,Jockey_036,4,牝,2400,芝,良,14,53.3,444.5,-4.9,98.0,2.0,10.5,0.0,0.0,0.0,0.429,7
R20210625_0074,2021-06-25,Horse_0699,Horse_0699,Jockey_039,4,牝,2400,芝,良,10,56.2,493.9,-4.1,48.0,2.0,2.5,1.0,,1.0,0.333,1
R20210625_0074,2021-06-25,Horse_0726,Horse_0726,Jockey_026,5,牡,2400,芝,良,1,54.6,526.2,,,0.0,,,,,0.222,10
R20210625_0074,2021-06-25,Horse_0719,Horse_0719,Jockey_015,2,牝,2400,芝,良,11,53.7,481.7,14.6,138.0,1.0,4.0,0.0,0.0,0.0,0.0,14
R20210625_0074,2021-06-25,Horse_0176,Horse_0176,Jockey_042,2,牡,2400,芝,良,7,52.8,500.8,3.4,90.0,1.0,5.0,0.0,0.0,0.0,0.231,4
R20210625_0074,2021-06-25,Horse_0715,Horse_0715,Jockey_046,2,牝,2400,芝,良,12,53.0,531.1,-3.0,78.0,1.0,9.0,0.0,,0.0,0.133,6
R20210627_0075,2021-06-27,Horse_0050,Horse_0050,Jockey_059,6,牝,1800,芝,良,7,54.0,450.5,-4.3,121.0,1.0,15.0,0.0,,0.0,0.4,11
R20210627_0075,2021-06-27,Horse_0580,Horse_0580,Jockey_002,5,牝,1800,芝,良,8,56.1,539.7,0.0,15.0,4.0,5.667,0.25,,0.333,0.667,1
R20210627_0075,2021-06-27,Horse_0805,Horse_0805,Jockey_026,5,せん,1800,芝,良,2,53.9,501.8,,,0.0,,,,,0.2,4
R20210627_0075,2021-06-27,Horse_0649,Horse_0649,Jockey_067,4,牝,1800,芝,良,6,56.2,488.9,,,0.0,,,,,0.2,10
R20210627_0075,2021-06-27,Horse_0638,Horse_0638,Jockey_003,4,せん,1800,芝,良,3,56.0,445.5,-3.4,97.0,1.0,8.0,0.0,,,0.222,9
R20210627_0075,2021-06-27,Horse_0504,Horse_0504,Jockey_033,7,牝,1800,芝,良,5,52.9,505.4,11.2,97.0,1.0,4.0,0.0,,,0.444,5
R20210627_0075,2021-06-27,Horse_0514,Horse_0514,Jockey_016,6,牝,1800,芝,良,1,56.6,489.9,-3.2,103.0,2.0,3.0,0.5,,0.5,0.273,8
R20210627_0075,2021-06-27,Horse_0541,Horse_0541,Jockey_020,5,牝,1800,芝,良,11,56.2,429.1,-6.4,29.0,1.0,3.0,1.0,,,0.222,6
R20210627_0075,2021-06-27,Horse_0872,Horse_0872,Jockey_009,7,牝,1800,芝,良,9,53.0,463.3,-0.6,157.0,1.0,2.0,1.0,,1.0,0.429,3
R20210627_0075,2021-06-27,Horse_0748,Horse_0748,Jockey_025,4,せん,1800,芝,良,10,53.8,449.5,,,0.0,,,,,0.417,2
R20210627_0075,2021-06-27,Horse_0568,Horse_0568,Jockey_029,5,牝,1800,芝,良,4,54.6,526.4,12.7,13.0,1.0,7.0,0.0,,0.0,0.538,7
R20210629_0076,2021-06-29,Horse_0201,Horse_0201,Jockey_075,3,牡,1600,芝,良,5,54.3,474.8,-0.8,56.0,1.0,7.0,0.0,0.0,,0.455,4
R20210629_0076,2021-06-29,Horse_0442,Horse_0442,Jockey_051,2,牝,1600,芝,良,6,51.8,505.4,-6.3,66.0,1.0,8.0,0.0,,0.0,0.125,5
R20210629_0076,2021-06-29,Horse_0555,Horse_0555,Jockey_062,4,牡,1600,芝,良,8,55.1,435.7,,,0.0,,,,,0.154,6
R20210629_0076,2021-06-29,Horse_0599,Horse_0599,Jockey_069,4,牡,1600,芝,良,2,56.3,454.3,-8.9,23.0,3.0,8.0,0.0,0.0,0.0,0.385,3
R20210629_0076,2021-06-29,Horse_0582,Horse_0582,Jockey_055,5,せん,1600,芝,良,1,54.3,439.0,-12.9,112.0,1.0,8.0,0.0,,0.0,0.0,7
R20210629_0076,2021-06-29,Horse_0096,Horse_0096,Jockey_059,5,牝,1600,芝,良,4,54.5,484.1,3.7,82.0,2.0,6.5,0.0,0.0,0.0,0.364,2
R20210629_0076,2021-06-29,Horse_0104,Horse_0104,Jockey_022,4,牡,1600,芝,良,7,53.1,463.0,-7.9,150.0,1.0,11.0,0.0,,0.0,0.375,9
R20210629_0076,2021-06-29,Horse_0314,Horse_0314,Jockey_008,3,牝,1600,芝,良,9,55.2,474.5,,,0.0,,,,,0.125,8
R20210629_0076,2021-06-29,Horse_0332,Horse_0332,Jockey_039,2,牝,1600,芝,良,3,53.5,426.3,,,0.0,,,,,0.385,1
R20210701_0077,2021-07-01,Horse_0589,Horse_0589,Jockey_078,5,牝,1200,ダート,良,6,53.4,501.8,13.1,120.0,1.0,10.0,0.0,,,0.222,3
R20210701_0077,2021-07-01,Horse_0415,Horse_0415,Jockey_074,7,牡,1200,ダート,良,8,56.3,498.0,,,0.0,,,,,0.333,2
R20210701_0077,2021-07-01,Horse_0370,Horse_0370,Jockey_070,7,牝,1200,ダート,良,2,54.9,502.3,23.6,37.0,2.0,3.0,0.5,,,0.222,6
R20210701_0077,2021-07-01,Horse_0428,Horse_0428,Jockey_041,3,牡,1200,ダート,良,5,53.3,445.9,0.0,94.0,2.0,5.5,0.5,1.0,0.5,0.267,1
R20210701_0077,2021-07-01,Horse_0801,Horse_0801,Jockey_034,6,牝,1200,ダート,良,7,52.8,484.9,-0.8,127.0,1.0,8.0,0.0,,0.0,0.111,5
R20210701_0077,2021-07-01,Horse_0301,Horse_0301,Jockey_045,6,牡,1200,ダート,良,1,54.4,483.2,-2.9,47.0,1.0,13.0,0.0,,,0.364,4
R20210701_0077,2021-07-01,Horse_0292,Horse_0292,Jockey_013,7,牡,1200,ダート,良,3,53.7,454.4,-1.0,71.0,2.0,10.0,0.0,,,0.091,8
R20210701_0077,2021-07-01,Horse_0861,Horse_0861,Jockey_009,7,牡,1200,ダート,良,4,55.4,442.3,11.7,12.0,1.0,12.0,0.0,,0.0,0.5,7
R20210705_0078,2021-07-05,Horse_0085,Horse_0085,Jockey_048,5,牡,2000,ダート,良,9,55.8,453.6,,,0.0,,,,,0.188,14
R20210705_0078,2021-07-05,Horse_0133,Horse_0133,Jockey_053,2,牡,2000,ダート,良,4,55.1,471.5,,,0.0,,,,,0.154,3
R20210705_0078,2021-07-05,Horse_0116,Horse_0116,Jockey_079,5,牝,2000,ダート,良,10,54.2,486.9,-16.1,58.0,2.0,1.5,1.0,,,0.154,13
R20210705_0078,2021-07-05,Horse_0625,Horse_0625,Jockey_077,2,牡,2000,ダート,良,12,54.5,504.1,8.9,165.0,1.0,3.0,1.0,,,0.0,4
R20210705_0078,2021-07-05,Horse_0372,Horse_0372,Jockey_036,2,牝,2000,ダート,良,8,55.9,429.1,5.2,67.0,1.0,7.0,0.0,,0.0,0.4,12
R20210705_0078,2021-07-05,Horse_0500,Horse_0500,Jockey_064,3,牝,2000,ダート,良,11,55.6,439.3,0.0,14.0,2.0,3.0,0.5,,1.0,0.133,8
R20210705_0078,2021-07-05,Horse_0826,Horse_0826,Jockey_041,6,牝,2000,ダート,良,5,53.6,457.3,11.1,30.0,2.0,1.5,1.0,,1.0,0.312,5
R20210705_0078,2021-07-05,Horse_0682,Horse_0682,Jockey_026,7,牡,2000,ダート,良,2,53.9,476.9,7.9,16.0,1.0,7.0,0.0,,0.0,0.182,10
R20210705_0078,2021-07-05,Horse_0031,Horse_0031,Jockey_013,6,牝,2000,ダート,良,1,54.4,502.8,-9.2,41.0,2.0,5.0,0.0,0.0,,0.083,9
R20210705_0078,2021-07-05,Horse_0882,Horse_0882,Jockey_001,5,牝,2000,ダート,良,7,54.1,452.9,,,0.0,,,,,0.2,1
R20210705_0078,2021-07-05,Horse_0844,Horse_0844,Jockey_029,2,牡,2000,ダート,良,6,52.9,572.5,17.8,29.0,3.0,11.0,0.0,,0.0,0.5,15
R20210705_0078,2021-07-05,Horse_0099,Horse_0099,Jockey_003,3,牡,2000,ダート,良,13,55.6,479.7,-5.1,84.0,2.0,5.5,0.0,,0.0,0.2,2
R20210705_0078,2021-07-05,Horse_0513,Horse_0513,Jockey_045,5,牝,2000,ダート,良,15,54.6,464.0,1.8,11.0,2.0,6.5,0.0,0.0,0.0,0.333,7
R20210705_0078,2021-07-05,Horse_0686,Horse_0686,Jockey_042,7,牡,2000,ダート,良,3,54.7,434.2,3.4,78.0,2.0,2.5,1.0,,,0.214,11
R20210705_0078,2021-07-05,Horse_0635,Horse_0635,Jockey_007,2,牡,2000,ダート,良,14,55.3,464.7,-2.2,19.0,1.0,3.0,1.0,1.0,,0.167,6
R20210707_0079,2021-07-07,Horse_0853,Horse_0853,Jockey_002,7,牡,1600,芝,良,2,56.5,455.0,2.5,12.0,3.0,8.667,0.0,,0.0,0.7,1
R20210707_0079,2021-07-07,Horse_0368,Horse_0368,Jockey_005,5,牝,1600,芝,良,4,54.3,432.0,,,0.0,,,,,0.545,10
R20210707_0079,2021-07-07,Horse_0604,Horse_0604,Jockey_017,7,牡,1600,芝,良,10,54.3,495.1,6.6,35.0,2.0,8.0,0.0,0.0,0.0,0.4,2
R20210707_0079,2021-07-07,Horse_0776,Horse_0776,Jockey_023,3,牡,1600,芝,良,3,55.0,478.1,-3.5,97.0,1.0,4.0,0.0,,,0.111,8
R20210707_0079,2021-07-07,Horse_0052,Horse_0052,Jockey_071,4,牝,1600,芝,良,1,54.2,502.0,,,0.0,,,,,0.417,3
R20210707_0079,2021-07-07,Horse_0191,Horse_0191,Jockey_077,5,せん,1600,芝,良,5,55.0,483.9,17.6,12.0,1.0,9.0,0.0,,0.0,0.0,7
R20210707_0079,2021-07-07,Horse_0615,Horse_0615,Jockey_004,2,牝,1600,芝,良,8,52.8,538.4,11.1,177.0,1.0,15.0,0.0,0.0,0.0,0.077,9
R20210707_0079,2021-07-07,Horse_0644,Horse_0644,Jockey_069,6,牡,1600,芝,良,7,54.8,532.9,-5.4,69.0,1.0,5.0,0.0,0.0,,0.429,4
R20210707_0079,2021-07-07,Horse_0550,Horse_0550,Jockey_047,5,せん,1600,芝,良,6,55.1,465.8,5.2,32.0,4.0,11.333,0.0,0.0,0.0,0.143,5
R20210707_0079,2021-07-07,Horse_0584,Horse_0584,Jockey_078,7,牡,1600,芝,良,9,53.6,508.1,-4.2,167.0,1.0,12.0,0.0,,0.0,0.3,6
R20210709_0080,2021-07-09,Horse_0385,Horse_0385,Jockey_061,6,せん,1600,芝,稍重,4,56.1,479.3,-2.8,16.0,3.0,8.667,0.0,0.0,0.0,0.3,2
R20210709_0080,2021-07-09,Horse_0710,Horse_0710,Jockey_034,4,せん,1600,芝,稍重,2,58.8,419.3,-6.4,41.0,3.0,7.667,0.0,,0.0,0.1,4
R20210709_0080,2021-07-09,Horse_0580,Horse_0580,Jockey_011,5,牝,1600,芝,稍重,6,55.2,535.8,-3.9,12.0,4.0,4.667,0.4,,0.5,0.0,1
R20210709_0080,2021-07-09,Horse_0766,Horse_0766,Jockey_046,5,牝,1600,芝,稍重,5,54.6,445.0,-6.8,135.0,2.0,8.5,0.0,0.0,,0.125,6
R20210709_0080,2021-07-09,Horse_0729,Horse_0729,Jockey_004,6,せん,1600,芝,稍重,1,54.2,494.0,-2.0,58.0,2.0,6.0,0.5,0.0,0.0,0.071,7
R20210709_0080,2021-07-09,Horse_0814,Horse_0814,Jockey_025,5,牝,1600,芝,稍重,9,54.9,430.9,-1.8,123.0,1.0,7.0,0.0,0.0,0.0,0.462,5
R20210709_0080,2021-07-09,Horse_0228,Horse_0228,Jockey_030,3,牡,1600,芝,稍重,10,56.0,543.3,9.4,137.0,1.0,8.0,0.0,,0.0,0.0,9
R20210709_0080,2021-07-09,Horse_0510,Horse_0510,Jockey_015,3,牝,1600,芝,稍重,3,53.4,462.4,12.4,99.0,1.0,9.0,0.0,,,0.0,10
R20210709_0080,2021-07-09,Horse_0295,Horse_0295,Jockey_018,4,牝,1600,芝,稍重,7,54.9,450.8,,,0.0,,,,,0.0,3
R20210709_0080,2021-07-09,Horse_0084,Horse_0084,Jockey_068,4,牝,1600,芝,稍重,8,53.4,481.6,0.3,37.0,2.0,7.0,0.0,,0.0,0.2,8
R20210713_0081,2021-07-13,Horse_0418,Horse_0418,Jockey_005,4,牡,1600,芝,稍重,7,55.7,439.9,1.8,96.0,3.0,5.333,0.0,0.0,0.0,0.5,1
R20210713_0081,2021-07-13,Horse_0671,Horse_0671,Jockey_039,5,牡,1600,芝,稍重,4,57.2,491.2,2.1,42.0,2.0,3.667,0.333,,0.0,0.429,3
R20210713_0081,2021-07-13,Horse_0442,Horse_0442,Jockey_078,2,牝,1600,芝,稍重,5,53.3,499.4,-6.0,14.0,2.0,6.5,0.0,0.0,0.0,0.273,7
R20210713_0081,2021-07-13,Horse_0023,Horse_0023,Jockey_074,6,牝,1600,芝,稍重,3,52.8,455.9,2.4,154.0,1.0,9.0,0.0,,0.0,0.385,4
R20210713_0081,2021-07-13,Horse_0572,Horse_0572,Jockey_062,7,牡,1600,芝,稍重,8,52.4,463.7,-9.5,113.0,1.0,5.0,0.0,,,0.143,5
R20210713_0081,2021-07-13,Horse_0281,Horse_0281,Jockey_002,2,せん,1600,芝,稍重,1,54.7,465.9,-13.7,175.0,1.0,9.0,0.0,0.0,,0.727,6
R20210713_0081,2021-07-13,Horse_0262,Horse_0262,Jockey_060,6,牡,1600,芝,稍重,6,53.7,509.8,-15.4,49.0,3.0,10.333,0.0,,0.0,0.0,8
R20210713_0081,2021-07-13,Horse_0860,Horse_0860,Jockey_080,5,牡,1600,芝,稍重,2,54.9,532.3,,,0.0,,,,,0.067,2
R20210716_0082,2021-07-16,Horse_0211,Horse_0211,Jockey_039,3,牡,2400,芝,稍重,5,55.8,499.2,-12.8,83.0,1.0,4.0,0.0,0.0,0.0,0.467,2
R20210716_0082,2021-07-16,Horse_0254,Horse_0254,Jockey_029,6,牝,2400,芝,稍重,7,56.5,440.0,-4.6,177.0,1.0,3.0,1.0,,,0.467,9
R20210716_0082,2021-07-16,Horse_0016,Horse_0016,Jockey_060,3,牡,2400,芝,稍重,11,56.8,426.3,-7.4,40.0,1.0,6.0,0.5,,0.0,0.0,4
R20210716_0082,2021-07-16,Horse_0258,Horse_0258,Jockey_055,3,牡,2400,芝,稍重,12,53.0,450.4,,,0.0,,,,,0.0,12
R20210716_0082,2021-07-16,Horse_0757,Horse_0757,Jockey_048,3,牡,2400,芝,稍重,2,55.3,443.9,-19.8,47.0,2.0,5.0,0.5,,0.5,0.176,6
R20210716_0082,2021-07-16,Horse_0785,Horse_0785,Jockey_064,2,牡,2400,芝,稍重,4,54.4,490.2,6.1,34.0,3.0,5.667,0.333,0.0,0.0,0.125,8
R20210716_0082,2021-07-16,Horse_0611,Horse_0611,Jockey_006,3,牡,2400,芝,稍重,6,56.0,424.3,-11.9,169.0,1.0,15.0,0.0,,,0.455,11
R20210716_0082,2021-07-16,Horse_0288,Horse_0288,Jockey_001,7,牡,2400,芝,稍重,3,54.9,468.6,0.6,44.0,1.0,6.0,0.0,,0.0,0.25,3
R20210716_0082,2021-07-16,Horse_0249,Horse_0249,Jockey_070,7,牡,2400,芝,稍重,1,56.2,459.0,-2.8,111.0,1.0,15.0,0.0,0.0,0.0,0.211,7
R20210716_0082,2021-07-16,Horse_0323,Horse_0323,Jockey_017,4,牝,2400,芝,稍重,10,53.3,502.2,,,0.0,,,,,0.5,1
R20210716_0082,2021-07-16,Horse_0504,Horse_0504,Jockey_068,7,牝,2400,芝,稍重,8,52.6,498.7,-6.7,19.0,2.0,4.5,0.0,,0.0,0.188,5
R20210716_0082,2021-07-16,Horse_0397,Horse_0397,Jockey_004,5,牝,2400,芝,稍重,9,56.3,445.0,-7.3,30.0,2.0,11.0,0.0,,0.0,0.067,10
R20210719_0083,2021-07-19,Horse_0337,Horse_0337,Jockey_076,5,牝,1200,ダート,重,3,56.0,506.3,17.3,112.0,1.0,13.0,0.0,0.0,0.0,0.3,5
R20210719_0083,2021-07-19,Horse_0752,Horse_0752,Jockey_040,2,牡,1200,ダート,重,4,54.5,470.5,-10.9,68.0,1.0,3.0,1.0,,,0.556,1
R20210719_0083,2021-07-19,Horse_0129,Horse_0129,Jockey_074,4,牡,1200,ダート,重,1,55.8,540.7,1.5,103.0,1.0,7.0,0.0,,,0.357,8
R20210719_0083,2021-07-19,Horse_0655,Horse_0655,Jockey_044,5,牡,1200,ダート,重,6,53.8,523.9,,,0.0,,,,,0.154,2
R20210719_0083,2021-07-19,Horse_0041,Horse_0041,Jockey_001,4,牡,1200,ダート,重,7,52.6,507.3,-4.7,47.0,2.0,8.5,0.0,,0.0,0.294,6
R20210719_0083,2021-07-19,Horse_0207,Horse_0207,Jockey_036,2,せん,1200,ダート,重,2,56.6,411.4,2.6,78.0,2.0,10.333,0.0,0.0,0.0,0.375,7
R20210719_0083,2021-07-19,Horse_0269,Horse_0269,Jockey_026,3,牝,1200,ダート,重,8,56.1,468.6,5.9,128.0,1.0,3.0,0.5,1.0,1.0,0.167,3
R20210719_0083,2021-07-19,Horse_0485,Horse_0485,Jockey_028,2,牝,1200,ダート,重,5,55.0,438.0,,,0.0,,,,,0.333,4
R20210720_0084,2021-07-20,Horse_0362,Horse_0362,Jockey_073,7,せん,1200,ダート,良,13,57.2,463.3,-1.3,29.0,1.0,8.0,0.0,,,0.125,4
R20210720_0084,2021-07-20,Horse_0786,Horse_0786,Jockey_055,5,牝,1200,ダート,良,3,56.0,457.2,,,0.0,,,,,0.0,9
R20210720_0084,2021-07-20,Horse_0589,Horse_0589,Jockey_056,5,牝,1200,ダート,良,10,55.1,504.2,2.4,19.0,2.0,6.5,0.5,1.0,1.0,0.333,5
R20210720_0084,2021-07-20,Horse_0261,Horse_0261,Jockey_018,3,牝,1200,ダート,良,4,57.2,459.8,-3.5,36.0,1.0,3.5,0.5,,1.0,0.143,8
R20210720_0084,2021-07-20,Horse_0292,Horse_0292,Jockey_020,7,牡,1200,ダート,良,2,55.9,457.8,3.4,19.0,3.0,9.333,0.0,0.0,0.0,0.2,12
R20210720_0084,2021-07-20,Horse_0220,Horse_0220,Jockey_022,6,牝,1200,ダート,良,11,56.0,529.3,5.9,144.0,1.0,10.0,0.0,,,0.333,14
R20210720_0084,2021-07-20,Horse_0710,Horse_0710,Jockey_030,4,せん,1200,ダート,良,5,53.9,424.7,5.4,11.0,4.0,7.667,0.0,,0.0,0.0,1
R20210720_0084,2021-07-20,Horse_0771,Horse_0771,Jockey_005,6,牡,1200,ダート,良,7,53.0,524.6,19.8,99.0,1.0,7.0,0.0,,0.0,0.538,3
R20210720_0084,2021-07-20,Horse_0185,Horse_0185,Jockey_053,3,せん,1200,ダート,良,14,54.9,392.6,-4.1,45.0,4.0,8.667,0.0,,0.0,0.214,11
R20210720_0084,2021-07-20,Horse_0805,Horse_0805,Jockey_033,5,せん,1200,ダート,良,6,54.9,502.7,0.9,23.0,1.0,4.0,0.0,,,0.4,2
R20210720_0084,2021-07-20,Horse_0737,Horse_0737,Jockey_063,7,牝,1200,ダート,良,9,54.5,422.1,-1.2,62.0,2.0,8.0,0.0,0.0,0.0,0.0,6
R20210720_0084,2021-07-20,Horse_0650,Horse_0650,Jockey_080,5,牡,1200,ダート,良,1,52.7,428.5,-4.5,90.0,4.0,3.0,0.5,0.0,0.0,0.125,7
R20210720_0084,2021-07-20,Horse_0365,Horse_0365,Jockey_006,5,牡,1200,ダート,良,8,54.0,467.8,18.4,76.0,1.0,4.0,0.0,,,0.417,13
R20210720_0084,2021-07-20,Horse_0084,Horse_0084,Jockey_025,4,牝,1200,ダート,良,15,53.6,492.8,11.2,11.0,3.0,7.333,0.0,,,0.429,15
R20210720_0084,2021-07-20,Horse_0661,Horse_0661,Jockey_023,3,牝,1200,ダート,良,12,55.9,517.5,-12.6,69.0,2.0,2.0,1.0,,,0.1,10
R20210723_0085,2021-07-23,Horse_0008,Horse_0008,Jockey_022,3,牝,2400,ダート,重,11,54.9,457.5,-2.8,30.0,1.0,6.0,0.0,,0.0,0.3,9
R20210723_0085,2021-07-23,Horse_0176,Horse_0176,Jockey_018,2,牡,2400,ダート,重,2,57.3,501.2,0.4,28.0,2.0,4.5,0.0,0.0,,0.125,1
R20210723_0085,2021-07-23,Horse_0819,Horse_0819,Jockey_044,7,牝,2400,ダート,重,1,54.5,440.7,15.9,90.0,3.0,5.0,0.667,1.0,,0.214,16
R20210723_0085,2021-07-23,Horse_0810,Horse_0810,Jockey_071,4,牝,2400,ダート,重,7,56.2,432.8,-5.8,82.0,1.0,7.0,0.0,,,0.462,5
R20210723_0085,2021-07-23,Horse_0108,Horse_0108,Jockey_029,4,牡,2400,ダート,重,8,54.4,430.2,7.3,65.0,3.0,6.667,0.333,,0.0,0.438,14
R20210723_0085,2021-07-23,Horse_0815,Horse_0815,Jockey_026,7,牝,2400,ダート,重,10,53.6,496.1,,,0.0,,,,,0.231,2
R20210723_0085,2021-07-23,Horse_0174,Horse_0174,Jockey_069,6,牡,2400,ダート,重,13,55.3,462.9,-3.1,80.0,2.0,12.5,0.0,,0.0,0.4,7
R20210723_0085,2021-07-23,Horse_0291,Horse_0291,Jockey_013,4,牝,2400,ダート,重,16,53.4,442.7,13.1,34.0,1.0,9.0,0.0,,0.0,0.077,11
R20210723_0085,2021-07-23,Horse_0630,Horse_0630,Jockey_020,3,牡,2400,ダート,重,5,56.0,447.7,14.5,170.0,1.0,4.0,0.0,,,0.182,13
R20210723_0085,2021-07-23,Horse_0282,Horse_0282,Jockey_037,5,牡,2400,ダート,重,14,55.7,448.7,,,0.0,,,,,0.286,12
R20210723_0085,2021-07-23,Horse_0467,Horse_0467,Jockey_010,7,牡,2400,ダート,重,15,54.3,493.6,-11.9,51.0,2.0,12.0,0.0,,,0.333,8
R20210723_0085,2021-07-23,Horse_0347,Horse_0347,Jockey_058,4,せん,2400,ダート,重,6,53.3,462.5,4.8,145.0,1.0,7.5,0.0,0.0,0.0,0.158,10
R20210723_0085,2021-07-23,Horse_0003,Horse_0003,Jockey_053,7,牝,2400,ダート,重,3,56.1,459.7,2.4,158.0,1.0,10.0,0.0,,,0.2,6
R20210723_0085,2021-07-23,Horse_0657,Horse_0657,Jockey_005,6,牡,2400,ダート,重,9,55.7,449.7,-2.2,80.0,1.0,12.0,0.0,,0.0,0.571,15
R20210723_0085,2021-07-23,Horse_0654,Horse_0654,Jockey_034,4,牝,2400,ダート,重,12,54.9,481.2,7.0,84.0,1.0,3.0,1.0,,,0.091,4
R20210723_0085,2021-07-23,Horse_0718,Horse_0718,Jockey_036,5,牝,2400,ダート,重,4,53.3,470.7,16.3,55.0,1.0,6.5,0.0,0.0,0.0,0.353,3
R20210724_0086,2021-07-24,Horse_0022,Horse_0022,Jockey_057,4,牝,1200,芝,良,8,54.3,441.0,,,0.0,,,,,0.273,4
R20210724_0086,2021-07-24,Horse_0162,Horse_0162,Jockey_065,7,牡,1200,芝,良,4,55.2,504.0,-12.5,70.0,1.0,3.0,1.0,,1.0,0.75,10
R20210724_0086,2021-07-24,Horse_0214,Horse_0214,Jockey_056,6,牡,1200,芝,良,3,55.3,436.5,0.2,156.0,1.0,3.0,0.5,,1.0,0.3,9
R20210724_0086,2021-07-24,Horse_0447,Horse_0447,Jockey_011,2,牝,1200,芝,良,11,57.1,444.4,-0.9,83.0,1.0,4.0,0.0,,0.0,0.111,7
R20210724_0086,2021-07-24,Horse_0843,Horse_0843,Jockey_071,4,牝,1200,芝,良,5,53.9,460.1,,,0.0,,,,,0.429,5
R20210724_0086,2021-07-24,Horse_0283,Horse_0283,Jockey_032,7,牝,1200,芝,良,13,57.6,533.1,-3.4,184.0,0.0,5.0,0.0,,0.0,0.2,12
R20210724_0086,2021-07-24,Horse_0320,Horse_0320,Jockey_019,6,牡,1200,芝,良,6,54.2,416.3,-15.5,94.0,2.0,4.5,0.5,,0.5,0.375,8
R20210724_0086,2021-07-24,Horse_0367,Horse_0367,Jockey_034,5,牡,1200,芝,良,1,58.3,474.5,-5.8,127.0,3.0,3.667,0.667,,0.667,0.083,2
R20210724_0086,2021-07-24,Horse_0568,Horse_0568,Jockey_025,5,牝,1200,芝,良,14,54.1,503.5,-22.9,27.0,2.0,7.0,0.0,,0.0,0.4,14
R20210724_0086,2021-07-24,Horse_0797,Horse_0797,Jockey_030,7,せん,1200,芝,良,10,55.7,480.1,0.0,49.0,2.0,8.5,0.0,,0.0,0.071,6
R20210724_0086,2021-07-24,Horse_0848,Horse_0848,Jockey_024,3,牝,1200,芝,良,12,53.8,422.9,2.4,152.0,1.0,4.0,0.0,,0.0,0.111,15
R20210724_0086,2021-07-24,Horse_0024,Horse_0024,Jockey_050,6,牡,1200,芝,良,9,55.3,462.8,4.5,94.0,2.0,5.5,0.0,0.0,0.0,0.455,11
R20210724_0086,2021-07-24,Horse_0667,Horse_0667,Jockey_005,4,牡,1200,芝,良,7,53.8,466.2,2.2,121.0,1.0,5.5,0.0,,0.0,0.533,1
R20210724_0086,2021-07-24,Horse_0091,Horse_0091,Jockey_074,2,牡,1200,芝,良,2,56.5,473.0,14.2,83.0,3.0,6.0,0.0,,0.0,0.333,13
R20210724_0086,2021-07-24,Horse_0068,Horse_0068,Jockey_052,2,牡,1200,芝,良,15,53.2,514.3,4.8,73.0,3.0,8.333,0.0,,0.0,0.312,3
R20210727_0087,2021-07-27,Horse_0684,Horse_0684,Jockey_077,4,牝,2000,芝,不良,8,54.5,431.6,,,0.0,,,,,0.0,11
R20210727_0087,2021-07-27,Horse_0227,Horse_0227,Jockey_025,2,牝,2000,芝,不良,5,54.8,474.3,-10.1,168.0,1.0,2.0,1.0,1.0,1.0,0.375,3
R20210727_0087,2021-07-27,Horse_0002,Horse_0002,Jockey_066,6,牝,2000,芝,不良,2,54.0,461.5,-10.3,86.0,2.0,6.0,0.333,1.0,0.5,0.333,2
R20210727_0087,2021-07-27,Horse_0660,Horse_0660,Jockey_065,2,牝,2000,芝,不良,11,52.1,496.4,20.2,63.0,3.0,4.333,0.333,0.0,0.333,0.6,1
R20210727_0087,2021-07-27,Horse_0380,Horse_0380,Jockey_039,5,牡,2000,芝,不良,3,55.1,490.8,10.4,76.0,3.0,8.667,0.0,0.0,0.0,0.5,5
R20210727_0087,2021-07-27,Horse_0715,Horse_0715,Jockey_014,2,牝,2000,芝,不良,1,53.2,542.7,11.6,32.0,2.0,7.5,0.0,,0.0,0.125,6
R20210727_0087,2021-07-27,Horse_0778,Horse_0778,Jockey_078,3,牝,2000,芝,不良,10,57.0,455.6,,,0.0,,,,,0.25,7
R20210727_0087,2021-07-27,Horse_0608,Horse_0608,Jockey_057,7,牝,2000,芝,不良,9,54.1,425.2,6.7,99.0,3.0,10.667,0.0,0.0,0.0,0.25,9
R20210727_0087,2021-07-27,Horse_0180,Horse_0180,Jockey_042,5,牝,2000,芝,不良,4,56.1,477.8,13.8,80.0,2.0,6.0,0.0,,0.0,0.2,4
R20210727_0087,2021-07-27,Horse_0332,Horse_0332,Jockey_007,2,牝,2000,芝,不良,6,55.1,425.1,-1.2,28.0,1.0,1.0,1.0,,1.0,0.154,10
R20210727_0087,2021-07-27,Horse_0239,Horse_0239,Jockey_072,4,牡,2000,芝,不良,7,56.1,467.2,-10.3,51.0,1.0,6.0,0.0,,,0.25,8
R20210729_0088,2021-07-29,Horse_0120,Horse_0120,Jockey_059,3,牝,1400,芝,良,4,53.6,451.7,6.4,126.0,1.0,13.5,0.0,0.0,0.0,0.417,16
R20210729_0088,2021-07-29,Horse_0785,Horse_0785,Jockey_051,2,牡,1400,芝,良,14,54.0,478.5,-11.7,13.0,4.0,6.667,0.25,,0.0,0.111,3
R20210729_0088,2021-07-29,Horse_0373,Horse_0373,Jockey_076,5,牡,1400,芝,良,2,55.5,466.8,3.0,75.0,3.0,9.667,0.0,0.0,0.0,0.273,13
R20210729_0088,2021-07-29,Horse_0755,Horse_0755,Jockey_014,5,牝,1400,芝,良,13,56.2,491.9,7.9,34.0,1.0,2.0,1.0,,1.0,0.111,12
R20210729_0088,2021-07-29,Horse_0032,Horse_0032,Jockey_079,3,牝,1400,芝,良,3,56.3,516.3,6.5,40.0,1.0,4.0,0.0,,,0.143,5
R20210729_0088,2021-07-29,Horse_0559,Horse_0559,Jockey_005,2,牝,1400,芝,良,7,56.1,512.5,7.4,189.0,0.0,4.0,0.0,0.0,0.0,0.562,1
R20210729_0088,2021-07-29,Horse_0489,Horse_0489,Jockey_074,2,牡,1400,芝,良,15,55.4,489.0,-3.5,38.0,1.0,9.0,0.0,,0.0,0.312,14
R20210729_0088,2021-07-29,Horse_0037,Horse_0037,Jockey_028,2,牝,1400,芝,良,9,55.7,504.2,-5.1,172.0,1.0,3.0,1.0,,1.0,0.3,11
R20210729_0088,2021-07-29,Horse_0066,Horse_0066,Jockey_070,6,牡,1400,芝,良,10,54.4,434.3,1.7,71.0,3.0,6.667,0.0,0.0,0.0,0.2,9
R20210729_0088,2021-07-29,Horse_0627,Horse_0627,Jockey_008,3,牡,1400,芝,良,8,56.4,475.6,4.4,58.0,1.0,3.0,1.0,,,0.111,7
R20210729_0088,2021-07-29,Horse_0368,Horse_0368,Jockey_045,5,牝,1400,芝,良,16,57.6,421.8,-10.2,22.0,1.0,10.0,0.0,,0.0,0.308,8
R20210729_0088,2021-07-29,Horse_0457,Horse_0457,Jockey_010,7,牝,1400,芝,良,6,53.1,482.9,,,0.0,,,,,0.308,4
R20210729_0088,2021-07-29,Horse_0464,Horse_0464,Jockey_007,6,せん,1400,芝,良,11,56.0,436.4,-11.3,182.0,0.0,11.0,0.0,0.0,,0.143,15
R20210729_0088,2021-07-29,Horse_0473,Horse_0473,Jockey_004,4,牝,1400,芝,良,1,54.0,442.0,-2.5,34.0,3.0,9.333,0.0,0.0,0.0,0.062,6
R20210729_0088,2021-07-29,Horse_0053,Horse_0053,Jockey_034,2,牡,1400,芝,良,12,55.4,515.8,-3.3,142.0,1.0,6.0,0.0,0.0,0.0,0.154,10
R20210729_0088,2021-07-29,Horse_0119,Horse_0119,Jockey_056,4,牝,1400,芝,良,5,54.3,410.8,18.4,124.0,1.0,1.0,1.0,,1.0,0.273,2
R20210730_0089,2021-07-30,Horse_0580,Horse_0580,Jockey_037,5,牝,1600,ダート,稍重,7,54.2,537.7,1.9,21.0,4.0,2.333,0.4,1.0,0.0,0.267,2
R20210730_0089,2021-07-30,Horse_0638,Horse_0638,Jockey_030,4,せん,1600,ダート,稍重,14,55.6,450.8,5.3,33.0,2.0,8.5,0.0,,0.0,0.067,12
R20210730_0089,2021-07-30,Horse_0041,Horse_0041,Jockey_074,4,牡,1600,ダート,稍重,5,53.6,500.7,-6.6,11.0,3.0,7.667,0.0,,0.0,0.294,7
R20210730_0089,2021-07-30,Horse_0280,Horse_0280,Jockey_067,6,せん,1600,ダート,稍重,3,54.5,474.4,,,0.0,,,,,0.19,3
R20210730_0089,2021-07-30,Horse_0897,Horse_0897,Jockey_006,5,牡,1600,ダート,稍重,10,55.7,422.5,-3.6,100.0,1.0,4.0,0.0,0.0,,0.385,5
R20210730_0089,2021-07-30,Horse_0745,Horse_0745,Jockey_078,4,牝,1600,ダート,稍重,6,55.6,453.1,,,0.0,,,,,0.231,4
R20210730_0089,2021-07-30,Horse_0861,Horse_0861,Jockey_043,7,牡,1600,ダート,稍重,2,53.8,428.1,-14.2,29.0,2.0,9.5,0.0,0.0,0.0,0.0,15
R20210730_0089,2021-07-30,Horse_0202,Horse_0202,Jockey_010,5,牝,1600,ダート,稍重,16,55.4,526.7,-0.0,54.0,3.0,11.667,0.0,0.0,0.0,0.286,8
R20210730_0089,2021-07-30,Horse_0615,Horse_0615,Jockey_025,2,牝,1600,ダート,稍重,12,53.0,515.1,-23.3,23.0,1.0,12.0,0.0,0.0,,0.412,9
R20210730_0089,2021-07-30,Horse_0177,Horse_0177,Jockey_077,4,牡,1600,ダート,稍重,9,54.5,441.4,-0.4,55.0,2.0,11.0,0.0,0.0,0.0,0.0,13
R20210730_0089,2021-07-30,Horse_0050,Horse_0050,Jockey_034,6,牝,1600,ダート,稍重,13,55.5,469.2,18.7,33.0,2.0,13.0,0.0,,,0.143,16
R20210730_0089,2021-07-30,Horse_0509,Horse_0509,Jockey_017,2,牝,1600,ダート,稍重,1,56.3,489.0,5.7,133.0,1.0,8.0,0.0,,,0.571,6
R20210730_0089,2021-07-30,Horse_0636,Horse_0636,Jockey_003,7,牝,1600,ダート,稍重,4,54.1,511.1,-7.9,139.0,1.0,6.5,0.0,,0.0,0.273,11
R20210730_0089,2021-07-30,Horse_0329,Horse_0329,Jockey_053,5,牡,1600,ダート,稍重,11,56.6,425.1,1.6,46.0,1.0,1.0,1.0,,,0.188,1
R20210730_0089,2021-07-30,Horse_0766,Horse_0766,Jockey_012,5,牝,1600,ダート,稍重,8,54.8,449.5,4.5,21.0,2.0,7.667,0.0,0.0,0.0,0.167,10
R20210730_0089,2021-07-30,Horse_0446,Horse_0446,Jockey_073,2,牡,1600,ダート,稍重,15,53.8,453.4,-5.7,152.0,2.0,7.667,0.0,0.0,,0.111,14
R20210731_0090,2021-07-31,Horse_0613,Horse_0613,Jockey_014,4,牡,1400,芝,良,9,56.7,440.5,-2.8,80.0,2.0,3.0,0.5,,1.0,0.1,9
R20210731_0090,2021-07-31,Horse_0067,Horse_0067,Jockey_031,5,牡,1400,芝,良,2,52.4,484.0,0.7,84.0,2.0,12.0,0.0,,0.0,0.364,11
R20210731_0090,2021-07-31,Horse_0289,Horse_0289,Jockey_004,6,牡,1400,芝,良,5,55.1,450.3,-0.2,77.0,1.0,14.0,0.0,,0.0,0.059,8
R20210731_0090,2021-07-31,Horse_0203,Horse_0203,Jockey_061,7,牝,1400,芝,良,11,56.8,437.9,2.7,201.0,0.0,10.0,0.0,,0.0,0.333,4
R20210731_0090,2021-07-31,Horse_0359,Horse_0359,Jockey_040,4,牝,1400,芝,良,4,55.7,493.5,,,0.0,,,,,0.6,2
R20210731_0090,2021-07-31,Horse_0135,Horse_0135,Jockey_079,3,牝,1400,芝,良,6,54.1,427.3,,,0.0,,,,,0.133,5
R20210731_0090,2021-07-31,Horse_0546,Horse_0546,Jockey_043,2,牝,1400,芝,良,8,56.7,420.6,5.6,52.0,2.0,4.0,0.333,0.0,0.0,0.0,6
R20210731_0090,2021-07-31,Horse_0802,Horse_0802,Jockey_052,7,牡,1400,芝,良,7,54.7,520.4,-10.8,145.0,1.0,9.5,0.0,,0.0,0.353,1
R20210731_0090,2021-07-31,Horse_0483,Horse_0483,Jockey_006,3,牡,1400,芝,良,1,54.2,525.4,-2.7,121.0,2.0,6.5,0.0,,,0.357,7
R20210731_0090,2021-07-31,Horse_0144,Horse_0144,Jockey_039,2,牡,1400,芝,良,10,54.7,469.6,0.8,56.0,3.0,10.333,0.0,,0.0,0.471,10
R20210731_0090,2021-07-31,Horse_0801,Horse_0801,Jockey_034,6,牝,1400,芝,良,3,53.9,493.0,8.1,30.0,2.0,6.5,0.0,,,0.133,3
R20210804_0091,2021-08-04,Horse_0756,Horse_0756,Jockey_001,4,牝,1600,ダート,良,10,56.6,472.3,2.8,119.0,1.0,6.0,0.0,0.0,,0.278,7
R20210804_0091,2021-08-04,Horse_0007,Horse_0007,Jockey_036,2,牡,1600,ダート,良,8,53.8,489.8,,,0.0,,,,,0.389,3
R20210804_0091,2021-08-04,Horse_0532,Horse_0532,Jockey_029,3,牝,1600,ダート,良,4,54.4,490.3,1.0,49.0,1.0,3.5,0.5,,0.0,0.412,4
R20210804_0091,2021-08-04,Horse_0592,Horse_0592,Jockey_019,2,牡,1600,ダート,良,9,54.8,540.0,,,0.0,,,,,0.353,6
R20210804_0091,2021-08-04,Horse_0844,Horse_0844,Jockey_073,2,牡,1600,ダート,良,3,56.7,567.7,-4.8,30.0,4.0,14.333,0.0,0.0,0.0,0.1,9
R20210804_0091,2021-08-04,Horse_0570,Horse_0570,Jockey_007,4,牝,1600,ダート,良,5,51.9,454.8,-14.7,63.0,2.0,6.5,0.5,,1.0,0.133,10
R20210804_0091,2021-08-04,Horse_0685,Horse_0685,Jockey_058,3,せん,1600,ダート,良,7,54.8,393.7,-3.7,205.0,0.0,11.0,0.0,0.0,,0.15,8
R20210804_0091,2021-08-04,Horse_0893,Horse_0893,Jockey_018,5,牡,1600,ダート,良,1,55.9,481.9,-3.0,141.0,1.0,12.0,0.0,,,0.222,12
R20210804_0091,2021-08-04,Horse_0671,Horse_0671,Jockey_045,5,牡,1600,ダート,良,6,53.8,490.2,-1.0,22.0,2.0,4.333,0.5,1.0,0.5,0.286,1
R20210804_0091,2021-08-04,Horse_0692,Horse_0692,Jockey_005,2,牡,1600,ダート,良,2,54.4,472.7,,,0.0,,,,,0.588,11
R20210804_0091,2021-08-04,Horse_0343,Horse_0343,Jockey_027,5,牡,1600,ダート,良,12,54.7,466.9,,,0.0,,,,,0.125,5
R20210804_0091,2021-08-04,Horse_0105,Horse_0105,Jockey_006,6,牝,1600,ダート,良,11,55.5,461.8,-7.6,135.0,1.0,2.0,1.0,,1.0,0.333,2
R20210805_0092,2021-08-05,Horse_0024,Horse_0024,Jockey_070,6,牡,2000,ダート,良,15,55.8,469.2,6.4,12.0,3.0,7.333,0.0,,0.0,0.19,5
R20210805_0092,2021-08-05,Horse_0761,Horse_0761,Jockey_026,4,牡,2000,ダート,良,5,55.5,513.8,3.9,179.0,1.0,8.0,0.0,,0.0,0.286,3
R20210805_0092,2021-08-05,Horse_0190,Horse_0190,Jockey_021,4,牡,2000,ダート,良,16,54.5,486.1,15.1,133.0,2.0,13.5,0.0,,,0.2,14
R20210805_0092,2021-08-05,Horse_0773,Horse_0773,Jockey_034,3,牡,2000,ダート,良,1,55.7,470.7,5.4,45.0,4.0,8.0,0.0,0.0,0.0,0.188,11
R20210805_0092,2021-08-05,Horse_0777,Horse_0777,Jockey_055,6,牝,2000,ダート,良,8,54.3,465.7,-0.3,189.0,0.0,10.0,0.0,,0.0,0.0,13
R20210805_0092,2021-08-05,Horse_0599,Horse_0599,Jockey_047,4,牡,2000,ダート,良,4,56.2,470.9,16.6,37.0,3.0,6.667,0.25,0.0,0.0,0.125,7
R20210805_0092,2021-08-05,Horse_0003,Horse_0003,Jockey_063,7,牝,2000,ダート,良,13,55.6,461.2,1.5,13.0,2.0,8.0,0.0,,0.0,0.0,4
R20210805_0092,2021-08-05,Horse_0055,Horse_0055,Jockey_038,4,せん,2000,ダート,良,3,56.4,479.1,-0.3,131.0,1.0,4.0,0.5,,0.0,0.273,16
R20210805_0092,2021-08-05,Horse_0632,Horse_0632,Jockey_054,4,牝,2000,ダート,良,9,53.8,452.9,4.5,156.0,1.0,4.0,0.5,,0.0,0.333,8
R20210805_0092,2021-08-05,Horse_0611,Horse_0611,Jockey_024,3,牡,2000,ダート,良,2,55.7,435.6,11.3,20.0,1.0,13.0,0.0,,0.0,0.1,10
R20210805_0092,2021-08-05,Horse_0605,Horse_0605,Jockey_019,7,牡,2000,ダート,良,10,56.1,477.2,-16.3,183.0,0.0,5.5,0.0,0.0,,0.333,12
R20210805_0092,2021-08-05,Horse_0816,Horse_0816,Jockey_041,7,牡,2000,ダート,良,14,53.6,466.1,,,0.0,,,,,0.294,1
R20210805_0092,2021-08-05,Horse_0763,Horse_0763,Jockey_009,2,牝,2000,ダート,良,11,55.8,539.5,0.2,122.0,1.0,11.5,0.0,,0.0,0.444,9
R20210805_0092,2021-08-05,Horse_0267,Horse_0267,Jockey_068,6,牡,2000,ダート,良,12,54.2,431.1,0.1,64.0,3.0,2.0,1.0,,1.0,0.176,2
R20210805_0092,2021-08-05,Horse_0585,Horse_0585,Jockey_053,3,牡,2000,ダート,良,7,55.8,451.9,,,0.0,,,,,0.235,6
R20210805_0092,2021-08-05,Horse_0248,Horse_0248,Jockey_057,7,牝,2000,ダート,良,6,51.3,469.3,11.4,64.0,4.0,12.333,0.0,0.0,0.0,0.231,15
R20210808_0093,2021-08-08,Horse_0347,Horse_0347,Jockey_040,4,せん,1600,芝,良,14,54.4,458.5,-4.0,16.0,2.0,8.333,0.0,,0.0,0.636,12
R20210808_0093,2021-08-08,Horse_0513,Horse_0513,Jockey_005,5,牝,1600,芝,良,5,55.3,472.8,8.8,34.0,3.0,6.667,0.0,0.0,0.0,0.556,8
R20210808_0093,2021-08-08,Horse_0480,Horse_0480,Jockey_021,2,牝,1600,芝,良,10,54.8,481.6,-6.4,125.0,2.0,8.0,0.0,,0.0,0.182,15
R20210808_0093,2021-08-08,Horse_0338,Horse_0338,Jockey_077,7,牡,1600,芝,良,12,58.0,435.1,-3.4,112.0,1.0,5.0,0.0,,0.0,0.0,14
R20210808_0093,2021-08-08,Horse_0475,Horse_0475,Jockey_067,7,牡,1600,芝,良,15,55.6,455.9,2.7,60.0,1.0,5.0,0.0,,,0.227,1
R20210808_0093,2021-08-08,Horse_0066,Horse_0066,Jockey_022,6,牡,1600,芝,良,6,57.3,432.6,-1.7,10.0,4.0,7.333,0.0,,0.0,0.273,13
R20210808_0093,2021-08-08,Horse_0046,Horse_0046,Jockey_024,7,牡,1600,芝,良,8,57.0,503.5,-8.4,125.0,2.0,7.5,0.0,0.0,0.0,0.091,10
R20210808_0093,2021-08-08,Horse_0281,Horse_0281,Jockey_018,2,せん,1600,芝,良,2,54.0,475.7,9.8,26.0,1.0,7.5,0.0,0.0,0.0,0.2,6
R20210808_0093,2021-08-08,Horse_0575,Horse_0575,Jockey_029,4,牡,1600,芝,良,13,55.1,470.6,-5.6,75.0,2.0,6.0,0.5,,0.5,0.389,7
R20210808_0093,2021-08-08,Horse_0896,Horse_0896,Jockey_027,6,牝,1600,芝,良,3,56.5,462.5,-10.7,55.0,2.0,8.333,0.0,,0.0,0.111,16
R20210808_0093,2021-08-08,Horse_0366,Horse_0366,Jockey_017,4,牡,1600,芝,良,16,54.4,441.2,2.5,153.0,1.0,4.0,0.0,0.0,0.0,0.5,2
R20210808_0093,2021-08-08,Horse_0091,Horse_0091,Jockey_045,2,牡,1600,芝,良,9,56.3,469.1,-3.9,15.0,4.0,8.333,0.0,,0.0,0.333,4
R20210808_0093,2021-08-08,Horse_0690,Horse_0690,Jockey_008,7,牡,1600,芝,良,11,55.5,479.0,3.8,75.0,1.0,2.0,1.0,,1.0,0.1,11
R20210808_0093,2021-08-08,Horse_0838,Horse_0838,Jockey_057,5,牡,1600,芝,良,1,56.4,515.0,5.8,57.0,2.0,7.0,0.333,,0.5,0.214,3
R20210808_0093,2021-08-08,Horse_0899,Horse_0899,Jockey_075,3,牝,1600,芝,良,7,55.1,480.2,6.4,142.0,1.0,7.0,0.0,,0.0,0.417,5
R20210808_0093,2021-08-08,Horse_0146,Horse_0146,Jockey_011,2,牡,1600,芝,良,4,54.8,517.8,-6.7,53.0,2.0,13.0,0.0,0.0,0.0,0.1,9
R20210810_0094,2021-08-10,Horse_0099,Horse_0099,Jockey_028,3,牡,1200,芝,重,13,54.4,480.3,0.6,36.0,3.0,4.333,0.333,,0.0,0.273,2
R20210810_0094,2021-08-10,Horse_0200,Horse_0200,Jockey_002,3,せん,1200,芝,重,7,55.2,440.6,2.4,120.0,1.0,11.0,0.0,,,0.667,9
R20210810_0094,2021-08-10,Horse_0030,Horse_0030,Jockey_061,6,牡,1200,芝,重,2,54.3,461.0,1.7,59.0,2.0,6.667,0.0,,0.0,0.318,5
R20210810_0094,2021-08-10,Horse_0684,Horse_0684,Jockey_016,4,牝,1200,芝,重,3,53.0,414.6,-17.0,14.0,1.0,11.0,0.0,,0.0,0.25,16
R20210810_0094,2021-08-10,Horse_0521,Horse_0521,Jockey_033,4,牝,1200,芝,重,4,55.8,482.6,,,0.0,,,,,0.455,6
R20210810_0094,2021-08-10,Horse_0500,Horse_0500,Jockey_058,3,牝,1200,芝,重,9,54.9,450.9,11.6,36.0,3.0,4.667,0.333,,0.0,0.143,4
R20210810_0094,2021-08-10,Horse_0041,Horse_0041,Jockey_080,4,牡,1200,芝,重,14,53.9,510.5,9.8,11.0,4.0,7.0,0.0,0.0,0.0,0.118,10
R20210810_0094,2021-08-10,Horse_0542,Horse_0542,Jockey_062,2,せん,1200,芝,重,11,54.3,435.5,11.5,173.0,1.0,16.0,0.0,,,0.133,8
R20210810_0094,2021-08-10,Horse_0062,Horse_0062,Jockey_004,2,せん,1200,芝,重,5,53.8,477.2,,,0.0,,,,,0.056,11
R20210810_0094,2021-08-10,Horse_0855,Horse_0855,Jockey_014,6,牡,1200,芝,重,16,55.1,503.1,7.5,165.0,1.0,6.0,0.0,,0.0,0.091,14
R20210810_0094,2021-08-10,Horse_0414,Horse_0414,Jockey_068,6,牡,1200,芝,重,1,54.5,430.7,,,0.0,,,,,0.222,3
R20210810_0094,2021-08-10,Horse_0147,Horse_0147,Jockey_048,7,牡,1200,芝,重,15,55.5,448.5,,,0.0,,,,,0.167,7
R20210810_0094,2021-08-10,Horse_0426,Horse_0426,Jockey_007,5,牡,1200,芝,重,6,53.4,449.2,-4.5,211.0,0.0,4.0,0.0,,0.0,0.125,13
R20210810_0094,2021-08-10,Horse_0185,Horse_0185,Jockey_040,3,せん,1200,芝,重,12,57.1,380.3,-12.3,21.0,5.0,8.333,0.0,0.0,0.0,0.583,12
R20210810_0094,2021-08-10,Horse_0814,Horse_0814,Jockey_010,5,牝,1200,芝,重,10,54.5,437.9,7.0,32.0,2.0,6.0,0.0,,0.0,0.267,15
R20210810_0094,2021-08-10,Horse_0204,Horse_0204,Jockey_075,7,牡,1200,芝,重,8,53.3,435.9,10.9,100.0,2.0,1.0,1.0,,1.0,0.385,1
R20210814_0095,2021-08-14,Horse_0617,Horse_0617,Jockey_019,6,牡,1600,芝,良,10,56.2,526.7,,,0.0,,,,,0.316,6
R20210814_0095,2021-08-14,Horse_0249,Horse_0249,Jockey_020,7,牡,1600,芝,良,12,52.9,444.3,-14.7,29.0,2.0,11.0,0.0,,0.0,0.167,12
R20210814_0095,2021-08-14,Horse_0316,Horse_0316,Jockey_022,7,牡,1600,芝,良,7,57.8,487.9,,,0.0,,,,,0.25,2
R20210814_0095,2021-08-14,Horse_0020,Horse_0020,Jockey_025,4,牝,1600,芝,良,3,53.9,511.7,2.5,131.0,1.0,2.0,1.0,,1.0,0.389,4
R20210814_0095,2021-08-14,Horse_0629,Horse_0629,Jockey_026,5,牡,1600,芝,良,15,57.3,505.0,2.2,61.0,2.0,7.333,0.0,,0.0,0.333,7
R20210814_0095,2021-08-14,Horse_0039,Horse_0039,Jockey_003,6,牝,1600,芝,良,1,56.5,438.2,-1.8,159.0,1.0,1.0,1.0,1.0,1.0,0.25,3
R20210814_0095,2021-08-14,Horse_0007,Horse_0007,Jockey_049,2,牡,1600,芝,良,11,56.4,497.4,7.6,10.0,1.0,3.0,1.0,1.0,,0.308,10
R20210814_0095,2021-08-14,Horse_0869,Horse_0869,Jockey_073,4,牝,1600,芝,良,13,54.0,457.9,,,0.0,,,,,0.091,9
R20210814_0095,2021-08-14,Horse_0043,Horse_0043,Jockey_006,4,牡,1600,芝,良,5,53.6,507.2,8.1,91.0,2.0,11.0,0.0,0.0,0.0,0.375,16
R20210814_0095,2021-08-14,Horse_0388,Horse_0388,Jockey_005,7,牝,1600,芝,良,14,54.8,453.6,,,0.0,,,,,0.526,14
R20210814_0095,2021-08-14,Horse_0625,Horse_0625,Jockey_055,2,牡,1600,芝,良,8,53.9,489.7,-14.4,40.0,1.0,3.5,0.5,,1.0,0.0,5
R20210814_0095,2021-08-14,Horse_0801,Horse_0801,Jockey_069,6,牝,1600,芝,良,2,53.4,499.9,6.9,14.0,3.0,5.333,0.333,,1.0,0.375,15
R20210814_0095,2021-08-14,Horse_0148,Horse_0148,Jockey_015,2,牡,1600,芝,良,16,57.6,490.3,1.0,188.0,0.0,8.0,0.0,,0.0,0.0,11
R20210814_0095,2021-08-14,Horse_0784,Horse_0784,Jockey_038,5,牝,1600,芝,良,6,55.4,401.1,-2.0,102.0,2.0,11.0,0.0,0.0,,0.25,8
R20210814_0095,2021-08-14,Horse_0397,Horse_0397,Jockey_033,5,牝,1600,芝,良,4,53.0,439.1,-5.9,29.0,3.0,9.0,0.0,0.0,0.0,0.417,13
R20210814_0095,2021-08-14,Horse_0693,Horse_0693,Jockey_067,6,せん,1600,芝,良,9,53.0,428.9,-1.7,135.0,1.0,3.0,1.0,,,0.261,1
R20210816_0096,2021-08-16,Horse_0474,Horse_0474,Jockey_064,6,牝,1600,ダート,良,8,55.7,474.5,11.5,114.0,1.0,5.5,0.0,,,0.118,7
R20210816_0096,2021-08-16,Horse_0646,Horse_0646,Jockey_021,7,せん,1600,ダート,良,3,55.1,401.2,5.3,186.0,0.0,6.5,0.0,0.0,0.0,0.167,3
R20210816_0096,2021-08-16,Horse_0362,Horse_0362,Jockey_003,7,せん,1600,ダート,良,6,54.4,459.0,-4.3,27.0,2.0,6.0,0.0,0.0,0.0,0.308,4
R20210816_0096,2021-08-16,Horse_0323,Horse_0323,Jockey_015,4,牝,1600,ダート,良,2,54.9,501.1,-1.1,31.0,1.0,1.0,1.0,,,0.0,5
R20210816_0096,2021-08-16,Horse_0809,Horse_0809,Jockey_017,4,牡,1600,ダート,良,9,53.8,537.8,13.2,58.0,1.0,5.0,0.0,0.0,0.0,0.556,6
R20210816_0096,2021-08-16,Horse_0559,Horse_0559,Jockey_070,2,牝,1600,ダート,良,1,54.4,513.3,0.8,18.0,1.0,2.5,0.5,,,0.182,10
R20210816_0096,2021-08-16,Horse_0840,Horse_0840,Jockey_044,2,牡,1600,ダート,良,5,55.2,452.7,,,0.0,,,,,0.2,1
R20210816_0096,2021-08-16,Horse_0843,Horse_0843,Jockey_014,4,牝,1600,ダート,良,10,55.9,466.2,6.1,23.0,1.0,5.0,0.0,,,0.083,9
R20210816_0096,2021-08-16,Horse_0620,Horse_0620,Jockey_054,4,牡,1600,ダート,良,4,56.6,460.2,,,0.0,,,,,0.308,8
R20210816_0096,2021-08-16,Horse_0482,Horse_0482,Jockey_069,2,牡,1600,ダート,良,7,56.2,439.7,,,0.0,,,,,0.353,2
R20210817_0097,2021-08-17,Horse_0277,Horse_0277,Jockey_045,5,牡,1200,ダート,良,11,55.2,435.7,8.1,109.0,1.0,6.0,0.5,,0.0,0.312,9
R20210817_0097,2021-08-17,Horse_0508,Horse_0508,Jockey_041,2,牝,1200,ダート,良,9,55.0,489.4,6.7,90.0,2.0,10.0,0.0,,0.0,0.333,2
R20210817_0097,2021-08-17,Horse_0245,Horse_0245,Jockey_056,3,牡,1200,ダート,良,8,56.5,476.8,12.0,84.0,1.0,9.0,0.0,,0.0,0.333,3
R20210817_0097,2021-08-17,Horse_0630,Horse_0630,Jockey_053,3,牡,1200,ダート,良,7,54.6,439.0,-8.7,25.0,1.0,8.5,0.0,0.0,0.0,0.222,6
R20210817_0097,2021-08-17,Horse_0037,Horse_0037,Jockey_023,2,牝,1200,ダート,良,4,55.3,505.0,0.8,19.0,1.0,7.0,0.5,,,0.091,12
R20210817_0097,2021-08-17,Horse_0818,Horse_0818,Jockey_073,6,牝,1200,ダート,良,5,56.0,432.4,,,0.0,,,,,0.083,10
R20210817_0097,2021-08-17,Horse_0788,Horse_0788,Jockey_032,7,牝,1200,ダート,良,1,55.1,501.6,1.6,53.0,2.0,11.5,0.0,,,0.167,7
R20210817_0097,2021-08-17,Horse_0543,Horse_0543,Jockey_055,7,牡,1200,ダート,良,12,56.1,500.0,17.8,53.0,3.0,10.667,0.0,,0.0,0.0,5
R20210817_0097,2021-08-17,Horse_0584,Horse_0584,Jockey_020,7,牡,1200,ダート,良,10,55.9,512.4,4.3,41.0,1.0,9.0,0.0,,,0.154,8
R20210817_0097,2021-08-17,Horse_0516,Horse_0516,Jockey_030,4,牡,1200,ダート,良,2,54.1,487.3,2.8,180.0,1.0,9.0,0.0,,0.0,0.062,1
R20210817_0097,2021-08-17,Horse_0085,Horse_0085,Jockey_039,5,牡,1200,ダート,良,6,54.7,471.1,17.5,43.0,1.0,14.0,0.0,,0.0,0.444,11
R20210817_0097,2021-08-17,Horse_0095,Horse_0095,Jockey_068,7,せん,1200,ダート,良,3,55.0,491.7,-6.5,131.0,1.0,10.0,0.0,,,0.263,4
R20210818_0098,2021-08-18,Horse_0210,Horse_0210,Jockey_002,3,牡,1600,ダート,良,9,56.3,439.1,-1.0,211.0,0.0,2.0,1.0,1.0,1.0,0.615,4
R20210818_0098,2021-08-18,Horse_0351,Horse_0351,Jockey_031,5,牝,1600,ダート,良,8,55.8,524.9,-4.4,173.0,1.0,1.0,1.0,,,0.333,6
R20210818_0098,2021-08-18,Horse_0207,Horse_0207,Jockey_023,2,せん,1600,ダート,良,1,52.8,411.6,0.2,30.0,3.0,9.667,0.0,,0.0,0.083,12
R20210818_0098,2021-08-18,Horse_0699,Horse_0699,Jockey_020,4,牝,1600,ダート,良,7,55.9,484.3,-9.6,54.0,3.0,2.0,1.0,1.0,1.0,0.143,7
R20210818_0098,2021-08-18,Horse_0348,Horse_0348,Jockey_018,3,牝,1600,ダート,良,4,53.1,459.2,4.2,56.0,3.0,5.0,0.333,1.0,1.0,0.182,1
R20210818_0098,2021-08-18,Horse_0898,Horse_0898,Jockey_006,3,牝,1600,ダート,良,6,54.0,479.6,,,0.0,,,,,0.353,10
R20210818_0098,2021-08-18,Horse_0171,Horse_0171,Jockey_037,2,牡,1600,ダート,良,11,52.9,423.4,,,0.0,,,,,0.312,5
R20210818_0098,2021-08-18,Horse_0897,Horse_0897,Jockey_015,5,牡,1600,ダート,良,2,52.8,426.9,4.4,19.0,2.0,4.5,0.0,0.0,0.0,0.0,11
R20210818_0098,2021-08-18,Horse_0541,Horse_0541,Jockey_060,5,牝,1600,ダート,良,12,53.8,431.1,2.0,52.0,2.0,4.5,0.5,,1.0,0.0,9
R20210818_0098,2021-08-18,Horse_0810,Horse_0810,Jockey_069,4,牝,1600,ダート,良,5,55.5,433.1,0.3,26.0,2.0,6.0,0.0,,0.0,0.389,3
R20210818_0098,2021-08-18,Horse_0296,Horse_0296,Jockey_005,5,せん,1600,ダート,良,13,54.2,447.0,-5.2,91.0,2.0,5.333,0.333,0.0,0.0,0.5,2
R20210818_0098,2021-08-18,Horse_0220,Horse_0220,Jockey_067,6,牝,1600,ダート,良,10,50.9,521.2,-8.1,29.0,2.0,12.0,0.0,,0.0,0.292,13
R20210818_0098,2021-08-18,Horse_0202,Horse_0202,Jockey_022,5,牝,1600,ダート,良,3,53.9,526.1,-0.6,19.0,3.0,9.333,0.0,0.0,0.0,0.308,8
R20210821_0099,2021-08-21,Horse_0544,Horse_0544,Jockey_029,7,牝,1600,芝,良,7,52.7,485.9,-11.6,138.0,1.0,11.0,0.0,0.0,0.0,0.368,8
R20210821_0099,2021-08-21,Horse_0040,Horse_0040,Jockey_072,7,せん,1600,芝,良,2,53.5,447.4,-1.3,111.0,1.0,10.5,0.0,,0.0,0.235,7
R20210821_0099,2021-08-21,Horse_0774,Horse_0774,Jockey_057,7,牝,1600,芝,良,1,54.1,464.7,-0.4,94.0,1.0,2.0,1.0,,1.0,0.267,1
R20210821_0099,2021-08-21,Horse_0500,Horse_0500,Jockey_013,3,牝,1600,芝,良,6,55.4,443.6,-7.3,11.0,3.0,5.333,0.25,0.5,0.0,0.071,4
R20210821_0099,2021-08-21,Horse_0596,Horse_0596,Jockey_002,7,牝,1600,芝,良,5,52.1,479.2,4.3,213.0,0.0,9.0,0.0,0.0,,0.571,6
R20210821_0099,2021-08-21,Horse_0252,Horse_0252,Jockey_070,6,牝,1600,芝,良,8,54.9,484.7,,,0.0,,,,,0.174,3
R20210821_0099,2021-08-21,Horse_0760,Horse_0760,Jockey_049,7,牝,1600,芝,良,3,56.6,484.3,-4.2,94.0,1.0,8.0,0.0,,0.0,0.286,2
R20210821_0099,2021-08-21,Horse_0789,Horse_0789,Jockey_007,4,牡,1600,芝,良,4,56.5,487.0,1.9,149.0,1.0,6.0,0.0,0.0,0.0,0.118,5
R20210822_0100,2021-08-22,Horse_0257,Horse_0257,Jockey_074,2,せん,1200,ダート,稍重,6,54.0,452.8,-3.1,132.0,1.0,9.5,0.0,0.0,0.0,0.278,7
R20210822_0100,2021-08-22,Horse_0754,Horse_0754,Jockey_072,5,牡,1200,ダート,稍重,9,54.4,486.7,12.8,67.0,1.0,1.0,1.0,,,0.222,9
R20210822_0100,2021-08-22,Horse_0592,Horse_0592,Jockey_066,2,牡,1200,ダート,稍重,7,53.4,517.2,-22.8,18.0,1.0,6.0,0.0,,0.0,0.385,3
R20210822_0100,2021-08-22,Horse_0344,Horse_0344,Jockey_009,2,牡,1200,ダート,稍重,8,54.1,482.8,,,0.0,,,,,0.4,6
R20210822_0100,2021-08-22,Horse_0096,Horse_0096,Jockey_067,5,牝,1200,ダート,稍重,3,54.3,489.6,5.5,54.0,2.0,5.0,0.333,,0.0,0.28,2
R20210822_0100,2021-08-22,Horse_0674,Horse_0674,Jockey_007,3,牝,1200,ダート,稍重,5,54.3,435.3,,,0.0,,,,,0.111,5
R20210822_0100,2021-08-22,Horse_0741,Horse_0741,Jockey_014,4,牡,1200,ダート,稍重,2,55.0,480.8,-13.6,223.0,0.0,9.0,0.0,,,0.077,8
R20210822_0100,2021-08-22,Horse_0639,Horse_0639,Jockey_065,2,牝,1200,ダート,稍重,4,55.6,481.5,-4.4,148.0,1.0,7.0,0.0,,,0.667,4
R20210822_0100,2021-08-22,Horse_0276,Horse_0276,Jockey_068,5,牝,1200,ダート,稍重,1,54.6,525.8,6.4,84.0,1.0,3.0,1.0,,1.0,0.25,1
R20210825_0101,2021-08-25,Horse_0360,Horse_0360,Jockey_056,5,牝,1800,ダート,良,10,53.6,438.9,-3.6,142.0,2.0,4.0,0.667,,,0.385,6
R20210825_0101,2021-08-25,Horse_0046,Horse_0046,Jockey_066,7,牡,1800,ダート,良,4,54.8,500.6,-2.9,17.0,2.0,8.333,0.0,,,0.429,5
R20210825_0101,2021-08-25,Horse_0258,Horse_0258,Jockey_015,3,牡,1800,ダート,良,1,55.1,431.4,-19.0,40.0,1.0,12.0,0.0,,,0.0,10
R20210825_0101,2021-08-25,Horse_0631,Horse_0631,Jockey_021,5,牝,1800,ダート,良,8,53.3,443.6,-12.5,184.0,0.0,3.0,1.0,,,0.231,8
R20210825_0101,2021-08-25,Horse_0756,Horse_0756,Jockey_045,4,牝,1800,ダート,良,9,55.1,463.5,-8.8,21.0,2.0,6.5,0.0,,0.0,0.294,1
R20210825_0101,2021-08-25,Horse_0006,Horse_0006,Jockey_073,3,牡,1800,ダート,良,6,56.0,504.9,19.3,135.0,1.0,3.0,1.0,,1.0,0.077,2
R20210825_0101,2021-08-25,Horse_0137,Horse_0137,Jockey_077,5,牡,1800,ダート,良,2,56.3,429.8,5.5,175.0,1.0,13.0,0.0,,,0.0,9
R20210825_0101,2021-08-25,Horse_0651,Horse_0651,Jockey_067,4,牡,1800,ダート,良,7,54.5,470.8,-5.8,70.0,3.0,5.0,0.25,1.0,,0.308,4
R20210825_0101,2021-08-25,Horse_0565,Horse_0565,Jockey_022,3,牝,1800,ダート,良,3,53.2,474.3,8.0,63.0,2.0,7.333,0.0,0.0,0.0,0.286,7
R20210825_0101,2021-08-25,Horse_0629,Horse_0629,Jockey_025,5,牡,1800,ダート,良,5,53.2,495.3,-9.7,11.0,3.0,7.0,0.0,,0.0,0.368,3
R20210826_0102,2021-08-26,Horse_0637,Horse_0637,Jockey_080,2,牡,1200,芝,良,2,56.0,480.6,3.7,103.0,1.0,9.5,0.0,,0.0,0.111,6
R20210826_0102,2021-08-26,Horse_0715,Horse_0715,Jockey_069,2,牝,1200,芝,良,8,57.7,536.3,-6.4,30.0,3.0,7.0,0.0,,0.0,0.421,4
R20210826_0102,2021-08-26,Horse_0854,Horse_0854,Jockey_021,3,牝,1200,芝,良,3,55.4,448.6,7.2,63.0,3.0,8.333,0.333,,0.5,0.214,10
R20210826_0102,2021-08-26,Horse_0458,Horse_0458,Jockey_079,2,牡,1200,芝,良,6,55.8,475.2,-5.5,181.0,0.0,10.0,0.0,,0.0,0.125,7
R20210826_0102,2021-08-26,Horse_0575,Horse_0575,Jockey_061,4,牡,1200,芝,良,9,53.8,478.2,7.6,18.0,3.0,6.333,0.333,,0.333,0.304,3
R20210826_0102,2021-08-26,Horse_0148,Horse_0148,Jockey_018,2,牡,1200,芝,良,7,51.7,490.6,0.3,12.0,1.0,9.5,0.0,,0.0,0.25,1
R20210826_0102,2021-08-26,Horse_0572,Horse_0572,Jockey_075,7,牡,1200,芝,良,10,56.8,473.9,10.2,44.0,2.0,5.0,0.0,,0.0,0.429,5
R20210826_0102,2021-08-26,Horse_0136,Horse_0136,Jockey_066,5,牡,1200,芝,良,5,54.2,475.5,-24.3,200.0,0.0,9.0,0.0,,0.0,0.4,8
R20210826_0102,2021-08-26,Horse_0453,Horse_0453,Jockey_011,4,牡,1200,芝,良,1,54.5,448.9,2.8,136.0,2.0,9.667,0.0,,0.0,0.091,9
R20210826_0102,2021-08-26,Horse_0668,Horse_0668,Jockey_073,6,せん,1200,芝,良,4,53.2,464.1,-5.7,130.0,2.0,5.333,0.333,0.0,0.333,0.143,2
R20210829_0103,2021-08-29,Horse_0218,Horse_0218,Jockey_047,7,牝,1600,ダート,良,12,53.0,472.5,-1.6,130.0,1.0,11.0,0.0,0.0,,0.111,10
R20210829_0103,2021-08-29,Horse_0543,Horse_0543,Jockey_031,7,牡,1600,ダート,良,8,54.2,497.7,-2.3,12.0,4.0,7.667,0.0,0.0,0.0,0.308,6
R20210829_0103,2021-08-29,Horse_0173,Horse_0173,Jockey_020,5,牝,1600,ダート,良,14,52.0,447.0,,,0.0,,,,,0.133,8
R20210829_0103,2021-08-29,Horse_0313,Horse_0313,Jockey_076,4,牡,1600,ダート,良,1,56.0,483.8,-1.2,89.0,2.0,4.0,0.333,,0.0,0.25,4
R20210829_0103,2021-08-29,Horse_0626,Horse_0626,Jockey_042,3,せん,1600,ダート,良,2,54.0,436.8,-2.2,85.0,2.0,2.667,0.667,1.0,,0.188,2
R20210829_0103,2021-08-29,Horse_0604,Horse_0604,Jockey_023,7,牡,1600,ダート,良,3,52.6,486.8,-8.3,53.0,3.0,6.0,0.333,0.5,,0.077,11
R20210829_0103,2021-08-29,Horse_0625,Horse_0625,Jockey_063,2,牡,1600,ダート,良,13,55.1,488.4,-1.3,15.0,2.0,4.0,0.333,0.0,0.0,0.0,3
R20210829_0103,2021-08-29,Horse_0039,Horse_0039,Jockey_074,6,牝,1600,ダート,良,4,55.2,434.8,-3.4,15.0,2.0,2.0,1.0,1.0,,0.263,5
R20210829_0103,2021-08-29,Horse_0020,Horse_0020,Jockey_009,4,牝,1600,ダート,良,5,54.7,518.3,6.6,15.0,2.0,3.0,0.5,0.0,,0.364,1
R20210829_0103,2021-08-29,Horse_0178,Horse_0178,Jockey_067,6,牝,1600,ダート,良,7,54.9,465.9,,,0.0,,,,,0.296,13
R20210829_0103,2021-08-29,Horse_0811,Horse_0811,Jockey_011,2,牝,1600,ダート,良,6,54.5,461.4,-4.0,113.0,1.0,12.0,0.0,0.0,,0.083,7
R20210829_0103,2021-08-29,Horse_0177,Horse_0177,Jockey_079,4,牡,1600,ダート,良,9,51.8,447.2,5.8,30.0,3.0,11.667,0.0,0.0,0.0,0.118,9
R20210829_0103,2021-08-29,Horse_0377,Horse_0377,Jockey_010,7,牡,1600,ダート,良,10,54.6,447.4,7.7,180.0,1.0,9.5,0.0,0.0,0.0,0.25,14
R20210829_0103,2021-08-29,Horse_0844,Horse_0844,Jockey_026,2,牡,1600,ダート,良,11,54.9,563.8,-3.9,25.0,5.0,12.667,0.0,0.0,0.0,0.312,12
R20210830_0104,2021-08-30,Horse_0521,Horse_0521,Jockey_020,4,牝,1800,芝,良,4,56.0,484.8,2.2,20.0,1.0,6.0,0.0,,0.0,0.125,11
R20210830_0104,2021-08-30,Horse_0414,Horse_0414,Jockey_074,6,牡,1800,芝,良,1,53.7,427.2,-3.5,20.0,1.0,3.0,1.0,,1.0,0.25,2
R20210830_0104,2021-08-30,Horse_0207,Horse_0207,Jockey_008,2,せん,1800,芝,良,12,56.3,409.6,-2.0,12.0,4.0,9.0,0.0,,0.0,0.091,9
R20210830_0104,2021-08-30,Horse_0591,Horse_0591,Jockey_049,2,牝,1800,芝,良,8,55.2,476.3,-3.1,181.0,0.0,7.333,0.333,,0.5,0.333,12
R20210830_0104,2021-08-30,Horse_0467,Horse_0467,Jockey_047,7,牡,1800,芝,良,3,55.4,490.8,-2.8,38.0,3.0,10.667,0.0,0.0,0.0,0.1,7
R20210830_0104,2021-08-30,Horse_0769,Horse_0769,Jockey_067,6,牡,1800,芝,良,13,54.0,459.2,5.6,70.0,3.0,7.333,0.25,,0.333,0.286,5
R20210830_0104,2021-08-30,Horse_0215,Horse_0215,Jockey_048,4,牡,1800,芝,良,5,55.1,479.1,1.1,72.0,2.0,6.5,0.0,,0.0,0.158,3
R20210830_0104,2021-08-30,Horse_0440,Horse_0440,Jockey_003,5,牡,1800,芝,良,9,56.7,538.6,,,0.0,,,,,0.286,8
R20210830_0104,2021-08-30,Horse_0196,Horse_0196,Jockey_024,5,牝,1800,芝,良,11,52.6,505.6,5.9,68.0,1.0,3.0,1.0,,,0.083,4
R20210830_0104,2021-08-30,Horse_0762,Horse_0762,Jockey_058,5,せん,1800,芝,良,14,57.3,482.4,1.3,125.0,1.0,3.0,1.0,,,0.136,10
R20210830_0104,2021-08-30,Horse_0531,Horse_0531,Jockey_062,4,牡,1800,芝,良,6,55.4,497.7,-0.0,167.0,1.0,10.0,0.0,,0.0,0.125,6
R20210830_0104,2021-08-30,Horse_0862,Horse_0862,Jockey_027,2,牝,1800,芝,良,10,56.3,457.0,,,0.0,,,,,0.1,14
R20210830_0104,2021-08-30,Horse_0454,Horse_0454,Jockey_034,4,牡,1800,芝,良,7,53.5,466.8,-4.0,90.0,1.0,10.0,0.0,0.0,,0.176,13
R20210830_0104,2021-08-30,Horse_0329,Horse_0329,Jockey_072,5,牡,1800,芝,良,2,57.5,416.3,-8.8,31.0,2.0,1.0,1.0,,1.0,0.211,1
R20210902_0105,2021-09-02,Horse_0759,Horse_0759,Jockey_058,5,牝,1200,芝,稍重,6,53.4,457.3,5.9,102.0,2.0,7.0,0.333,,0.333,0.13,3
R20210902_0105,2021-09-02,Horse_0583,Horse_0583,Jockey_041,6,せん,1200,芝,稍重,12,56.6,543.0,,,0.0,,,,,0.368,5
R20210902_0105,2021-09-02,Horse_0890,Horse_0890,Jockey_032,2,牡,1200,芝,稍重,7,55.0,503.4,10.5,136.0,2.0,9.667,0.0,0.0,0.0,0.143,10
R20210902_0105,2021-09-02,Horse_0600,Horse_0600,Jockey_019,2,牝,1200,芝,稍重,9,55.8,508.1,-9.3,117.0,1.0,9.0,0.0,,0.0,0.3,11
R20210902_0105,2021-09-02,Horse_0189,Horse_0189,Jockey_055,3,牝,1200,芝,稍重,4,52.8,427.1,14.0,85.0,2.0,6.333,0.0,,,0.0,7
R20210902_0105,2021-09-02,Horse_0236,Horse_0236,Jockey_046,3,牝,1200,芝,稍重,5,54.8,488.1,7.8,121.0,1.0,6.0,0.0,,,0.118,12
R20210902_0105,2021-09-02,Horse_0894,Horse_0894,Jockey_078,3,牝,1200,芝,稍重,8,53.6,492.4,5.1,131.0,2.0,4.0,0.667,1.0,0.0,0.214,6
R20210902_0105,2021-09-02,Horse_0237,Horse_0237,Jockey_064,5,牝,1200,芝,稍重,1,54.1,420.9,,,0.0,,,,,0.111,2
R20210902_0105,2021-09-02,Horse_0261,Horse_0261,Jockey_031,3,牝,1200,芝,稍重,11,54.0,467.5,7.7,44.0,2.0,5.0,0.333,0.0,0.0,0.286,1
R20210902_0105,2021-09-02,Horse_0282,Horse_0282,Jockey_042,5,牡,1200,芝,稍重,10,56.7,442.2,-6.5,41.0,1.0,12.0,0.0,,,0.235,9
R20210902_0105,2021-09-02,Horse_0877,Horse_0877,Jockey_076,4,牡,1200,芝,稍重,2,53.2,438.1,4.9,179.0,1.0,5.0,0.0,,0.0,0.231,4
R20210902_0105,2021-09-02,Horse_0826,Horse_0826,Jockey_050,6,牝,1200,芝,稍重,3,55.5,446.4,-10.9,59.0,3.0,2.667,0.667,,1.0,0.417,8
R20210906_0106,2021-09-06,Horse_0267,Horse_0267,Jockey_068,6,牡,2000,芝,稍重,13,55.7,422.4,-8.7,32.0,4.0,2.0,1.0,1.0,1.0,0.286,1
R20210906_0106,2021-09-06,Horse_0291,Horse_0291,Jockey_058,4,牝,2000,芝,稍重,1,53.3,432.9,-9.8,45.0,2.0,10.0,0.0,,,0.167,2
R20210906_0106,2021-09-06,Horse_0500,Horse_0500,Jockey_028,3,牝,2000,芝,稍重,2,57.0,455.5,11.9,16.0,4.0,5.333,0.2,0.0,0.0,0.333,12
R20210906_0106,2021-09-06,Horse_0674,Horse_0674,Jockey_066,3,牝,2000,芝,稍重,4,53.7,447.6,12.3,15.0,1.0,5.0,0.0,,,0.375,9
R20210906_0106,2021-09-06,Horse_0481,Horse_0481,Jockey_039,5,牝,2000,芝,稍重,10,51.8,406.7,-4.4,92.0,1.0,8.0,0.0,,,0.421,8
R20210906_0106,2021-09-06,Horse_0126,Horse_0126,Jockey_004,6,牝,2000,芝,稍重,6,52.2,471.9,-4.3,190.0,0.0,3.0,1.0,,1.0,0.053,11
R20210906_0106,2021-09-06,Horse_0347,Horse_0347,Jockey_055,4,せん,2000,芝,稍重,12,55.3,465.4,6.9,29.0,2.0,9.333,0.0,,0.0,0.0,7
R20210906_0106,2021-09-06,Horse_0002,Horse_0002,Jockey_024,6,牝,2000,芝,稍重,5,56.0,465.1,3.6,41.0,3.0,4.0,0.5,1.0,0.667,0.077,6
R20210906_0106,2021-09-06,Horse_0129,Horse_0129,Jockey_077,4,牡,2000,芝,稍重,11,54.6,544.6,3.9,49.0,2.0,7.5,0.0,,0.0,0.0,10
R20210906_0106,2021-09-06,Horse_0568,Horse_0568,Jockey_034,5,牝,2000,芝,稍重,3,54.4,511.5,8.0,44.0,3.0,9.333,0.0,,0.0,0.167,5
R20210906_0106,2021-09-06,Horse_0269,Horse_0269,Jockey_027,3,牝,2000,芝,稍重,7,55.5,473.9,5.3,49.0,2.0,3.0,0.667,,0.0,0.091,3
R20210906_0106,2021-09-06,Horse_0713,Horse_0713,Jockey_037,4,牡,2000,芝,稍重,8,54.4,478.5,6.0,82.0,1.0,8.0,0.0,0.0,0.0,0.294,4
R20210906_0106,2021-09-06,Horse_0150,Horse_0150,Jockey_053,2,牝,2000,芝,稍重,9,54.2,400.7,12.3,124.0,2.0,3.0,0.667,0.0,0.5,0.211,13
R20210910_0107,2021-09-10,Horse_0284,Horse_0284,Jockey_054,3,牡,1800,芝,良,9,55.8,444.2,-5.9,96.0,1.0,4.0,0.0,,,0.286,5
R20210910_0107,2021-09-10,Horse_0373,Horse_0373,Jockey_048,5,牡,1800,芝,良,7,57.8,477.1,10.3,43.0,2.0,11.667,0.0,,0.0,0.2,6
R20210910_0107,2021-09-10,Horse_0040,Horse_0040,Jockey_022,7,せん,1800,芝,良,4,53.5,448.9,1.5,20.0,2.0,9.333,0.0,,0.0,0.267,8
R20210910_0107,2021-09-10,Horse_0251,Horse_0251,Jockey_079,4,牝,1800,芝,良,3,54.4,456.9,0.6,78.0,2.0,10.333,0.25,,0.333,0.111,9
R20210910_0107,2021-09-10,Horse_0218,Horse_0218,Jockey_042,7,牝,1800,芝,良,14,52.2,480.3,7.8,12.0,2.0,10.667,0.0,,0.0,0.222,10
R20210910_0107,2021-09-10,Horse_0668,Horse_0668,Jockey_013,6,せん,1800,芝,良,2,55.4,467.2,3.1,15.0,2.0,5.0,0.5,1.0,0.5,0.067,12
R20210910_0107,2021-09-10,Horse_0762,Horse_0762,Jockey_067,5,せん,1800,芝,良,10,55.2,477.0,-5.4,11.0,2.0,6.5,0.5,0.0,0.0,0.276,3
R20210910_0107,2021-09-10,Horse_0474,Horse_0474,Jockey_052,6,牝,1800,芝,良,6,56.4,477.7,3.2,25.0,2.0,6.0,0.0,,0.0,0.389,1
R20210910_0107,2021-09-10,Horse_0767,Horse_0767,Jockey_061,2,牡,1800,芝,良,11,57.2,459.7,0.8,151.0,1.0,12.0,0.0,,,0.333,4
R20210910_0107,2021-09-10,Horse_0144,Horse_0144,Jockey_016,2,牡,1800,芝,良,8,55.2,458.6,-11.0,41.0,3.0,10.667,0.0,0.0,0.0,0.231,11
R20210910_0107,2021-09-10,Horse_0735,Horse_0735,Jockey_012,5,牝,1800,芝,良,13,52.9,483.4,-5.9,133.0,1.0,13.0,0.0,0.0,0.0,0.158,13
R20210910_0107,2021-09-10,Horse_0191,Horse_0191,Jockey_008,5,せん,1800,芝,良,12,56.0,480.1,-3.8,65.0,2.0,8.0,0.0,,0.0,0.083,2
R20210910_0107,2021-09-10,Horse_0536,Horse_0536,Jockey_047,7,牝,1800,芝,良,5,56.3,525.2,-4.5,162.0,2.0,5.667,0.333,0.5,0.0,0.091,14
R20210910_0107,2021-09-10,Horse_0120,Horse_0120,Jockey_026,3,牝,1800,芝,良,15,57.7,453.8,2.1,43.0,2.0,14.333,0.0,,0.0,0.294,15
R20210910_0107,2021-09-10,Horse_0032,Horse_0032,Jockey_018,3,牝,1800,芝,良,1,54.6,517.3,1.0,43.0,2.0,4.5,0.0,,0.0,0.308,7
R20210911_0108,2021-09-11,Horse_0612,Horse_0612,Jockey_049,3,牡,1600,芝,良,2,54.5,524.8,,,0.0,,,,,0.312,11
R20210911_0108,2021-09-11,Horse_0003,Horse_0003,Jockey_061,7,牝,1600,芝,良,13,54.3,465.1,3.9,37.0,2.0,6.667,0.0,,0.0,0.32,3
R20210911_0108,2021-09-11,Horse_0422,Horse_0422,Jockey_073,5,牝,1600,芝,良,10,53.8,493.1,2.4,150.0,1.0,11.0,0.0,,0.0,0.2,12
R20210911_0108,2021-09-11,Horse_0532,Horse_0532,Jockey_062,3,牝,1600,芝,良,11,55.0,488.5,-1.8,38.0,2.0,3.667,0.333,0.0,1.0,0.118,5
R20210911_0108,2021-09-11,Horse_0370,Horse_0370,Jockey_079,7,牝,1600,芝,良,8,50.0,492.2,-10.1,72.0,2.0,4.0,0.333,,0.5,0.105,13
R20210911_0108,2021-09-11,Horse_0173,Horse_0173,Jockey_012,5,牝,1600,芝,良,7,53.8,449.4,2.4,13.0,1.0,8.0,0.0,0.0,,0.15,14
R20210911_0108,2021-09-11,Horse_0116,Horse_0116,Jockey_070,5,牝,1600,芝,良,4,54.8,491.2,4.3,68.0,2.0,5.333,0.667,1.0,1.0,0.208,8
R20210911_0108,2021-09-11,Horse_0426,Horse_0426,Jockey_014,5,牡,1600,芝,良,1,55.0,447.8,-1.4,32.0,1.0,8.5,0.0,0.0,0.0,0.071,7
R20210911_0108,2021-09-11,Horse_0277,Horse_0277,Jockey_039,5,牡,1600,芝,良,3,53.3,426.1,-9.6,25.0,2.0,7.0,0.333,,1.0,0.4,4
R20210911_0108,2021-09-11,Horse_0414,Horse_0414,Jockey_056,6,牡,1600,芝,良,6,54.1,417.4,-9.8,12.0,2.0,2.5,1.0,,1.0,0.357,9
R20210911_0108,2021-09-11,Horse_0641,Horse_0641,Jockey_037,2,牝,1600,芝,良,14,54.4,508.0,,,0.0,,,,,0.278,10
R20210911_0108,2021-09-11,Horse_0260,Horse_0260,Jockey_018,4,牡,1600,芝,良,9,54.0,441.1,4.2,157.0,1.0,2.0,1.0,1.0,1.0,0.286,1
R20210911_0108,2021-09-11,Horse_0591,Horse_0591,Jockey_003,2,牝,1600,芝,良,5,51.7,465.3,-11.0,12.0,1.0,10.333,0.25,0.0,0.333,0.267,6
R20210911_0108,2021-09-11,Horse_0366,Horse_0366,Jockey_063,4,牡,1600,芝,良,12,57.3,431.0,-10.2,34.0,1.0,3.0,0.5,0.5,0.5,0.062,2
R20210915_0109,2021-09-15,Horse_0717,Horse_0717,Jockey_075,7,牡,2400,ダート,良,5,53.6,539.2,1.5,251.0,0.0,6.0,0.0,,,0.4,6
R20210915_0109,2021-09-15,Horse_0131,Horse_0131,Jockey_024,6,牝,2400,ダート,良,3,58.2,425.2,,,0.0,,,,,0.071,3
R20210915_0109,2021-09-15,Horse_0613,Horse_0613,Jockey_061,4,牡,2400,ダート,良,6,53.3,432.3,-8.2,46.0,3.0,5.0,0.333,,0.0,0.346,2
R20210915_0109,2021-09-15,Horse_0786,Horse_0786,Jockey_040,5,牝,2400,ダート,良,7,53.0,445.6,-11.6,57.0,1.0,9.0,0.0,,0.0,0.538,1
R20210915_0109,2021-09-15,Horse_0132,Horse_0132,Jockey_063,7,牡,2400,ダート,良,8,54.4,467.2,-2.8,142.0,1.0,11.0,0.0,,,0.118,8
R20210915_0109,2021-09-15,Horse_0851,Horse_0851,Jockey_052,5,せん,2400,ダート,良,2,55.6,487.6,-3.9,91.0,1.0,9.0,0.0,,,0.421,7
R20210915_0109,2021-09-15,Horse_0508,Horse_0508,Jockey_026,2,牝,2400,ダート,良,1,54.8,487.8,-1.6,29.0,3.0,7.333,0.333,,0.5,0.278,4
R20210915_0109,2021-09-15,Horse_0627,Horse_0627,Jockey_022,3,牡,2400,ダート,良,4,54.4,470.5,-5.1,48.0,2.0,5.0,0.5,,1.0,0.25,5
R20210917_0110,2021-09-17,Horse_0662,Horse_0662,Jockey_025,6,牡,1400,芝,良,14,55.7,452.1,,,0.0,,,,,0.4,11
R20210917_0110,2021-09-17,Horse_0645,Horse_0645,Jockey_063,2,牝,1400,芝,良,15,53.8,524.7,1.2,207.0,0.0,8.0,0.0,,0.0,0.111,10
R20210917_0110,2021-09-17,Horse_0547,Horse_0547,Jockey_005,5,牡,1400,芝,良,3,54.5,444.7,-14.3,146.0,1.0,6.0,0.5,,1.0,0.524,5
R20210917_0110,2021-09-17,Horse_0184,Horse_0184,Jockey_065,7,牝,1400,芝,良,8,53.2,474.3,,,0.0,,,,,0.571,4
R20210917_0110,2021-09-17,Horse_0358,Horse_0358,Jockey_060,4,牝,1400,芝,良,6,53.8,492.6,13.1,151.0,1.0,12.0,0.0,,,0.0,15
R20210917_0110,2021-09-17,Horse_0413,Horse_0413,Jockey_022,2,牝,1400,芝,良,7,54.2,469.1,,,0.0,,,,,0.235,7
R20210917_0110,2021-09-17,Horse_0791,Horse_0791,Jockey_056,4,牡,1400,芝,良,9,56.8,469.2,-5.1,136.0,1.0,5.5,0.5,0.0,,0.333,3
R20210917_0110,2021-09-17,Horse_0897,Horse_0897,Jockey_002,5,牡,1400,芝,良,12,50.3,423.2,-3.7,30.0,3.0,6.667,0.0,,0.0,0.533,13
R20210917_0110,2021-09-17,Horse_0513,Horse_0513,Jockey_016,5,牝,1400,芝,良,5,56.2,473.0,0.2,40.0,4.0,7.667,0.0,,0.0,0.214,2
R20210917_0110,2021-09-17,Horse_0111,Horse_0111,Jockey_003,2,牡,1400,芝,良,2,53.3,454.7,6.8,152.0,1.0,9.0,0.0,,0.0,0.25,14
R20210917_0110,2021-09-17,Horse_0768,Horse_0768,Jockey_030,5,牝,1400,芝,良,13,56.9,442.8,-1.3,128.0,1.0,8.0,0.0,,0.0,0.118,8
R20210917_0110,2021-09-17,Horse_0030,Horse_0030,Jockey_067,6,牡,1400,芝,良,1,54.6,476.3,15.3,38.0,3.0,6.333,0.0,,0.0,0.3,1
R20210917_0110,2021-09-17,Horse_0498,Horse_0498,Jockey_032,2,牝,1400,芝,良,4,56.4,448.3,0.4,240.0,0.0,1.0,1.0,,,0.125,12
R20210917_0110,2021-09-17,Horse_0154,Horse_0154,Jockey_014,5,牝,1400,芝,良,10,55.2,461.6,,,0.0,,,,,0.067,6
R20210917_0110,2021-09-17,Horse_0510,Horse_0510,Jockey_041,3,牝,1400,芝,良,11,54.6,440.8,-21.6,70.0,2.0,9.5,0.0,,0.0,0.35,9
R20210920_0111,2021-09-20,Horse_0142,Horse_0142,Jockey_031,2,牡,1800,芝,良,7,55.3,421.6,3.6,120.0,1.0,3.0,1.0,,1.0,0.333,6
R20210920_0111,2021-09-20,Horse_0032,Horse_0032,Jockey_016,3,牝,1800,芝,良,5,55.5,515.2,-2.1,10.0,3.0,5.333,0.0,0.0,0.0,0.267,7
R20210920_0111,2021-09-20,Horse_0213,Horse_0213,Jockey_002,7,牝,1800,芝,良,1,55.6,455.6,1.8,100.0,1.0,2.5,1.0,,1.0,0.5,5
R20210920_0111,2021-09-20,Horse_0315,Horse_0315,Jockey_069,2,牡,1800,芝,良,4,55.3,448.0,-9.9,110.0,1.0,9.0,0.0,0.0,0.0,0.4,8
R20210920_0111,2021-09-20,Horse_0326,Horse_0326,Jockey_022,4,牝,1800,芝,良,8,53.7,504.6,5.2,100.0,2.0,10.5,0.0,0.0,,0.222,3
R20210920_0111,2021-09-20,Horse_0611,Horse_0611,Jockey_072,3,牡,1800,芝,良,6,55.8,431.9,-3.7,46.0,2.0,12.0,0.0,,0.0,0.25,4
R20210920_0111,2021-09-20,Horse_0895,Horse_0895,Jockey_014,6,牝,1800,芝,良,9,54.6,492.8,-8.7,146.0,2.0,4.0,0.5,0.0,,0.062,9
R20210920_0111,2021-09-20,Horse_0617,Horse_0617,Jockey_045,6,牡,1800,芝,良,2,54.2,534.6,7.9,37.0,1.0,6.0,0.0,,0.0,0.333,1
R20210920_0111,2021-09-20,Horse_0055,Horse_0055,Jockey_057,4,せん,1800,芝,良,3,53.7,477.8,-1.3,46.0,2.0,8.0,0.333,,1.0,0.312,2
R20210922_0112,2021-09-22,Horse_0647,Horse_0647,Jockey_024,2,牡,1400,ダート,稍重,1,53.8,452.3,,,0.0,,,,,0.133,3
R20210922_0112,2021-09-22,Horse_0062,Horse_0062,Jockey_044,2,せん,1400,ダート,稍重,13,54.8,478.3,1.1,43.0,1.0,11.0,0.0,,,0.25,1
R20210922_0112,2021-09-22,Horse_0099,Horse_0099,Jockey_015,3,牡,1400,ダート,稍重,2,53.4,475.7,-4.6,43.0,3.0,2.667,0.5,0.0,0.5,0.0,4
R20210922_0112,2021-09-22,Horse_0853,Horse_0853,Jockey_073,7,牡,1400,ダート,稍重,7,54.7,467.8,12.8,77.0,4.0,6.333,0.25,,0.0,0.188,6
R20210922_0112,2021-09-22,Horse_0295,Horse_0295,Jockey_046,4,牝,1400,ダート,稍重,11,54.1,459.4,8.6,75.0,1.0,3.0,1.0,,,0.111,11
R20210922_0112,2021-09-22,Horse_0220,Horse_0220,Jockey_037,6,牝,1400,ダート,稍重,5,57.0,521.3,0.1,35.0,2.0,12.333,0.0,0.0,0.0,0.263,12
R20210922_0112,2021-09-22,Horse_0766,Horse_0766,Jockey_018,5,牝,1400,ダート,稍重,10,54.7,430.6,-18.9,54.0,2.0,8.333,0.0,,0.0,0.333,7
R20210922_0112,2021-09-22,Horse_0559,Horse_0559,Jockey_025,2,牝,1400,ダート,稍重,3,56.0,505.6,-7.7,37.0,2.0,5.0,0.333,0.5,0.0,0.381,5
R20210922_0112,2021-09-22,Horse_0347,Horse_0347,Jockey_060,4,せん,1400,ダート,稍重,4,56.0,466.3,0.9,16.0,3.0,9.667,0.0,0.0,0.0,0.0,2
R20210922_0112,2021-09-22,Horse_0735,Horse_0735,Jockey_035,5,牝,1400,ダート,稍重,9,54.6,480.0,-3.4,12.0,2.0,13.0,0.0,,,0.0,13
R20210922_0112,2021-09-22,Horse_0490,Horse_0490,Jockey_059,7,せん,1400,ダート,稍重,8,56.2,456.7,11.9,93.0,2.0,1.5,1.0,,1.0,0.385,8
R20210922_0112,2021-09-22,Horse_0745,Horse_0745,Jockey_067,4,牝,1400,ダート,稍重,12,53.9,457.9,4.8,54.0,1.0,4.0,0.0,,0.0,0.323,9
R20210922_0112,2021-09-22,Horse_0555,Horse_0555,Jockey_077,4,牡,1400,ダート,稍重,6,54.7,441.2,5.5,85.0,1.0,6.0,0.0,,,0.0,10
R20210925_0113,2021-09-25,Horse_0165,Horse_0165,Jockey_049,7,牡,1200,ダート,重,8,53.7,478.8,12.7,148.0,2.0,10.333,0.0,0.0,0.0,0.294,10
R20210925_0113,2021-09-25,Horse_0426,Horse_0426,Jockey_011,5,牡,1200,ダート,重,13,55.0,456.9,9.1,14.0,2.0,8.0,0.0,0.0,,0.077,8
R20210925_0113,2021-09-25,Horse_0123,Horse_0123,Jockey_050,5,牝,1200,ダート,重,7,54.4,537.8,0.4,261.0,0.0,7.0,0.0,,,0.385,4
R20210925_0113,2021-09-25,Horse_0171,Horse_0171,Jockey_044,2,牡,1200,ダート,重,9,56.0,439.8,16.4,38.0,1.0,5.0,0.0,,0.0,0.294,11
R20210925_0113,2021-09-25,Horse_0173,Horse_0173,Jockey_037,5,牝,1200,ダート,重,2,55.7,449.1,-0.3,14.0,2.0,11.0,0.0,,0.0,0.25,12
R20210925_0113,2021-09-25,Horse_0636,Horse_0636,Jockey_031,7,牝,1200,ダート,重,12,52.8,513.0,1.9,57.0,1.0,8.0,0.0,0.0,0.0,0.312,6
R20210925_0113,2021-09-25,Horse_0878,Horse_0878,Jockey_040,7,せん,1200,ダート,重,11,57.9,479.7,7.2,146.0,1.0,4.0,0.5,,,0.571,5
R20210925_0113,2021-09-25,Horse_0761,Horse_0761,Jockey_004,4,牡,1200,ダート,重,4,57.5,500.0,-13.8,51.0,1.0,6.333,0.333,,0.5,0.05,3
R20210925_0113,2021-09-25,Horse_0093,Horse_0093,Jockey_062,6,牝,1200,ダート,重,10,57.2,470.7,,,0.0,,,,,0.111,1
R20210925_0113,2021-09-25,Horse_0181,Horse_0181,Jockey_010,5,牝,1200,ダート,重,5,55.0,469.1,14.7,112.0,1.0,14.0,0.0,,,0.235,7
R20210925_0113,2021-09-25,Horse_0356,Horse_0356,Jockey_047,2,牝,1200,ダート,重,1,54.1,446.9,-1.1,215.0,0.0,5.0,0.0,,,0.083,13
R20210925_0113,2021-09-25,Horse_0079,Horse_0079,Jockey_056,4,牡,1200,ダート,重,6,53.7,467.4,-2.0,211.0,0.0,13.0,0.0,,,0.375,9
R20210925_0113,2021-09-25,Horse_0546,Horse_0546,Jockey_080,2,牝,1200,ダート,重,3,56.6,428.5,7.9,56.0,3.0,4.0,0.25,,0.5,0.105,2
R20210928_0114,2021-09-28,Horse_0161,Horse_0161,Jockey_010,5,牝,1200,芝,良,5,54.7,433.7,-0.8,101.0,2.0,2.0,0.667,0.0,1.0,0.222,1
R20210928_0114,2021-09-28,Horse_0188,Horse_0188,Jockey_057,2,牡,1200,芝,良,2,57.4,415.8,0.6,121.0,2.0,1.0,1.0,1.0,1.0,0.353,2
R20210928_0114,2021-09-28,Horse_0483,Horse_0483,Jockey_023,3,牡,1200,芝,良,9,56.7,531.3,5.9,59.0,2.0,6.667,0.0,,0.0,0.071,8
R20210928_0114,2021-09-28,Horse_0288,Horse_0288,Jockey_046,7,牡,1200,芝,良,3,57.4,457.8,-10.8,74.0,2.0,4.5,0.5,,0.5,0.105,4
R20210928_0114,2021-09-28,Horse_0685,Horse_0685,Jockey_032,3,せん,1200,芝,良,4,54.6,403.8,10.1,55.0,1.0,9.5,0.0,,0.0,0.111,11
R20210928_0114,2021-09-28,Horse_0262,Horse_0262,Jockey_045,6,牡,1200,芝,良,13,54.3,522.4,12.6,77.0,3.0,9.0,0.0,0.0,0.0,0.368,7
R20210928_0114,2021-09-28,Horse_0681,Horse_0681,Jockey_025,4,牡,1200,芝,良,8,56.0,458.3,-0.2,162.0,1.0,11.0,0.0,0.0,,0.364,13
R20210928_0114,2021-09-28,Horse_0281,Horse_0281,Jockey_038,2,せん,1200,芝,良,1,55.9,463.4,-12.3,51.0,2.0,7.0,0.0,,0.0,0.231,10
R20210928_0114,2021-09-28,Horse_0590,Horse_0590,Jockey_005,2,牡,1200,芝,良,12,55.8,495.9,,,0.0,,,,,0.5,5
R20210928_0114,2021-09-28,Horse_0784,Horse_0784,Jockey_048,5,牝,1200,芝,良,6,53.6,394.0,-7.1,45.0,2.0,10.0,0.0,0.0,0.0,0.19,6
R20210928_0114,2021-09-28,Horse_0096,Horse_0096,Jockey_068,5,牝,1200,芝,良,11,53.6,479.2,-10.4,37.0,3.0,3.333,0.5,1.0,0.5,0.318,3
R20210928_0114,2021-09-28,Horse_0178,Horse_0178,Jockey_079,6,牝,1200,芝,良,7,54.1,462.9,-3.0,30.0,1.0,13.0,0.0,,,0.1,9
R20210928_0114,2021-09-28,Horse_0446,Horse_0446,Jockey_077,2,牡,1200,芝,良,10,54.4,441.0,-12.4,60.0,1.0,9.667,0.0,,0.0,0.0,12
R20211002_0115,2021-10-02,Horse_0650,Horse_0650,Jockey_035,5,牡,1400,ダート,重,2,55.6,429.2,0.7,74.0,2.0,4.333,0.4,,0.0,0.0,3
R20211002_0115,2021-10-02,Horse_0329,Horse_0329,Jockey_005,5,牡,1400,ダート,重,8,53.6,434.6,18.3,33.0,3.0,1.0,1.0,1.0,1.0,0.478,1
R20211002_0115,2021-10-02,Horse_0704,Horse_0704,Jockey_043,7,せん,1400,ダート,重,4,54.3,439.8,4.7,194.0,0.0,10.0,0.0,0.0,0.0,0.0,14
R20211002_0115,2021-10-02,Horse_0649,Horse_0649,Jockey_034,4,牝,1400,ダート,重,13,52.6,491.5,2.6,97.0,1.0,10.0,0.0,,,0.158,6
R20211002_0115,2021-10-02,Horse_0203,Horse_0203,Jockey_080,7,牝,1400,ダート,重,7,55.4,434.2,-3.7,63.0,1.0,7.0,0.0,0.0,,0.15,4
R20211002_0115,2021-10-02,Horse_0677,Horse_0677,Jockey_053,7,せん,1400,ダート,重,5,55.8,496.0,-11.0,140.0,1.0,13.0,0.0,0.0,,0.2,13
R20211002_0115,2021-10-02,Horse_0145,Horse_0145,Jockey_030,4,牡,1400,ダート,重,12,53.9,490.8,,,0.0,,,,,0.111,9
R20211002_0115,2021-10-02,Horse_0148,Horse_0148,Jockey_077,2,牡,1400,ダート,重,1,54.0,486.5,-4.1,37.0,2.0,6.667,0.333,,,0.0,5
R20211002_0115,2021-10-02,Horse_0874,Horse_0874,Jockey_047,3,牝,1400,ダート,重,14,54.4,512.3,3.6,180.0,1.0,6.5,0.0,,,0.077,10
R20211002_0115,2021-10-02,Horse_0645,Horse_0645,Jockey_033,2,牝,1400,ダート,重,6,51.4,511.3,-13.4,15.0,1.0,8.667,0.0,0.0,,0.385,8
R20211002_0115,2021-10-02,Horse_0809,Horse_0809,Jockey_042,4,牡,1400,ダート,重,3,54.1,534.3,-3.5,47.0,2.0,5.5,0.0,,0.0,0.211,2
R20211002_0115,2021-10-02,Horse_0296,Horse_0296,Jockey_054,5,せん,1400,ダート,重,11,54.8,435.2,-11.8,45.0,2.0,4.333,0.5,1.0,0.5,0.267,12
R20211002_0115,2021-10-02,Horse_0454,Horse_0454,Jockey_068,4,牡,1400,ダート,重,10,57.1,473.0,6.2,33.0,2.0,11.5,0.0,,0.0,0.348,11
R20211002_0115,2021-10-02,Horse_0393,Horse_0393,Jockey_014,2,牝,1400,ダート,重,9,52.6,448.8,0.4,105.0,2.0,6.0,0.5,,0.5,0.059,7
R20211006_0116,2021-10-06,Horse_0639,Horse_0639,Jockey_043,2,牝,1600,ダート,良,1,55.4,486.5,5.0,45.0,1.0,5.5,0.0,,0.0,0.0,3
R20211006_0116,2021-10-06,Horse_0201,Horse_0201,Jockey_052,3,牡,1600,ダート,良,5,56.2,473.8,-1.0,99.0,2.0,5.5,0.0,0.0,0.0,0.4,4
R20211006_0116,2021-10-06,Horse_0458,Horse_0458,Jockey_023,2,牡,1600,ダート,良,4,54.2,480.1,4.9,41.0,1.0,9.0,0.0,,,0.067,5
R20211006_0116,2021-10-06,Horse_0038,Horse_0038,Jockey_075,5,牡,1600,ダート,良,8,56.0,486.8,-17.1,105.0,1.0,9.0,0.0,0.0,0.0,0.375,7
R20211006_0116,2021-10-06,Horse_0608,Horse_0608,Jockey_071,7,牝,1600,ダート,良,7,51.9,415.4,-9.8,71.0,2.0,9.0,0.0,,0.0,0.4,2
R20211006_0116,2021-10-06,Horse_0318,Horse_0318,Jockey_080,5,牝,1600,ダート,良,2,55.4,503.3,2.4,193.0,0.0,8.5,0.0,0.0,,0.143,8
R20211006_0116,2021-10-06,Horse_0715,Horse_0715,Jockey_018,2,牝,1600,ダート,良,6,55.8,540.4,4.1,41.0,3.0,5.333,0.0,0.0,,0.312,1
R20211006_0116,2021-10-06,Horse_0406,Horse_0406,Jockey_012,6,せん,1600,ダート,良,3,53.8,434.5,,,0.0,,,,,0.143,6
R20211009_0117,2021-10-09,Horse_0055,Horse_0055,Jockey_055,4,せん,2000,芝,不良,3,56.5,466.2,-11.6,19.0,2.0,6.667,0.5,0.0,1.0,0.0,2
R20211009_0117,2021-10-09,Horse_0812,Horse_0812,Jockey_052,5,牡,2000,芝,不良,10,58.2,523.7,6.6,166.0,1.0,5.0,0.0,,0.0,0.381,5
R20211009_0117,2021-10-09,Horse_0192,Horse_0192,Jockey_068,6,牝,2000,芝,不良,2,56.4,502.7,11.7,154.0,1.0,4.0,0.5,,0.5,0.333,7
R20211009_0117,2021-10-09,Horse_0211,Horse_0211,Jockey_017,3,牡,2000,芝,不良,1,56.1,525.0,25.8,85.0,2.0,3.0,0.5,,0.5,0.5,10
R20211009_0117,2021-10-09,Horse_0514,Horse_0514,Jockey_013,6,牝,2000,芝,不良,4,55.3,494.2,4.3,104.0,1.0,4.667,0.333,1.0,0.333,0.062,9
R20211009_0117,2021-10-09,Horse_0855,Horse_0855,Jockey_073,6,牡,2000,芝,不良,11,54.9,494.9,-8.2,60.0,1.0,10.0,0.0,,0.0,0.176,6
R20211009_0117,2021-10-09,Horse_0611,Horse_0611,Jockey_019,3,牡,2000,芝,不良,5,56.0,433.4,1.5,19.0,3.0,8.333,0.0,0.0,0.0,0.286,8
R20211009_0117,2021-10-09,Horse_0129,Horse_0129,Jockey_005,4,牡,2000,芝,不良,6,53.8,537.5,-7.1,33.0,2.0,8.333,0.0,0.0,0.0,0.5,4
R20211009_0117,2021-10-09,Horse_0781,Horse_0781,Jockey_002,6,牡,2000,芝,不良,9,54.5,465.4,2.8,112.0,1.0,2.0,1.0,,,0.471,1
R20211009_0117,2021-10-09,Horse_0131,Horse_0131,Jockey_001,6,牝,2000,芝,不良,8,56.2,414.1,-11.1,24.0,1.0,3.0,1.0,,,0.263,3
R20211009_0117,2021-10-09,Horse_0681,Horse_0681,Jockey_018,4,牡,2000,芝,不良,7,55.9,451.6,-6.7,11.0,2.0,12.0,0.0,,0.0,0.353,11
R20211010_0118,2021-10-10,Horse_0651,Horse_0651,Jockey_042,4,牡,1600,芝,良,7,55.5,469.9,-0.9,46.0,2.0,6.0,0.2,,0.25,0.25,4
R20211010_0118,2021-10-10,Horse_0892,Horse_0892,Jockey_019,7,牡,1600,芝,良,3,56.2,461.8,4.6,158.0,1.0,11.0,0.0,,0.0,0.273,8
R20211010_0118,2021-10-10,Horse_0830,Horse_0830,Jockey_048,3,牝,1600,芝,良,9,53.7,422.3,1.5,228.0,0.0,12.5,0.0,,,0.182,9
R20211010_0118,2021-10-10,Horse_0154,Horse_0154,Jockey_073,5,牝,1600,芝,良,8,53.8,463.2,1.6,23.0,1.0,6.0,0.0,,0.0,0.167,3
R20211010_0118,2021-10-10,Horse_0066,Horse_0066,Jockey_050,6,牡,1600,芝,良,5,54.3,442.7,10.1,63.0,3.0,8.667,0.0,0.0,0.0,0.357,7
R20211010_0118,2021-10-10,Horse_0442,Horse_0442,Jockey_076,2,牝,1600,芝,良,4,55.8,515.5,16.1,89.0,3.0,6.667,0.0,0.0,0.0,0.214,5
R20211010_0118,2021-10-10,Horse_0267,Horse_0267,Jockey_013,6,牡,1600,芝,良,2,56.8,433.4,11.0,34.0,4.0,1.333,1.0,1.0,1.0,0.059,1
R20211010_0118,2021-10-10,Horse_0126,Horse_0126,Jockey_032,6,牝,1600,芝,良,1,53.9,477.0,5.1,34.0,1.0,7.0,0.5,,0.5,0.1,2
R20211010_0118,2021-10-10,Horse_0631,Horse_0631,Jockey_077,5,牝,1600,芝,良,6,56.1,446.1,2.5,46.0,1.0,5.5,0.5,,1.0,0.0,6
R20211013_0119,2021-10-13,Horse_0854,Horse_0854,Jockey_077,3,牝,1600,芝,重,9,54.4,461.8,13.2,48.0,4.0,11.0,0.25,0.0,0.333,0.0,6
R20211013_0119,2021-10-13,Horse_0149,Horse_0149,Jockey_009,4,牡,1600,芝,重,2,54.2,451.4,20.6,191.0,0.0,7.333,0.0,0.0,0.0,0.417,14
R20211013_0119,2021-10-13,Horse_0254,Horse_0254,Jockey_075,6,牝,1600,芝,重,5,56.9,430.0,-10.0,89.0,1.0,6.0,0.5,1.0,0.0,0.353,5
R20211013_0119,2021-10-13,Horse_0767,Horse_0767,Jockey_023,2,牡,1600,芝,重,6,55.5,464.5,4.8,33.0,1.0,8.0,0.0,,0.0,0.062,9
R20211013_0119,2021-10-13,Horse_0626,Horse_0626,Jockey_015,3,せん,1600,芝,重,4,52.5,437.0,0.2,45.0,2.0,1.667,0.75,1.0,0.667,0.0,2
R20211013_0119,2021-10-13,Horse_0763,Horse_0763,Jockey_011,2,牝,1600,芝,重,10,51.8,535.9,-3.6,69.0,1.0,10.667,0.0,,0.0,0.071,12
R20211013_0119,2021-10-13,Horse_0076,Horse_0076,Jockey_054,5,牡,1600,芝,重,8,55.6,388.7,-6.4,219.0,0.0,10.0,0.0,0.0,0.0,0.25,11
R20211013_0119,2021-10-13,Horse_0814,Horse_0814,Jockey_067,5,牝,1600,芝,重,13,53.8,437.0,-0.9,64.0,2.0,9.0,0.0,0.0,0.0,0.312,10
R20211013_0119,2021-10-13,Horse_0106,Horse_0106,Jockey_045,7,牡,1600,芝,重,14,53.1,389.1,-5.0,167.0,1.0,8.0,0.0,0.0,,0.35,3
R20211013_0119,2021-10-13,Horse_0284,Horse_0284,Jockey_013,3,牡,1600,芝,重,1,56.0,442.5,-1.7,33.0,2.0,4.5,0.0,0.0,0.0,0.111,8
R20211013_0119,2021-10-13,Horse_0034,Horse_0034,Jockey_074,7,牡,1600,芝,重,12,55.8,515.5,,,0.0,,,,,0.286,1
R20211013_0119,2021-10-13,Horse_0704,Horse_0704,Jockey_024,7,せん,1600,芝,重,11,54.0,430.0,-9.8,11.0,1.0,12.0,0.0,,,0.188,13
R20211013_0119,2021-10-13,Horse_0135,Horse_0135,Jockey_002,3,牝,1600,芝,重,7,54.5,431.4,4.1,74.0,1.0,5.0,0.0,,0.0,0.5,4
R20211013_0119,2021-10-13,Horse_0243,Horse_0243,Jockey_014,5,牡,1600,芝,重,3,55.3,486.8,2.7,143.0,2.0,5.5,0.0,0.0,0.0,0.056,7
R20211014_0120,2021-10-14,Horse_0736,Horse_0736,Jockey_011,3,牡,1200,芝,良,11,55.2,443.6,,,0.0,,,,,0.067,3
R20211014_0120,2021-10-14,Horse_0818,Horse_0818,Jockey_065,6,牝,1200,芝,良,13,52.7,419.6,-12.8,58.0,1.0,10.0,0.0,0.0,,0.5,16
R20211014_0120,2021-10-14,Horse_0177,Horse_0177,Jockey_006,4,牡,1200,芝,良,6,55.5,449.3,2.1,46.0,4.0,10.333,0.0,,0.0,0.333,7
R20211014_0120,2021-10-14,Horse_0649,Horse_0649,Jockey_060,4,牝,1200,芝,良,16,56.0,484.2,-7.3,12.0,2.0,8.0,0.0,,0.0,0.056,13
R20211014_0120,2021-10-14,Horse_0018,Horse_0018,Jockey_048,4,せん,1200,芝,良,10,54.8,450.9,7.0,183.0,0.0,5.0,0.0,,,0.174,14
R20211014_0120,2021-10-14,Horse_0862,Horse_0862,Jockey_007,2,牝,1200,芝,良,3,54.9,455.4,-1.6,45.0,1.0,14.0,0.0,,0.0,0.105,12
R20211014_0120,2021-10-14,Horse_0815,Horse_0815,Jockey_044,7,牝,1200,芝,良,2,55.4,503.3,7.2,83.0,1.0,2.0,1.0,,,0.278,10
R20211014_0120,2021-10-14,Horse_0810,Horse_0810,Jockey_032,4,牝,1200,芝,良,4,56.6,436.8,3.7,57.0,3.0,5.0,0.333,,0.0,0.182,5
R20211014_0120,2021-10-14,Horse_0108,Horse_0108,Jockey_022,4,牡,1200,芝,良,5,56.5,423.2,-7.0,83.0,2.0,10.667,0.25,,0.5,0.263,11
R20211014_0120,2021-10-14,Horse_0293,Horse_0293,Jockey_045,2,牝,1200,芝,良,8,53.9,518.8,15.3,112.0,2.0,2.333,0.75,,1.0,0.381,1
R20211014_0120,2021-10-14,Horse_0046,Horse_0046,Jockey_015,7,牡,1200,芝,良,9,54.8,501.4,0.8,50.0,2.0,7.667,0.0,0.0,0.0,0.056,6
R20211014_0120,2021-10-14,Horse_0491,Horse_0491,Jockey_003,4,せん,1200,芝,良,12,54.7,461.0,2.3,272.0,0.0,1.0,1.0,,1.0,0.235,9
R20211014_0120,2021-10-14,Horse_0435,Horse_0435,Jockey_079,3,牝,1200,芝,良,7,52.4,482.1,,,0.0,,,,,0.095,4
R20211014_0120,2021-10-14,Horse_0505,Horse_0505,Jockey_037,4,牡,1200,芝,良,15,55.2,467.9,-1.0,225.0,0.0,11.0,0.0,,0.0,0.238,15
R20211014_0120,2021-10-14,Horse_0693,Horse_0693,Jockey_066,6,せん,1200,芝,良,1,56.4,436.2,7.3,61.0,1.0,2.0,1.0,,1.0,0.353,2
R20211014_0120,2021-10-14,Horse_0253,Horse_0253,Jockey_073,2,せん,1200,芝,良,14,55.2,495.6,,,0.0,,,,,0.211,8
R20211016_0121,2021-10-16,Horse_0828,Horse_0828,Jockey_051,6,牡,1800,ダート,良,4,54.2,507.5,,,0.0,,,,,0.2,5
R20211016_0121,2021-10-16,Horse_0858,Horse_0858,Jockey_055,5,牝,1800,ダート,良,7,56.7,481.4,-8.6,126.0,2.0,3.667,0.333,,0.5,0.059,1
R20211016_0121,2021-10-16,Horse_0877,Horse_0877,Jockey_040,4,牡,1800,ダート,良,1,55.0,424.5,-13.6,44.0,1.0,4.5,0.0,,,0.533,4
R20211016_0121,2021-10-16,Horse_0660,Horse_0660,Jockey_070,2,牝,1800,ダート,良,8,56.0,491.8,-4.6,81.0,2.0,2.667,0.5,,,0.2,7
R20211016_0121,2021-10-16,Horse_0498,Horse_0498,Jockey_002,2,牝,1800,ダート,良,5,53.0,440.5,-7.8,29.0,1.0,6.5,0.5,,1.0,0.474,3
R20211016_0121,2021-10-16,Horse_0044,Horse_0044,Jockey_072,4,牝,1800,ダート,良,6,52.8,552.3,-2.1,223.0,0.0,5.667,0.333,1.0,,0.238,2
R20211016_0121,2021-10-16,Horse_0761,Horse_0761,Jockey_014,4,牡,1800,ダート,良,2,55.8,512.2,12.2,21.0,2.0,6.0,0.5,,0.667,0.053,6
R20211016_0121,2021-10-16,Horse_0032,Horse_0032,Jockey_027,3,牝,1800,ダート,良,3,52.9,521.9,6.7,26.0,4.0,6.333,0.0,0.0,0.0,0.167,8
R20211019_0122,2021-10-19,Horse_0236,Horse_0236,Jockey_014,3,牝,1400,芝,良,14,54.5,473.1,-15.0,47.0,2.0,9.0,0.0,,0.0,0.05,12
R20211019_0122,2021-10-19,Horse_0720,Horse_0720,Jockey_058,7,牝,1400,芝,良,15,54.5,419.2,-1.8,175.0,1.0,9.5,0.5,,1.0,0.2,10
R20211019_0122,2021-10-19,Horse_0422,Horse_0422,Jockey_039,5,牝,1400,芝,良,16,52.7,477.0,-16.1,38.0,1.0,11.333,0.0,,0.0,0.381,3
R20211019_0122,2021-10-19,Horse_0178,Horse_0178,Jockey_004,6,牝,1400,芝,良,9,54.7,475.0,12.1,21.0,2.0,11.0,0.0,,0.0,0.095,16
R20211019_0122,2021-10-19,Horse_0533,Horse_0533,Jockey_026,5,牝,1400,芝,良,8,55.7,503.4,9.6,225.0,0.0,5.0,0.0,,0.0,0.263,13
R20211019_0122,2021-10-19,Horse_0893,Horse_0893,Jockey_003,5,牡,1400,芝,良,5,54.4,470.7,-11.2,76.0,1.0,12.0,0.0,,0.0,0.222,14
R20211019_0122,2021-10-19,Horse_0275,Horse_0275,Jockey_021,7,牝,1400,芝,良,10,56.2,551.5,5.6,142.0,1.0,8.5,0.0,,0.0,0.2,15
R20211019_0122,2021-10-19,Horse_0822,Horse_0822,Jockey_069,7,牡,1400,芝,良,4,55.7,442.7,-0.1,175.0,1.0,6.667,0.333,,0.0,0.381,8
R20211019_0122,2021-10-19,Horse_0120,Horse_0120,Jockey_034,3,牝,1400,芝,良,11,52.8,451.6,-2.2,39.0,2.0,15.333,0.0,0.0,0.0,0.15,4
R20211019_0122,2021-10-19,Horse_0003,Horse_0003,Jockey_002,7,牝,1400,芝,良,2,53.7,474.9,9.8,38.0,3.0,4.333,0.25,0.0,0.5,0.5,5
R20211019_0122,2021-10-19,Horse_0038,Horse_0038,Jockey_009,5,牡,1400,芝,良,3,54.0,488.1,1.3,13.0,2.0,8.333,0.0,,0.0,0.385,1
R20211019_0122,2021-10-19,Horse_0457,Horse_0457,Jockey_065,7,牝,1400,芝,良,1,55.1,481.0,-1.9,82.0,1.0,4.0,0.0,0.0,0.0,0.444,7
R20211019_0122,2021-10-19,Horse_0313,Horse_0313,Jockey_063,4,牡,1400,芝,良,13,55.9,482.8,-1.0,51.0,2.0,4.0,0.25,,1.0,0.105,2
R20211019_0122,2021-10-19,Horse_0349,Horse_0349,Jockey_048,5,牡,1400,芝,良,6,57.2,503.0,-1.0,208.0,0.0,5.0,0.0,,0.0,0.167,9
R20211019_0122,2021-10-19,Horse_0750,Horse_0750,Jockey_041,5,牝,1400,芝,良,12,54.2,479.2,-7.7,142.0,1.0,7.667,0.0,,0.0,0.333,6
R20211019_0122,2021-10-19,Horse_0692,Horse_0692,Jockey_053,2,牡,1400,芝,良,7,52.5,455.4,-17.3,76.0,1.0,11.0,0.0,,,0.19,11
R20211023_0123,2021-10-23,Horse_0597,Horse_0597,Jockey_002,3,牝,1600,芝,良,8,54.3,477.2,18.8,208.0,0.0,10.0,0.0,,,0.476,8
R20211023_0123,2021-10-23,Horse_0626,Horse_0626,Jockey_076,3,せん,1600,芝,良,2,56.6,450.2,13.2,10.0,3.0,2.0,0.8,1.0,0.75,0.2,1
R20211023_0123,2021-10-23,Horse_0811,Horse_0811,Jockey_014,2,牝,1600,芝,良,4,53.4,457.1,-4.3,55.0,2.0,9.5,0.0,0.0,0.0,0.048,5
R20211023_0123,2021-10-23,Horse_0647,Horse_0647,Jockey_043,2,牡,1600,芝,良,5,57.2,451.0,-1.3,31.0,1.0,3.0,1.0,,,0.062,3
R20211023_0123,2021-10-23,Horse_0257,Horse_0257,Jockey_009,2,せん,1600,芝,良,3,58.4,460.7,7.9,62.0,1.0,8.667,0.0,,0.0,0.429,6
R20211023_0123,2021-10-23,Horse_0849,Horse_0849,Jockey_063,5,牡,1600,芝,良,6,55.3,458.1,,,0.0,,,,,0.15,4
R20211023_0123,2021-10-23,Horse_0131,Horse_0131,Jockey_049,6,牝,1600,芝,良,1,56.7,417.4,3.3,14.0,2.0,3.0,1.0,,1.0,0.278,2
R20211023_0123,2021-10-23,Horse_0111,Horse_0111,Jockey_025,2,牡,1600,芝,良,7,54.4,446.9,-7.8,36.0,1.0,11.5,0.0,,0.0,0.348,7
R20211026_0124,2021-10-26,Horse_0561,Horse_0561,Jockey_049,6,牝,1600,ダート,良,2,54.7,467.9,-11.8,139.0,1.0,4.0,0.0,,0.0,0.316,6
R20211026_0124,2021-10-26,Horse_0282,Horse_0282,Jockey_075,5,牡,1600,ダート,良,3,53.6,442.3,0.1,54.0,2.0,10.5,0.0,,0.0,0.333,1
R20211026_0124,2021-10-26,Horse_0601,Horse_0601,Jockey_031,6,牡,1600,ダート,良,6,54.7,476.1,0.0,127.0,2.0,9.0,0.0,0.0,,0.294,9
R20211026_0124,2021-10-26,Horse_0773,Horse_0773,Jockey_066,3,牡,1600,ダート,良,8,53.9,473.1,2.4,82.0,3.0,7.333,0.0,0.0,0.0,0.389,3
R20211026_0124,2021-10-26,Horse_0497,Horse_0497,Jockey_073,2,牡,1600,ダート,良,9,55.7,470.8,3.1,175.0,1.0,14.0,0.0,0.0,0.0,0.2,8
R20211026_0124,2021-10-26,Horse_0269,Horse_0269,Jockey_065,3,牝,1600,ダート,良,1,56.2,459.1,-14.8,50.0,2.0,2.333,0.75,0.0,1.0,0.4,2
R20211026_0124,2021-10-26,Horse_0186,Horse_0186,Jockey_080,5,せん,1600,ダート,良,7,55.2,447.8,,,0.0,,,,,0.136,7
R20211026_0124,2021-10-26,Horse_0575,Horse_0575,Jockey_068,4,牡,1600,ダート,良,5,55.1,474.7,-3.5,61.0,4.0,6.667,0.5,0.0,,0.32,5
R20211026_0124,2021-10-26,Horse_0174,Horse_0174,Jockey_043,6,牡,1600,ダート,良,4,56.3,468.1,5.2,95.0,2.0,10.667,0.0,0.0,0.0,0.118,4
R20211030_0125,2021-10-30,Horse_0086,Horse_0086,Jockey_016,4,せん,2400,芝,稍重,4,53.8,496.7,-3.9,199.0,0.0,3.0,0.5,,0.0,0.25,7
R20211030_0125,2021-10-30,Horse_0359,Horse_0359,Jockey_036,4,牝,2400,芝,稍重,2,55.0,483.9,-9.6,91.0,1.0,2.0,1.0,,1.0,0.421,4
R20211030_0125,2021-10-30,Horse_0763,Horse_0763,Jockey_060,2,牝,2400,芝,稍重,3,53.4,539.0,3.1,17.0,2.0,10.667,0.0,,0.0,0.053,9
R20211030_0125,2021-10-30,Horse_0287,Horse_0287,Jockey_080,5,牡,2400,芝,稍重,9,54.6,458.8,-2.3,154.0,1.0,6.5,0.0,,,0.13,3
R20211030_0125,2021-10-30,Horse_0809,Horse_0809,Jockey_068,4,牡,2400,芝,稍重,11,53.6,534.1,-0.2,28.0,3.0,4.333,0.333,,,0.308,2
R20211030_0125,2021-10-30,Horse_0218,Horse_0218,Jockey_031,7,牝,2400,芝,稍重,5,53.8,463.6,-16.7,50.0,2.0,12.0,0.0,,0.0,0.278,11
R20211030_0125,2021-10-30,Horse_0500,Horse_0500,Jockey_007,3,牝,2400,芝,稍重,10,53.8,436.2,-19.3,54.0,5.0,6.667,0.0,,0.0,0.1,1
R20211030_0125,2021-10-30,Horse_0363,Horse_0363,Jockey_079,3,牝,2400,芝,稍重,8,57.3,478.7,-5.6,154.0,1.0,11.0,0.0,,,0.091,10
R20211030_0125,2021-10-30,Horse_0379,Horse_0379,Jockey_009,2,牝,2400,芝,稍重,6,55.8,511.0,-2.0,140.0,1.0,4.0,0.0,0.0,,0.4,8
R20211030_0125,2021-10-30,Horse_0613,Horse_0613,Jockey_062,4,牡,2400,芝,稍重,1,54.1,435.5,3.2,45.0,3.0,4.333,0.5,1.0,0.5,0.158,6
R20211030_0125,2021-10-30,Horse_0543,Horse_0543,Jockey_076,7,牡,2400,芝,稍重,12,53.4,492.8,-4.9,62.0,3.0,7.667,0.0,0.0,0.0,0.25,5
R20211030_0125,2021-10-30,Horse_0248,Horse_0248,Jockey_002,7,牝,2400,芝,稍重,7,53.7,464.9,-4.4,86.0,3.0,13.0,0.0,,0.0,0.455,12
R20211102_0126,2021-11-02,Horse_0630,Horse_0630,Jockey_051,3,牡,1800,ダート,良,3,53.9,438.2,-0.8,77.0,2.0,7.667,0.0,,0.0,0.182,4
R20211102_0126,2021-11-02,Horse_0087,Horse_0087,Jockey_006,7,牝,1800,ダート,良,7,56.2,419.2,8.9,156.0,1.0,2.0,1.0,,1.0,0.316,1
R20211102_0126,2021-11-02,Horse_0023,Horse_0023,Jockey_046,6,牝,1800,ダート,良,1,52.7,464.6,8.7,112.0,1.0,6.5,0.0,,,0.1,6
R20211102_0126,2021-11-02,Horse_0645,Horse_0645,Jockey_060,2,牝,1800,ダート,良,6,54.1,518.2,6.9,31.0,2.0,10.0,0.0,,0.0,0.05,5
R20211102_0126,2021-11-02,Horse_0861,Horse_0861,Jockey_047,7,牡,1800,ダート,良,2,52.9,436.2,8.1,95.0,3.0,11.333,0.0,,0.0,0.071,8
R20211102_0126,2021-11-02,Horse_0441,Horse_0441,Jockey_013,3,牝,1800,ダート,良,4,56.5,452.8,-13.8,192.0,0.0,8.5,0.0,0.0,,0.105,7
R20211102_0126,2021-11-02,Horse_0805,Horse_0805,Jockey_080,5,せん,1800,ダート,良,8,55.7,496.6,-6.1,105.0,2.0,3.0,0.5,0.0,1.0,0.167,2
R20211102_0126,2021-11-02,Horse_0407,Horse_0407,Jockey_075,5,牝,1800,ダート,良,5,55.7,447.4,-0.9,141.0,1.0,9.0,0.0,,,0.368,3
R20211106_0127,2021-11-06,Horse_0778,Horse_0778,Jockey_014,3,牝,2000,芝,稍重,3,53.1,450.8,-4.8,102.0,1.0,7.0,0.0,0.0,0.0,0.045,7
R20211106_0127,2021-11-06,Horse_0449,Horse_0449,Jockey_031,4,牝,2000,芝,稍重,8,55.0,470.4,,,0.0,,,,,0.263,6
R20211106_0127,2021-11-06,Horse_0015,Horse_0015,Jockey_055,6,牝,2000,芝,稍重,1,54.9,544.4,12.1,138.0,1.0,3.0,1.0,,1.0,0.111,1
R20211106_0127,2021-11-06,Horse_0571,Horse_0571,Jockey_018,6,せん,2000,芝,稍重,2,54.9,449.5,-4.7,190.0,0.0,11.0,0.0,,0.0,0.333,8
R20211106_0127,2021-11-06,Horse_0862,Horse_0862,Jockey_050,2,牝,2000,芝,稍重,4,53.3,440.7,-14.7,23.0,2.0,13.0,0.0,,0.0,0.333,2
R20211106_0127,2021-11-06,Horse_0439,Horse_0439,Jockey_048,4,牝,2000,芝,稍重,5,55.0,428.2,1.7,224.0,0.0,13.0,0.0,,0.0,0.16,5
R20211106_0127,2021-11-06,Horse_0563,Horse_0563,Jockey_005,7,牡,2000,芝,稍重,7,55.2,483.4,-2.9,135.0,1.0,4.0,0.0,,0.0,0.48,3
R20211106_0127,2021-11-06,Horse_0314,Horse_0314,Jockey_064,3,牝,2000,芝,稍重,6,53.5,488.0,13.5,130.0,1.0,8.0,0.0,,0.0,0.158,4
R20211108_0128,2021-11-08,Horse_0860,Horse_0860,Jockey_038,5,牡,1200,芝,不良,5,53.4,547.2,14.9,118.0,1.0,2.0,1.0,,1.0,0.214,5
R20211108_0128,2021-11-08,Horse_0061,Horse_0061,Jockey_022,3,牡,1200,芝,不良,1,55.5,471.2,7.3,226.0,0.0,8.5,0.0,,0.0,0.25,8
R20211108_0128,2021-11-08,Horse_0237,Horse_0237,Jockey_009,5,牝,1200,芝,不良,9,52.5,418.4,-2.5,67.0,1.0,2.0,1.0,1.0,1.0,0.375,1
R20211108_0128,2021-11-08,Horse_0233,Horse_0233,Jockey_052,4,牝,1200,芝,不良,10,55.2,427.1,11.7,215.0,0.0,2.5,0.5,,0.5,0.364,3
R20211108_0128,2021-11-08,Horse_0835,Horse_0835,Jockey_059,6,せん,1200,芝,不良,3,55.1,480.7,20.8,136.0,1.0,3.0,1.0,,1.0,0.357,2
R20211108_0128,2021-11-08,Horse_0822,Horse_0822,Jockey_006,7,牡,1200,芝,不良,4,54.9,448.4,5.7,20.0,1.0,5.333,0.25,,0.0,0.35,7
R20211108_0128,2021-11-08,Horse_0147,Horse_0147,Jockey_020,7,牡,1200,芝,不良,8,52.2,459.5,11.0,90.0,1.0,7.0,0.0,0.0,0.0,0.118,4
R20211108_0128,2021-11-08,Horse_0678,Horse_0678,Jockey_017,7,牝,1200,芝,不良,7,54.5,477.6,-5.7,210.0,0.0,13.0,0.0,,,0.455,10
R20211108_0128,2021-11-08,Horse_0644,Horse_0644,Jockey_040,6,牡,1200,芝,不良,2,52.5,543.4,10.5,124.0,1.0,4.5,0.0,,0.0,0.5,6
R20211108_0128,2021-11-08,Horse_0545,Horse_0545,Jockey_014,5,牡,1200,芝,不良,6,53.8,482.1,20.1,196.0,0.0,7.0,0.0,0.0,0.0,0.043,9
R20211112_0129,2021-11-12,Horse_0897,Horse_0897,Jockey_061,5,牡,2000,芝,良,4,53.5,423.3,0.1,56.0,3.0,9.667,0.0,,0.0,0.37,4
R20211112_0129,2021-11-12,Horse_0600,Horse_0600,Jockey_042,2,牝,2000,芝,良,6,54.8,513.9,5.8,71.0,1.0,10.0,0.0,,0.0,0.238,2
R20211112_0129,2021-11-12,Horse_0282,Horse_0282,Jockey_053,5,牡,2000,芝,良,7,54.5,434.8,-7.5,17.0,3.0,7.333,0.333,,0.0,0.182,5
R20211112_0129,2021-11-12,Horse_0355,Horse_0355,Jockey_054,2,牡,2000,芝,良,1,55.0,450.3,-8.5,219.0,0.0,10.0,0.0,,0.0,0.235,7
R20211112_0129,2021-11-12,Horse_0388,Horse_0388,Jockey_033,7,牝,2000,芝,良,8,55.9,446.1,-7.5,90.0,1.0,14.0,0.0,,0.0,0.357,8
R20211112_0129,2021-11-12,Horse_0120,Horse_0120,Jockey_017,3,牝,2000,芝,良,2,52.9,438.3,-13.3,24.0,3.0,11.667,0.0,,0.0,0.417,6
R20211112_0129,2021-11-12,Horse_0136,Horse_0136,Jockey_059,5,牡,2000,芝,良,5,54.6,474.9,-0.6,78.0,1.0,8.5,0.0,,0.0,0.4,3
R20211112_0129,2021-11-12,Horse_0635,Horse_0635,Jockey_079,2,牡,2000,芝,良,3,54.8,464.7,0.0,130.0,2.0,4.5,0.5,0.5,1.0,0.087,1
R20211113_0130,2021-11-13,Horse_0129,Horse_0129,Jockey_068,4,牡,2000,ダート,良,3,56.7,545.0,7.5,35.0,3.0,7.333,0.0,0.0,0.0,0.333,7
R20211113_0130,2021-11-13,Horse_0489,Horse_0489,Jockey_020,2,牡,2000,ダート,良,2,54.6,494.1,5.1,107.0,2.0,11.5,0.0,,,0.111,3
R20211113_0130,2021-11-13,Horse_0062,Horse_0062,Jockey_025,2,せん,2000,ダート,良,9,54.5,478.5,0.2,52.0,2.0,6.0,0.5,,1.0,0.333,5
R20211113_0130,2021-11-13,Horse_0106,Horse_0106,Jockey_076,7,牡,2000,ダート,良,6,54.6,396.2,7.1,31.0,1.0,5.5,0.5,,0.0,0.235,9
R20211113_0130,2021-11-13,Horse_0685,Horse_0685,Jockey_058,3,せん,2000,ダート,良,4,55.5,395.8,-8.0,46.0,2.0,10.0,0.0,,0.0,0.192,10
R20211113_0130,2021-11-13,Horse_0879,Horse_0879,Jockey_061,7,牡,2000,ダート,良,10,55.0,474.1,-10.1,154.0,1.0,7.333,0.5,,0.333,0.357,4
R20211113_0130,2021-11-13,Horse_0617,Horse_0617,Jockey_040,6,牡,2000,ダート,良,1,54.4,523.1,-11.5,54.0,2.0,3.5,0.5,,,0.471,1
R20211113_0130,2021-11-13,Horse_0455,Horse_0455,Jockey_009,3,せん,2000,ダート,良,8,54.9,474.8,-0.8,219.0,0.0,11.5,0.0,,0.0,0.412,11
R20211113_0130,2021-11-13,Horse_0239,Horse_0239,Jockey_055,4,牡,2000,ダート,良,7,54.1,465.8,-1.4,109.0,2.0,7.0,0.0,0.0,0.0,0.158,6
R20211113_0130,2021-11-13,Horse_0313,Horse_0313,Jockey_073,4,牡,2000,ダート,良,11,54.3,469.7,-13.1,25.0,3.0,4.0,0.4,1.0,0.0,0.19,2
R20211113_0130,2021-11-13,Horse_0465,Horse_0465,Jockey_035,2,牡,2000,ダート,良,5,54.8,481.8,-1.4,209.0,0.0,4.0,0.0,,,0.091,8
R20211115_0131,2021-11-15,Horse_0108,Horse_0108,Jockey_079,4,牡,1600,ダート,重,6,53.3,429.2,6.0,32.0,3.0,11.667,0.2,0.0,0.0,0.125,3
R20211115_0131,2021-11-15,Horse_0896,Horse_0896,Jockey_030,6,牝,1600,ダート,重,4,53.8,472.7,10.2,99.0,2.0,11.0,0.0,0.0,,0.105,7
R20211115_0131,2021-11-15,Horse_0008,Horse_0008,Jockey_035,3,牝,1600,ダート,重,8,53.2,453.4,-4.1,115.0,2.0,7.5,0.0,0.0,0.0,0.083,2
R20211115_0131,2021-11-15,Horse_0159,Horse_0159,Jockey_055,4,牝,1600,ダート,重,5,53.0,519.1,-6.2,197.0,0.0,3.0,1.0,,,0.15,4
R20211115_0131,2021-11-15,Horse_0236,Horse_0236,Jockey_024,3,牝,1600,ダート,重,1,53.3,478.6,5.5,27.0,2.0,10.0,0.0,0.0,0.0,0.176,5
R20211115_0131,2021-11-15,Horse_0548,Horse_0548,Jockey_008,5,牡,1600,ダート,重,7,55.1,468.6,-2.3,235.0,0.0,13.5,0.0,0.0,,0.154,6
R20211115_0131,2021-11-15,Horse_0484,Horse_0484,Jockey_016,6,牡,1600,ダート,重,2,55.5,443.2,7.5,195.0,0.0,1.667,1.0,1.0,1.0,0.235,1
R20211115_0131,2021-11-15,Horse_0203,Horse_0203,Jockey_080,7,牝,1600,ダート,重,3,53.1,430.2,-4.0,44.0,2.0,6.0,0.0,0.0,0.0,0.2,8
R20211119_0132,2021-11-19,Horse_0866,Horse_0866,Jockey_076,5,牝,2400,芝,良,4,54.6,472.2,,,0.0,,,,,0.222,9
R20211119_0132,2021-11-19,Horse_0636,Horse_0636,Jockey_035,7,牝,2400,芝,良,11,52.9,520.6,7.6,55.0,2.0,7.0,0.0,,0.0,0.154,11
R20211119_0132,2021-11-19,Horse_0194,Horse_0194,Jockey_030,7,牡,2400,芝,良,3,55.8,476.4,-0.8,212.0,0.0,9.0,0.0,,0.0,0.1,6
R20211119_0132,2021-11-19,Horse_0629,Horse_0629,Jockey_012,5,牡,2400,芝,良,8,56.6,501.1,5.8,86.0,3.0,5.0,0.2,,0.0,0.136,2
R20211119_0132,2021-11-19,Horse_0757,Horse_0757,Jockey_013,3,牡,2400,芝,良,1,56.8,456.2,12.3,126.0,2.0,5.333,0.333,0.0,0.333,0.1,12
R20211119_0132,2021-11-19,Horse_0631,Horse_0631,Jockey_022,5,牝,2400,芝,良,12,55.2,460.0,13.9,40.0,2.0,5.667,0.333,,0.5,0.238,4
R20211119_0132,2021-11-19,Horse_0198,Horse_0198,Jockey_007,3,牡,2400,芝,良,6,56.3,435.8,,,0.0,,,,,0.143,7
R20211119_0132,2021-11-19,Horse_0637,Horse_0637,Jockey_005,2,牡,2400,芝,良,5,54.3,487.5,6.9,85.0,1.0,8.333,0.0,,0.0,0.5,1
R20211119_0132,2021-11-19,Horse_0063,Horse_0063,Jockey_032,7,牝,2400,芝,良,2,53.1,509.5,,,0.0,,,,,0.167,5
R20211119_0132,2021-11-19,Horse_0452,Horse_0452,Jockey_053,2,牡,2400,芝,良,10,53.9,474.3,3.9,195.0,0.0,11.0,0.0,,0.0,0.174,10
R20211119_0132,2021-11-19,Horse_0232,Horse_0232,Jockey_024,6,牡,2400,芝,良,9,55.9,486.3,-6.1,209.0,0.0,3.333,0.667,1.0,0.667,0.167,8
R20211119_0132,2021-11-19,Horse_0630,Horse_0630,Jockey_078,3,牡,2400,芝,良,7,53.9,431.4,-6.8,17.0,3.0,7.667,0.0,0.0,0.0,0.2,3
R20211121_0133,2021-11-21,Horse_0336,Horse_0336,Jockey_038,5,せん,1400,芝,重,4,55.8,478.7,16.8,149.0,1.0,6.0,0.0,,0.0,0.2,8
R20211121_0133,2021-11-21,Horse_0050,Horse_0050,Jockey_074,6,牝,1400,芝,重,10,52.8,459.5,-9.7,114.0,2.0,14.0,0.0,0.0,0.0,0.318,11
R20211121_0133,2021-11-21,Horse_0575,Horse_0575,Jockey_065,4,牡,1400,芝,重,7,55.8,474.5,-0.2,26.0,4.0,5.0,0.4,1.0,0.5,0.455,4
R20211121_0133,2021-11-21,Horse_0493,Horse_0493,Jockey_037,2,牡,1400,芝,重,1,54.7,509.3,-13.9,180.0,1.0,13.5,0.0,,0.0,0.227,12
R20211121_0133,2021-11-21,Horse_0211,Horse_0211,Jockey_073,3,牡,1400,芝,重,2,55.7,514.1,-10.9,43.0,2.0,5.333,0.333,,0.333,0.227,5
R20211121_0133,2021-11-21,Horse_0174,Horse_0174,Jockey_015,6,牡,1400,芝,重,11,54.6,466.1,-2.0,26.0,2.0,8.667,0.0,,0.0,0.053,10
R20211121_0133,2021-11-21,Horse_0613,Horse_0613,Jockey_016,4,牡,1400,芝,重,5,55.6,434.5,-1.0,22.0,3.0,5.667,0.4,0.0,0.333,0.278,1
R20211121_0133,2021-11-21,Horse_0368,Horse_0368,Jockey_055,5,牝,1400,芝,重,6,54.0,435.4,13.6,115.0,2.0,9.0,0.0,0.0,0.0,0.143,9
R20211121_0133,2021-11-21,Horse_0270,Horse_0270,Jockey_024,3,牡,1400,芝,重,8,56.3,434.8,-1.2,180.0,1.0,8.333,0.25,0.0,0.333,0.158,6
R20211121_0133,2021-11-21,Horse_0425,Horse_0425,Jockey_070,5,牝,1400,芝,重,9,55.3,474.1,,,0.0,,,,,0.192,2
R20211121_0133,2021-11-21,Horse_0339,Horse_0339,Jockey_014,7,牡,1400,芝,重,3,57.9,471.2,-2.3,208.0,0.0,7.667,0.0,0.0,0.0,0.042,7
R20211121_0133,2021-11-21,Horse_0006,Horse_0006,Jockey_044,3,牡,1400,芝,重,12,56.1,491.4,-13.5,88.0,1.0,2.5,1.0,1.0,,0.263,3
R20211125_0134,2021-11-25,Horse_0158,Horse_0158,Jockey_066,6,牡,1600,芝,稍重,10,55.2,465.5,-4.2,194.0,0.0,2.0,1.0,,1.0,0.421,3
R20211125_0134,2021-11-25,Horse_0818,Horse_0818,Jockey_031,6,牝,1600,芝,稍重,6,53.0,419.1,-0.5,42.0,2.0,13.0,0.0,,0.0,0.25,11
R20211125_0134,2021-11-25,Horse_0440,Horse_0440,Jockey_062,5,牡,1600,芝,稍重,7,55.7,531.4,-7.2,87.0,1.0,8.0,0.0,,0.0,0.15,9
R20211125_0134,2021-11-25,Horse_0877,Horse_0877,Jockey_025,4,牡,1600,芝,稍重,9,55.1,427.3,2.8,40.0,2.0,4.333,0.0,,0.0,0.32,1
R20211125_0134,2021-11-25,Horse_0888,Horse_0888,Jockey_052,4,牝,1600,芝,稍重,12,54.1,447.0,,,0.0,,,,,0.391,4
R20211125_0134,2021-11-25,Horse_0504,Horse_0504,Jockey_058,7,牝,1600,芝,稍重,3,55.9,502.0,3.3,132.0,2.0,4.667,0.0,,0.0,0.185,2
R20211125_0134,2021-11-25,Horse_0040,Horse_0040,Jockey_063,7,せん,1600,芝,稍重,4,56.6,452.0,3.1,76.0,2.0,8.333,0.0,0.0,0.0,0.143,5
R20211125_0134,2021-11-25,Horse_0360,Horse_0360,Jockey_015,5,牝,1600,芝,稍重,11,56.7,436.8,-2.1,92.0,1.0,4.0,0.5,,0.667,0.05,10
R20211125_0134,2021-11-25,Horse_0583,Horse_0583,Jockey_075,6,せん,1600,芝,稍重,8,53.1,543.5,0.5,84.0,1.0,5.0,0.0,,0.0,0.4,7
R20211125_0134,2021-11-25,Horse_0239,Horse_0239,Jockey_036,4,牡,1600,芝,稍重,1,52.4,462.8,-3.0,12.0,3.0,6.667,0.0,0.0,0.0,0.4,12
R20211125_0134,2021-11-25,Horse_0413,Horse_0413,Jockey_018,2,牝,1600,芝,稍重,13,55.1,459.6,-9.5,69.0,1.0,7.0,0.0,,0.0,0.316,6
R20211125_0134,2021-11-25,Horse_0138,Horse_0138,Jockey_053,5,牡,1600,芝,稍重,5,55.0,472.2,-1.1,313.0,0.0,10.0,0.0,,,0.167,13
R20211125_0134,2021-11-25,Horse_0894,Horse_0894,Jockey_014,3,牝,1600,芝,稍重,2,53.7,488.2,-4.2,84.0,1.0,5.0,0.5,1.0,0.0,0.04,8
R20211128_0135,2021-11-28,Horse_0830,Horse_0830,Jockey_011,3,牝,2400,ダート,良,10,55.9,414.2,-8.1,49.0,1.0,11.333,0.0,0.0,0.0,0.125,11
R20211128_0135,2021-11-28,Horse_0113,Horse_0113,Jockey_008,7,せん,2400,ダート,良,8,56.7,446.5,6.4,265.0,0.0,2.0,1.0,,,0.143,13
R20211128_0135,2021-11-28,Horse_0466,Horse_0466,Jockey_055,5,牡,2400,ダート,良,2,55.4,499.7,-7.5,224.0,0.0,3.0,1.0,,,0.136,10
R20211128_0135,2021-11-28,Horse_0079,Horse_0079,Jockey_010,4,牡,2400,ダート,良,9,53.1,457.3,-10.1,64.0,1.0,11.0,0.0,,0.0,0.263,2
R20211128_0135,2021-11-28,Horse_0736,Horse_0736,Jockey_017,3,牡,2400,ダート,良,6,55.0,441.2,-2.4,45.0,1.0,3.0,1.0,,,0.385,7
R20211128_0135,2021-11-28,Horse_0342,Horse_0342,Jockey_021,2,牝,2400,ダート,良,3,53.3,455.7,-5.8,221.0,0.0,10.0,0.0,,,0.188,14
R20211128_0135,2021-11-28,Horse_0465,Horse_0465,Jockey_064,2,牡,2400,ダート,良,7,54.9,480.8,-1.0,15.0,1.0,6.0,0.0,,0.0,0.15,8
R20211128_0135,2021-11-28,Horse_0710,Horse_0710,Jockey_052,4,せん,2400,ダート,良,5,55.3,437.5,12.8,131.0,2.0,5.0,0.2,,0.333,0.375,6
R20211128_0135,2021-11-28,Horse_0119,Horse_0119,Jockey_077,4,牝,2400,ダート,良,13,54.3,402.9,-7.9,122.0,1.0,1.5,1.0,1.0,,0.0,5
R20211128_0135,2021-11-28,Horse_0689,Horse_0689,Jockey_042,2,牝,2400,ダート,良,14,53.4,414.1,-7.3,200.0,0.0,8.667,0.0,0.0,0.0,0.273,9
R20211128_0135,2021-11-28,Horse_0109,Horse_0109,Jockey_062,2,牡,2400,ダート,良,11,54.2,495.6,,,0.0,,,,,0.143,3
R20211128_0135,2021-11-28,Horse_0781,Horse_0781,Jockey_074,6,牡,2400,ダート,良,1,55.3,452.3,-13.1,50.0,2.0,1.5,1.0,,1.0,0.304,1
R20211128_0135,2021-11-28,Horse_0181,Horse_0181,Jockey_040,5,牝,2400,ダート,良,4,51.9,461.3,-7.8,64.0,2.0,11.667,0.0,,0.0,0.5,12
R20211128_0135,2021-11-28,Horse_0319,Horse_0319,Jockey_033,5,牝,2400,ダート,良,12,55.1,457.5,-7.7,277.0,0.0,1.0,1.0,,1.0,0.333,4
R20211129_0136,2021-11-29,Horse_0235,Horse_0235,Jockey_028,4,せん,2400,芝,良,9,54.5,509.4,-6.2,161.0,1.0,11.0,0.0,,0.0,0.308,12
R20211129_0136,2021-11-29,Horse_0098,Horse_0098,Jockey_071,2,牝,2400,芝,良,12,55.0,432.5,4.0,267.0,0.0,8.667,0.0,0.0,0.0,0.438,13
R20211129_0136,2021-11-29,Horse_0751,Horse_0751,Jockey_055,6,牡,2400,芝,良,1,55.3,495.7,,,0.0,,,,,0.13,8
R20211129_0136,2021-11-29,Horse_0197,Horse_0197,Jockey_063,3,牡,2400,芝,良,13,56.9,479.9,-4.3,166.0,1.0,8.0,0.0,,0.0,0.136,6
R20211129_0136,2021-11-29,Horse_0490,Horse_0490,Jockey_054,7,せん,2400,芝,良,6,54.4,448.0,-8.7,68.0,2.0,3.667,0.667,,1.0,0.222,3
R20211129_0136,2021-11-29,Horse_0858,Horse_0858,Jockey_078,5,牝,2400,芝,良,16,56.3,479.7,-1.7,44.0,2.0,2.0,0.5,1.0,0.0,0.25,1
R20211129_0136,2021-11-29,Horse_0895,Horse_0895,Jockey_060,6,牝,2400,芝,良,11,55.3,494.1,1.3,70.0,1.0,5.667,0.333,,0.0,0.048,14
R20211129_0136,2021-11-29,Horse_0871,Horse_0871,Jockey_021,3,牝,2400,芝,良,7,52.5,500.1,-6.7,258.0,0.0,9.0,0.0,,0.0,0.176,15
R20211129_0136,2021-11-29,Horse_0629,Horse_0629,Jockey_019,5,牡,2400,芝,良,15,56.2,504.1,3.0,10.0,4.0,4.0,0.4,1.0,0.25,0.261,5
R20211129_0136,2021-11-29,Horse_0116,Horse_0116,Jockey_014,5,牝,2400,芝,良,14,54.8,489.8,-1.4,79.0,2.0,7.333,0.5,1.0,0.667,0.038,10
R20211129_0136,2021-11-29,Horse_0759,Horse_0759,Jockey_009,5,牝,2400,芝,良,4,52.6,455.1,-2.2,88.0,1.0,5.0,0.5,1.0,0.5,0.389,2
R20211129_0136,2021-11-29,Horse_0605,Horse_0605,Jockey_022,7,牡,2400,芝,良,8,55.6,482.0,4.8,116.0,1.0,7.667,0.0,,0.0,0.227,7
R20211129_0136,2021-11-29,Horse_0566,Horse_0566,Jockey_038,4,牝,2400,芝,良,2,52.9,440.6,5.6,163.0,1.0,3.0,1.0,,,0.188,9
R20211129_0136,2021-11-29,Horse_0137,Horse_0137,Jockey_010,5,牡,2400,芝,良,5,55.2,421.8,-8.0,96.0,1.0,11.0,0.0,,0.0,0.3,16
R20211129_0136,2021-11-29,Horse_0500,Horse_0500,Jockey_057,3,牝,2400,芝,良,10,54.3,448.5,12.3,30.0,6.0,5.667,0.2,1.0,0.2,0.389,4
R20211129_0136,2021-11-29,Horse_0056,Horse_0056,Jockey_049,5,牝,2400,芝,良,3,55.0,488.9,-0.9,276.0,0.0,4.0,0.0,,0.0,0.3,11
R20211202_0137,2021-12-02,Horse_0337,Horse_0337,Jockey_038,5,牝,1600,ダート,稍重,8,55.1,492.2,-14.1,136.0,1.0,9.0,0.0,,0.0,0.176,10
R20211202_0137,2021-12-02,Horse_0647,Horse_0647,Jockey_035,2,牡,1600,ダート,稍重,11,55.0,452.2,1.2,40.0,2.0,3.0,1.0,1.0,1.0,0.143,1
R20211202_0137,2021-12-02,Horse_0619,Horse_0619,Jockey_061,5,牡,1600,ダート,稍重,9,53.2,488.1,-24.1,171.0,1.0,7.0,0.0,,,0.345,12
R20211202_0137,2021-12-02,Horse_0162,Horse_0162,Jockey_037,7,牡,1600,ダート,稍重,13,54.6,503.5,-0.5,131.0,1.0,6.5,0.5,,,0.217,4
R20211202_0137,2021-12-02,Horse_0635,Horse_0635,Jockey_020,2,牡,1600,ダート,稍重,15,56.5,461.0,-3.7,20.0,3.0,3.333,0.667,,0.0,0.158,2
R20211202_0137,2021-12-02,Horse_0520,Horse_0520,Jockey_009,3,牡,1600,ダート,稍重,12,56.2,494.2,0.1,296.0,0.0,1.0,1.0,,,0.421,6
R20211202_0137,2021-12-02,Horse_0896,Horse_0896,Jockey_021,6,牝,1600,ダート,稍重,4,55.6,469.3,-3.4,17.0,3.0,10.667,0.0,0.0,0.0,0.167,13
R20211202_0137,2021-12-02,Horse_0444,Horse_0444,Jockey_023,6,牝,1600,ダート,稍重,10,54.7,422.1,5.0,214.0,0.0,15.0,0.0,,,0.059,14
R20211202_0137,2021-12-02,Horse_0541,Horse_0541,Jockey_049,5,牝,1600,ダート,稍重,7,52.3,428.2,-2.9,106.0,2.0,6.0,0.333,0.0,0.5,0.286,9
R20211202_0137,2021-12-02,Horse_0446,Horse_0446,Jockey_019,2,牡,1600,ダート,稍重,14,55.6,453.5,12.5,65.0,2.0,10.0,0.0,0.0,0.0,0.25,11
R20211202_0137,2021-12-02,Horse_0189,Horse_0189,Jockey_007,3,牝,1600,ダート,稍重,5,53.5,428.4,1.3,91.0,2.0,7.333,0.0,0.0,0.0,0.136,7
R20211202_0137,2021-12-02,Horse_0559,Horse_0559,Jockey_017,2,牝,1600,ダート,稍重,3,56.5,512.8,7.2,71.0,3.0,5.333,0.25,0.0,0.0,0.357,3
R20211202_0137,2021-12-02,Horse_0145,Horse_0145,Jockey_067,4,牡,1600,ダート,稍重,1,55.6,510.8,20.0,61.0,1.0,9.0,0.0,,0.0,0.303,5
R20211202_0137,2021-12-02,Horse_0773,Horse_0773,Jockey_043,3,牡,1600,ダート,稍重,2,54.4,466.6,-6.5,37.0,3.0,6.333,0.2,0.25,0.333,0.111,8
R20211202_0137,2021-12-02,Horse_0177,Horse_0177,Jockey_006,4,牡,1600,ダート,稍重,6,54.8,447.2,-2.1,49.0,4.0,9.667,0.0,0.0,0.0,0.333,15
R20211203_0138,2021-12-03,Horse_0685,Horse_0685,Jockey_005,3,せん,2400,芝,良,8,54.4,393.4,-2.4,20.0,3.0,9.667,0.0,,0.0,0.519,1
R20211203_0138,2021-12-03,Horse_0573,Horse_0573,Jockey_068,5,牡,2400,芝,良,1,56.0,453.8,-19.6,295.0,0.0,1.0,1.0,,1.0,0.321,11
R20211203_0138,2021-12-03,Horse_0417,Horse_0417,Jockey_078,4,牡,2400,芝,良,11,55.7,464.6,-3.8,215.0,0.0,5.5,0.5,,0.0,0.294,5
R20211203_0138,2021-12-03,Horse_0316,Horse_0316,Jockey_080,7,牡,2400,芝,良,6,56.8,494.6,6.7,111.0,1.0,2.0,1.0,,1.0,0.192,3
R20211203_0138,2021-12-03,Horse_0758,Horse_0758,Jockey_014,6,牝,2400,芝,良,10,51.5,484.2,0.7,213.0,0.0,11.0,0.0,,,0.037,2
R20211203_0138,2021-12-03,Horse_0897,Horse_0897,Jockey_013,5,牡,2400,芝,良,3,57.0,423.1,-0.2,21.0,4.0,9.333,0.0,,0.0,0.095,10
R20211203_0138,2021-12-03,Horse_0287,Horse_0287,Jockey_001,5,牡,2400,芝,良,7,55.8,462.6,3.8,34.0,1.0,5.333,0.333,1.0,1.0,0.3,4
R20211203_0138,2021-12-03,Horse_0880,Horse_0880,Jockey_059,7,牝,2400,芝,良,5,54.7,486.3,8.3,174.0,1.0,10.0,0.0,0.0,0.0,0.438,6
R20211203_0138,2021-12-03,Horse_0397,Horse_0397,Jockey_031,5,牝,2400,芝,良,4,55.8,437.1,-2.0,111.0,3.0,11.0,0.0,0.0,0.0,0.238,8
R20211203_0138,2021-12-03,Horse_0356,Horse_0356,Jockey_042,2,牝,2400,芝,良,9,50.9,447.1,0.2,69.0,1.0,9.0,0.0,,0.0,0.261,9
R20211203_0138,2021-12-03,Horse_0663,Horse_0663,Jockey_035,2,牝,2400,芝,良,2,55.0,471.3,-3.9,188.0,0.0,3.0,0.667,0.0,0.5,0.2,7
R20211205_0139,2021-12-05,Horse_0203,Horse_0203,Jockey_019,7,牝,2000,芝,不良,8,55.4,433.0,2.8,20.0,3.0,5.333,0.0,,0.0,0.24,6
R20211205_0139,2021-12-05,Horse_0496,Horse_0496,Jockey_042,5,牡,2000,芝,不良,9,54.4,442.2,,,0.0,,,,,0.25,3
R20211205_0139,2021-12-05,Horse_0649,Horse_0649,Jockey_026,4,牝,2000,芝,不良,6,52.0,480.3,-3.9,52.0,3.0,9.667,0.0,,0.0,0.25,2
R20211205_0139,2021-12-05,Horse_0878,Horse_0878,Jockey_079,7,せん,2000,芝,不良,1,56.5,469.5,-10.2,71.0,1.0,4.333,0.333,0.5,0.5,0.16,7
R20211205_0139,2021-12-05,Horse_0665,Horse_0665,Jockey_074,5,牝,2000,芝,不良,3,54.6,502.8,-9.4,200.0,0.0,10.333,0.0,,0.0,0.333,11
R20211205_0139,2021-12-05,Horse_0394,Horse_0394,Jockey_032,3,牝,2000,芝,不良,4,54.5,477.5,-2.8,186.0,0.0,2.0,1.0,,1.0,0.154,1
R20211205_0139,2021-12-05,Horse_0096,Horse_0096,Jockey_022,5,牝,2000,芝,不良,2,57.1,481.9,2.7,68.0,3.0,2.333,0.6,,0.667,0.217,8
R20211205_0139,2021-12-05,Horse_0855,Horse_0855,Jockey_065,6,牡,2000,芝,不良,12,55.3,503.7,8.8,57.0,2.0,8.667,0.0,0.0,0.0,0.417,10
R20211205_0139,2021-12-05,Horse_0026,Horse_0026,Jockey_011,2,牡,2000,芝,不良,10,55.9,478.5,7.4,183.0,0.0,13.0,0.0,,0.0,0.118,12
R20211205_0139,2021-12-05,Horse_0507,Horse_0507,Jockey_056,2,牝,2000,芝,不良,7,53.0,465.3,,,0.0,,,,,0.353,4
R20211205_0139,2021-12-05,Horse_0610,Horse_0610,Jockey_051,3,牝,2000,芝,不良,11,55.8,432.3,-2.1,214.0,0.0,1.0,1.0,1.0,1.0,0.167,5
R20211205_0139,2021-12-05,Horse_0711,Horse_0711,Jockey_013,4,牝,2000,芝,不良,5,52.0,461.8,-6.6,215.0,0.0,8.5,0.0,0.0,0.0,0.091,9
R20211209_0140,2021-12-09,Horse_0860,Horse_0860,Jockey_034,5,牡,2400,芝,良,4,55.0,529.5,-17.7,31.0,2.0,3.5,0.5,,0.5,0.143,7
R20211209_0140,2021-12-09,Horse_0076,Horse_0076,Jockey_050,5,牡,2400,芝,良,9,54.2,383.9,-4.8,57.0,1.0,10.5,0.0,,0.0,0.375,14
R20211209_0140,2021-12-09,Horse_0351,Horse_0351,Jockey_038,5,牝,2400,芝,良,5,55.5,528.4,3.5,113.0,1.0,3.5,0.5,,1.0,0.167,12
R20211209_0140,2021-12-09,Horse_0342,Horse_0342,Jockey_078,2,牝,2400,芝,良,2,55.7,459.8,4.1,11.0,1.0,12.0,0.0,0.0,0.0,0.278,16
R20211209_0140,2021-12-09,Horse_0837,Horse_0837,Jockey_032,7,牡,2400,芝,良,13,54.6,471.5,-1.9,193.0,0.0,7.5,0.0,,0.0,0.214,6
R20211209_0140,2021-12-09,Horse_0347,Horse_0347,Jockey_013,4,せん,2400,芝,良,3,54.7,459.4,-6.9,78.0,4.0,7.0,0.2,0.0,0.0,0.087,9
R20211209_0140,2021-12-09,Horse_0194,Horse_0194,Jockey_036,7,牡,2400,芝,良,16,53.1,485.2,8.8,20.0,1.0,7.5,0.0,0.0,0.0,0.381,2
R20211209_0140,2021-12-09,Horse_0485,Horse_0485,Jockey_069,2,牝,2400,芝,良,10,53.9,438.4,0.4,143.0,1.0,4.0,0.0,,,0.364,1
R20211209_0140,2021-12-09,Horse_0608,Horse_0608,Jockey_054,7,牝,2400,芝,良,15,54.4,421.7,6.3,64.0,2.0,6.0,0.2,,0.0,0.263,3
R20211209_0140,2021-12-09,Horse_0723,Horse_0723,Jockey_014,7,牝,2400,芝,良,1,54.3,486.4,,,0.0,,,,,0.071,10
R20211209_0140,2021-12-09,Horse_0457,Horse_0457,Jockey_029,7,牝,2400,芝,良,6,51.5,491.9,10.9,51.0,2.0,5.5,0.0,,0.0,0.35,4
R20211209_0140,2021-12-09,Horse_0531,Horse_0531,Jockey_062,4,牡,2400,芝,良,7,56.1,501.1,3.4,101.0,1.0,8.667,0.0,,0.0,0.182,8
R20211209_0140,2021-12-09,Horse_0687,Horse_0687,Jockey_030,7,牝,2400,芝,良,14,53.3,494.7,22.8,186.0,0.0,8.0,0.0,,,0.095,11
R20211209_0140,2021-12-09,Horse_0301,Horse_0301,Jockey_075,6,牡,2400,芝,良,8,53.9,477.5,-5.7,161.0,1.0,8.5,0.0,,0.0,0.381,13
R20211209_0140,2021-12-09,Horse_0370,Horse_0370,Jockey_076,7,牝,2400,芝,良,12,56.4,486.7,-5.5,89.0,2.0,8.0,0.25,1.0,0.333,0.211,5
R20211209_0140,2021-12-09,Horse_0153,Horse_0153,Jockey_043,2,牝,2400,芝,良,11,56.6,427.4,-2.3,294.0,0.0,6.5,0.0,,,0.105,15
R20211211_0141,2021-12-11,Horse_0278,Horse_0278,Jockey_020,4,せん,1800,ダート,良,13,53.8,448.3,-5.2,228.0,0.0,14.0,0.0,,0.0,0.2,15
R20211211_0141,2021-12-11,Horse_0068,Horse_0068,Jockey_049,2,牡,1800,ダート,良,3,58.6,507.5,-6.8,140.0,1.0,7.333,0.25,,,0.273,5
R20211211_0141,2021-12-11,Horse_0018,Horse_0018,Jockey_062,4,せん,1800,ダート,良,7,53.2,446.6,-4.3,58.0,1.0,9.5,0.0,,0.0,0.174,12
R20211211_0141,2021-12-11,Horse_0253,Horse_0253,Jockey_079,2,せん,1800,ダート,良,5,53.3,492.3,-3.3,58.0,1.0,8.0,0.0,,,0.154,10
R20211211_0141,2021-12-11,Horse_0430,Horse_0430,Jockey_060,6,牝,1800,ダート,良,6,53.7,468.2,4.7,210.0,0.0,3.0,0.5,,,0.045,7
R20211211_0141,2021-12-11,Horse_0377,Horse_0377,Jockey_007,7,牡,1800,ダート,良,11,53.9,444.1,-3.3,104.0,1.0,11.0,0.0,,0.0,0.13,11
R20211211_0141,2021-12-11,Horse_0822,Horse_0822,Jockey_052,7,牡,1800,ダート,良,8,54.3,454.8,6.4,33.0,2.0,5.667,0.2,,0.5,0.36,14
R20211211_0141,2021-12-11,Horse_0373,Horse_0373,Jockey_055,5,牡,1800,ダート,良,10,55.9,464.9,-12.2,92.0,2.0,9.0,0.0,0.0,,0.125,9
R20211211_0141,2021-12-11,Horse_0585,Horse_0585,Jockey_017,3,牡,1800,ダート,良,2,57.8,458.6,6.7,128.0,1.0,6.0,0.0,,0.0,0.4,1
R20211211_0141,2021-12-11,Horse_0768,Horse_0768,Jockey_066,5,牝,1800,ダート,良,15,54.9,443.3,0.5,85.0,1.0,8.0,0.0,,,0.45,4
R20211211_0141,2021-12-11,Horse_0483,Horse_0483,Jockey_031,3,牡,1800,ダート,良,1,54.4,535.7,4.4,74.0,2.0,7.0,0.0,0.0,0.0,0.227,3
R20211211_0141,2021-12-11,Horse_0772,Horse_0772,Jockey_070,6,牡,1800,ダート,良,4,54.6,445.5,-3.6,305.0,0.0,4.0,0.0,,,0.222,13
R20211211_0141,2021-12-11,Horse_0227,Horse_0227,Jockey_064,2,牝,1800,ダート,良,9,55.7,481.5,7.2,137.0,1.0,2.5,1.0,,,0.143,6
R20211211_0141,2021-12-11,Horse_0338,Horse_0338,Jockey_068,7,牡,1800,ダート,良,12,53.2,445.3,10.2,125.0,1.0,9.5,0.0,,,0.31,2
R20211211_0141,2021-12-11,Horse_0198,Horse_0198,Jockey_009,3,牡,1800,ダート,良,14,55.6,461.7,25.9,22.0,1.0,7.0,0.0,,,0.4,8
R20211212_0142,2021-12-12,Horse_0736,Horse_0736,Jockey_078,3,牡,1600,ダート,重,1,56.1,436.7,-4.5,14.0,2.0,5.0,0.5,,0.0,0.263,8
R20211212_0142,2021-12-12,Horse_0032,Horse_0032,Jockey_023,3,牝,1600,ダート,重,5,54.9,513.8,-8.1,57.0,5.0,7.333,0.0,0.0,0.0,0.056,7
R20211212_0142,2021-12-12,Horse_0239,Horse_0239,Jockey_049,4,牡,1600,ダート,重,3,53.2,463.4,0.6,17.0,3.0,8.667,0.0,0.0,0.0,0.261,9
R20211212_0142,2021-12-12,Horse_0015,Horse_0015,Jockey_055,6,牝,1600,ダート,重,7,54.6,553.8,9.4,36.0,2.0,2.0,1.0,1.0,,0.12,1
R20211212_0142,2021-12-12,Horse_0182,Horse_0182,Jockey_001,6,牝,1600,ダート,重,6,52.8,463.4,-12.2,194.0,0.0,8.0,0.0,,0.0,0.286,10
R20211212_0142,2021-12-12,Horse_0776,Horse_0776,Jockey_025,3,牡,1600,ダート,重,8,54.4,484.8,6.7,158.0,1.0,6.0,0.0,0.0,0.0,0.346,3
R20211212_0142,2021-12-12,Horse_0215,Horse_0215,Jockey_021,4,牡,1600,ダート,重,4,52.6,469.0,-10.1,104.0,2.0,5.333,0.333,0.0,0.0,0.158,6
R20211212_0142,2021-12-12,Horse_0204,Horse_0204,Jockey_022,7,牡,1600,ダート,重,9,56.1,431.0,-4.9,124.0,1.0,1.0,1.0,,,0.208,2
R20211212_0142,2021-12-12,Horse_0563,Horse_0563,Jockey_019,7,牡,1600,ダート,重,2,53.0,488.1,4.7,36.0,2.0,3.5,0.5,0.0,,0.231,5
R20211212_0142,2021-12-12,Horse_0815,Horse_0815,Jockey_063,7,牝,1600,ダート,重,10,56.5,500.1,-3.2,59.0,2.0,6.0,0.5,,1.0,0.13,4
R20211216_0143,2021-12-16,Horse_0158,Horse_0158,Jockey_004,6,牡,1400,ダート,良,6,55.8,454.7,-10.8,21.0,1.0,2.5,1.0,,,0.091,4
R20211216_0143,2021-12-16,Horse_0693,Horse_0693,Jockey_015,6,せん,1400,ダート,良,4,54.0,431.0,-5.2,63.0,2.0,2.0,1.0,,1.0,0.048,2
R20211216_0143,2021-12-16,Horse_0814,Horse_0814,Jockey_049,5,牝,1400,ダート,良,3,54.4,436.4,-0.6,64.0,3.0,10.0,0.0,,,0.25,7
R20211216_0143,2021-12-16,Horse_0122,Horse_0122,Jockey_045,2,牝,1400,ダート,良,7,55.0,494.4,13.9,175.0,1.0,10.0,0.0,,,0.409,8
R20211216_0143,2021-12-16,Horse_0699,Horse_0699,Jockey_080,4,牝,1400,ダート,良,2,54.0,486.6,2.3,120.0,2.0,3.333,0.75,,0.5,0.222,5
R20211216_0143,2021-12-16,Horse_0715,Horse_0715,Jockey_027,2,牝,1400,ダート,良,5,54.2,527.2,-13.2,71.0,4.0,3.667,0.2,,1.0,0.154,3
R20211216_0143,2021-12-16,Horse_0119,Horse_0119,Jockey_043,4,牝,1400,ダート,良,8,55.9,411.4,8.5,18.0,2.0,2.667,0.667,1.0,0.0,0.1,1
R20211216_0143,2021-12-16,Horse_0605,Horse_0605,Jockey_022,7,牡,1400,ダート,良,1,55.1,480.4,-1.6,17.0,2.0,8.333,0.0,,0.0,0.24,6
R20211218_0144,2021-12-18,Horse_0231,Horse_0231,Jockey_058,6,牝,1800,ダート,稍重,8,54.2,503.2,2.6,250.0,0.0,1.0,1.0,,1.0,0.214,5
R20211218_0144,2021-12-18,Horse_0404,Horse_0404,Jockey_038,2,牡,1800,ダート,稍重,3,56.4,448.8,,,0.0,,,,,0.158,4
R20211218_0144,2021-12-18,Horse_0159,Horse_0159,Jockey_034,4,牝,1800,ダート,稍重,10,55.2,517.1,-2.0,33.0,1.0,3.5,0.5,,0.0,0.136,10
R20211218_0144,2021-12-18,Horse_0498,Horse_0498,Jockey_059,2,牝,1800,ダート,稍重,7,56.8,452.7,12.2,63.0,2.0,5.333,0.667,1.0,1.0,0.412,1
R20211218_0144,2021-12-18,Horse_0754,Horse_0754,Jockey_076,5,牡,1800,ダート,稍重,4,56.2,475.6,-11.1,118.0,1.0,5.0,0.5,,0.0,0.2,14
R20211218_0144,2021-12-18,Horse_0156,Horse_0156,Jockey_071,4,せん,1800,ダート,稍重,13,53.3,506.0,-5.0,250.0,0.0,14.0,0.0,,0.0,0.412,12
R20211218_0144,2021-12-18,Horse_0148,Horse_0148,Jockey_054,2,牡,1800,ダート,稍重,12,54.5,473.8,-12.7,77.0,3.0,5.667,0.25,,0.0,0.3,9
R20211218_0144,2021-12-18,Horse_0362,Horse_0362,Jockey_020,7,せん,1800,ダート,稍重,5,53.8,458.4,-0.6,124.0,3.0,5.333,0.0,,0.0,0.19,3
R20211218_0144,2021-12-18,Horse_0455,Horse_0455,Jockey_060,3,せん,1800,ダート,稍重,6,53.6,469.6,-5.2,35.0,1.0,11.333,0.0,,0.0,0.043,6
R20211218_0144,2021-12-18,Horse_0197,Horse_0197,Jockey_028,3,牡,1800,ダート,稍重,2,56.3,489.3,9.4,19.0,1.0,7.0,0.0,,,0.286,2
R20211218_0144,2021-12-18,Horse_0258,Horse_0258,Jockey_047,3,牡,1800,ダート,稍重,14,53.0,427.4,-4.0,115.0,2.0,11.0,0.0,0.0,0.0,0.067,13
R20211218_0144,2021-12-18,Horse_0630,Horse_0630,Jockey_050,3,牡,1800,ダート,稍重,9,53.1,438.3,6.9,29.0,4.0,4.333,0.2,0.0,0.0,0.353,7
R20211218_0144,2021-12-18,Horse_0657,Horse_0657,Jockey_063,6,牡,1800,ダート,稍重,11,53.0,453.4,3.7,148.0,1.0,13.5,0.0,,0.0,0.125,8
R20211218_0144,2021-12-18,Horse_0275,Horse_0275,Jockey_052,7,牝,1800,ダート,稍重,1,55.5,550.2,-1.3,60.0,1.0,10.667,0.0,0.0,,0.346,11
R20211219_0145,2021-12-19,Horse_0766,Horse_0766,Jockey_036,5,牝,1400,芝,良,2,54.2,452.9,22.3,88.0,3.0,7.667,0.0,0.0,0.0,0.409,5
R20211219_0145,2021-12-19,Horse_0797,Horse_0797,Jockey_044,7,せん,1400,芝,良,6,54.6,479.9,-0.2,148.0,1.0,7.667,0.0,,0.0,0.3,3
R20211219_0145,2021-12-19,Horse_0107,Horse_0107,Jockey_029,2,牝,1400,芝,良,1,54.5,458.5,-4.8,287.0,0.0,10.0,0.0,,0.0,0.333,12
R20211219_0145,2021-12-19,Horse_0535,Horse_0535,Jockey_077,4,せん,1400,芝,良,8,55.4,496.4,-8.2,221.0,0.0,5.0,0.0,,0.0,0.0,7
R20211219_0145,2021-12-19,Horse_0619,Horse_0619,Jockey_042,5,牡,1400,芝,良,4,53.5,514.0,25.9,17.0,1.0,8.667,0.0,0.0,0.0,0.28,11
R20211219_0145,2021-12-19,Horse_0446,Horse_0446,Jockey_019,2,牡,1400,芝,良,7,57.1,439.4,-14.1,17.0,3.0,12.333,0.0,0.0,0.0,0.222,9
R20211219_0145,2021-12-19,Horse_0889,Horse_0889,Jockey_037,6,牡,1400,芝,良,9,55.4,509.3,-3.4,275.0,0.0,5.0,0.0,,0.0,0.208,10
R20211219_0145,2021-12-19,Horse_0329,Horse_0329,Jockey_059,5,牡,1400,芝,良,12,56.8,421.9,-12.7,78.0,3.0,1.0,1.0,1.0,1.0,0.444,1
R20211219_0145,2021-12-19,Horse_0118,Horse_0118,Jockey_057,6,牝,1400,芝,良,5,54.3,472.0,,,0.0,,,,,0.368,8
R20211219_0145,2021-12-19,Horse_0543,Horse_0543,Jockey_026,7,牡,1400,芝,良,11,55.1,496.5,3.7,50.0,4.0,5.333,0.0,,0.0,0.286,2
R20211219_0145,2021-12-19,Horse_0066,Horse_0066,Jockey_047,6,牡,1400,芝,良,3,53.1,433.1,-9.6,70.0,3.0,9.667,0.0,0.0,0.0,0.062,6
R20211219_0145,2021-12-19,Horse_0343,Horse_0343,Jockey_043,5,牡,1400,芝,良,10,55.7,466.4,-0.5,137.0,1.0,5.0,0.0,,,0.143,4
R20211222_0146,2021-12-22,Horse_0114,Horse_0114,Jockey_007,2,牡,1200,ダート,良,10,56.1,456.2,-0.4,199.0,0.0,1.0,1.0,,1.0,0.125,3
R20211222_0146,2021-12-22,Horse_0809,Horse_0809,Jockey_003,4,牡,1200,ダート,良,13,55.2,538.1,4.0,53.0,3.0,3.333,0.5,,0.333,0.211,10
R20211222_0146,2021-12-22,Horse_0315,Horse_0315,Jockey_054,2,牡,1200,ダート,良,7,54.3,454.0,6.0,93.0,1.0,8.333,0.0,0.0,0.0,0.286,11
R20211222_0146,2021-12-22,Horse_0867,Horse_0867,Jockey_052,5,牡,1200,ダート,良,5,56.4,422.5,-9.8,265.0,0.0,3.0,0.5,,0.5,0.333,13
R20211222_0146,2021-12-22,Horse_0211,Horse_0211,Jockey_009,3,牡,1200,ダート,良,9,55.6,509.7,-4.4,31.0,3.0,5.667,0.25,,,0.381,5
R20211222_0146,2021-12-22,Horse_0328,Horse_0328,Jockey_023,4,牡,1200,ダート,良,14,53.0,514.2,3.7,207.0,0.0,1.0,1.0,1.0,1.0,0.053,12
R20211222_0146,2021-12-22,Horse_0227,Horse_0227,Jockey_022,2,牝,1200,ダート,良,11,55.1,467.8,-13.7,11.0,2.0,3.667,0.667,,0.0,0.231,15
R20211222_0146,2021-12-22,Horse_0091,Horse_0091,Jockey_055,2,牡,1200,ダート,良,6,55.3,470.1,1.0,136.0,2.0,7.333,0.0,0.0,,0.154,2
R20211222_0146,2021-12-22,Horse_0214,Horse_0214,Jockey_069,6,牡,1200,ダート,良,12,54.8,443.8,7.3,151.0,1.0,5.0,0.333,0.0,0.0,0.391,4
R20211222_0146,2021-12-22,Horse_0435,Horse_0435,Jockey_042,3,牝,1200,ダート,良,1,56.1,480.2,-1.9,69.0,1.0,4.0,0.0,0.0,,0.269,14
R20211222_0146,2021-12-22,Horse_0774,Horse_0774,Jockey_010,7,牝,1200,ダート,良,3,54.5,472.3,7.6,123.0,1.0,1.667,1.0,,1.0,0.286,9
R20211222_0146,2021-12-22,Horse_0032,Horse_0032,Jockey_077,3,牝,1200,ダート,良,8,52.5,514.8,1.0,10.0,5.0,7.333,0.0,,0.0,0.0,7
R20211222_0146,2021-12-22,Horse_0137,Horse_0137,Jockey_004,5,牡,1200,ダート,良,4,54.7,429.5,7.7,23.0,2.0,12.667,0.0,,0.0,0.087,8
R20211222_0146,2021-12-22,Horse_0761,Horse_0761,Jockey_056,4,牡,1200,ダート,良,15,53.8,515.0,2.8,67.0,3.0,4.0,0.4,1.0,0.5,0.333,1
R20211222_0146,2021-12-22,Horse_0002,Horse_0002,Jockey_058,6,牝,1200,ダート,良,2,54.5,464.5,-0.6,107.0,2.0,3.333,0.4,,0.0,0.207,6
R20211226_0147,2021-12-26,Horse_0763,Horse_0763,Jockey_059,2,牝,1800,ダート,稍重,15,52.9,541.5,2.5,57.0,3.0,10.0,0.0,,0.0,0.474,10
R20211226_0147,2021-12-26,Horse_0625,Horse_0625,Jockey_052,2,牡,1800,ダート,稍重,9,55.0,489.9,1.5,119.0,3.0,4.0,0.5,,0.5,0.321,1
R20211226_0147,2021-12-26,Horse_0767,Horse_0767,Jockey_037,2,牡,1800,ダート,稍重,6,55.1,453.1,-11.4,74.0,2.0,8.333,0.0,0.0,0.0,0.2,13
R20211226_0147,2021-12-26,Horse_0284,Horse_0284,Jockey_080,3,牡,1800,ダート,稍重,13,54.9,446.4,3.9,74.0,2.0,5.667,0.0,0.0,0.0,0.214,3
R20211226_0147,2021-12-26,Horse_0458,Horse_0458,Jockey_007,2,牡,1800,ダート,稍重,11,54.9,480.8,0.7,81.0,2.0,7.0,0.0,,0.0,0.16,8
R20211226_0147,2021-12-26,Horse_0440,Horse_0440,Jockey_029,5,牡,1800,ダート,稍重,2,54.0,536.9,5.5,31.0,2.0,8.5,0.0,0.0,,0.318,5
R20211226_0147,2021-12-26,Horse_0022,Horse_0022,Jockey_011,4,牝,1800,ダート,稍重,7,54.7,440.7,-0.3,155.0,1.0,4.0,0.0,,,0.111,14
R20211226_0147,2021-12-26,Horse_0132,Horse_0132,Jockey_027,7,牡,1800,ダート,稍重,4,52.8,458.6,-8.6,102.0,1.0,10.0,0.0,0.0,0.0,0.214,6
R20211226_0147,2021-12-26,Horse_0686,Horse_0686,Jockey_070,7,牡,1800,ダート,稍重,14,55.4,438.5,4.3,174.0,1.0,5.333,0.667,,0.0,0.214,12
R20211226_0147,2021-12-26,Horse_0477,Horse_0477,Jockey_067,5,牡,1800,ダート,稍重,1,56.1,481.3,4.7,221.0,0.0,12.0,0.0,0.0,0.0,0.294,4
R20211226_0147,2021-12-26,Horse_0853,Horse_0853,Jockey_068,7,牡,1800,ダート,稍重,3,56.1,461.4,-6.4,95.0,2.0,6.0,0.2,0.0,0.0,0.333,11
R20211226_0147,2021-12-26,Horse_0028,Horse_0028,Jockey_019,5,牡,1800,ダート,稍重,8,54.4,436.1,-4.4,193.0,0.0,8.333,0.0,,0.0,0.214,15
R20211226_0147,2021-12-26,Horse_0360,Horse_0360,Jockey_017,5,牝,1800,ダート,稍重,5,55.0,453.6,16.8,31.0,2.0,6.333,0.4,0.0,0.0,0.438,9
R20211226_0147,2021-12-26,Horse_0573,Horse_0573,Jockey_076,5,牡,1800,ダート,稍重,12,56.5,464.0,10.2,23.0,1.0,6.0,0.5,,,0.19,2
R20211226_0147,2021-12-26,Horse_0180,Horse_0180,Jockey_046,5,牝,1800,ダート,稍重,10,54.2,476.6,-1.2,152.0,1.0,5.333,0.0,,0.0,0.095,7
R20211230_0148,2021-12-30,Horse_0482,Horse_0482,Jockey_057,2,牡,1400,ダート,良,9,54.8,441.0,1.3,136.0,1.0,2.0,1.0,,1.0,0.35,1
R20211230_0148,2021-12-30,Horse_0737,Horse_0737,Jockey_026,7,牝,1400,ダート,良,10,55.4,424.5,2.4,163.0,1.0,7.333,0.0,,0.0,0.318,14
R20211230_0148,2021-12-30,Horse_0063,Horse_0063,Jockey_028,7,牝,1400,ダート,良,6,54.1,503.5,-6.0,41.0,1.0,5.0,0.0,,,0.333,4
R20211230_0148,2021-12-30,Horse_0373,Horse_0373,Jockey_055,5,牡,1400,ダート,良,15,57.3,465.6,0.7,19.0,3.0,9.333,0.0,0.0,0.0,0.185,6
R20211230_0148,2021-12-30,Horse_0669,Horse_0669,Jockey_030,2,牡,1400,ダート,良,3,54.4,503.1,4.3,207.0,0.0,12.0,0.0,,0.0,0.091,10
R20211230_0148,2021-12-30,Horse_0612,Horse_0612,Jockey_048,3,牡,1400,ダート,良,1,57.7,518.8,-6.0,110.0,1.0,11.0,0.0,,,0.154,5
R20211230_0148,2021-12-30,Horse_0650,Horse_0650,Jockey_046,5,牡,1400,ダート,良,7,55.4,430.7,1.5,89.0,2.0,4.0,0.6,1.0,0.333,0.091,9
R20211230_0148,2021-12-30,Horse_0668,Horse_0668,Jockey_022,6,せん,1400,ダート,良,11,55.3,462.9,-4.3,111.0,2.0,6.667,0.4,0.0,,0.222,8
R20211230_0148,2021-12-30,Horse_0510,Horse_0510,Jockey_075,3,牝,1400,ダート,良,8,52.4,451.7,10.9,104.0,2.0,9.333,0.0,0.0,0.0,0.364,3
R20211230_0148,2021-12-30,Horse_0301,Horse_0301,Jockey_025,6,牡,1400,ダート,良,12,55.5,476.4,-1.1,21.0,1.0,10.0,0.0,,0.0,0.37,11
R20211230_0148,2021-12-30,Horse_0253,Horse_0253,Jockey_041,2,せん,1400,ダート,良,14,55.2,506.0,13.7,19.0,2.0,9.0,0.0,,0.0,0.318,13
R20211230_0148,2021-12-30,Horse_0731,Horse_0731,Jockey_036,7,せん,1400,ダート,良,2,57.8,472.7,5.0,211.0,0.0,9.0,0.333,,,0.391,12
R20211230_0148,2021-12-30,Horse_0836,Horse_0836,Jockey_011,4,牝,1400,ダート,良,13,52.6,510.8,,,0.0,,,,,0.105,2
R20211230_0148,2021-12-30,Horse_0414,Horse_0414,Jockey_024,6,牡,1400,ダート,良,4,56.9,415.5,-1.9,110.0,3.0,4.667,0.667,,,0.15,7
R20211230_0148,2021-12-30,Horse_0299,Horse_0299,Jockey_066,4,牡,1400,ダート,良,5,55.0,406.6,-4.3,273.0,0.0,10.0,0.0,,0.0,0.429,15
R20220102_0149,2022-01-02,Horse_0094,Horse_0094,Jockey_001,2,牡,1600,芝,稍重,15,54.7,462.5,,,0.0,,,,,0.273,4
R20220102_0149,2022-01-02,Horse_0443,Horse_0443,Jockey_005,2,牝,1600,芝,稍重,14,55.9,468.2,,,0.0,,,,,0.536,10
R20220102_0149,2022-01-02,Horse_0452,Horse_0452,Jockey_075,3,牡,1600,芝,稍重,2,52.7,461.7,-12.6,44.0,1.0,10.5,0.0,0.0,0.0,0.391,12
R20220102_0149,2022-01-02,Horse_0742,Horse_0742,Jockey_003,2,牡,1600,芝,稍重,5,54.6,508.7,,,0.0,,,,,0.2,3
R20220102_0149,2022-01-02,Horse_0595,Horse_0595,Jockey_019,8,牡,1600,芝,稍重,6,54.4,430.7,,,0.0,,,,,0.207,7
R20220102_0149,2022-01-02,Horse_0368,Horse_0368,Jockey_015,6,牝,1600,芝,稍重,11,53.2,429.7,-5.7,42.0,3.0,9.0,0.0,0.0,0.0,0.091,14
R20220102_0149,2022-01-02,Horse_0805,Horse_0805,Jockey_078,6,せん,1600,芝,稍重,13,53.6,499.4,2.8,61.0,2.0,2.667,0.667,,0.0,0.25,1
R20220102_0149,2022-01-02,Horse_0316,Horse_0316,Jockey_047,8,牡,1600,芝,稍重,1,56.9,497.9,3.3,30.0,2.0,2.5,1.0,1.0,1.0,0.059,2
R20220102_0149,2022-01-02,Horse_0882,Horse_0882,Jockey_012,6,牝,1600,芝,稍重,12,54.3,459.3,6.4,181.0,0.0,1.0,1.0,,,0.174,13
R20220102_0149,2022-01-02,Horse_0204,Horse_0204,Jockey_013,8,牡,1600,芝,稍重,7,55.1,442.0,11.0,21.0,2.0,1.333,1.0,1.0,1.0,0.083,9
R20220102_0149,2022-01-02,Horse_0733,Horse_0733,Jockey_073,8,牝,1600,芝,稍重,9,54.7,478.3,-0.7,232.0,0.0,15.0,0.0,0.0,0.0,0.217,15
R20220102_0149,2022-01-02,Horse_0847,Horse_0847,Jockey_044,2,牡,1600,芝,稍重,10,55.4,482.2,,,0.0,,,,,0.333,5
R20220102_0149,2022-01-02,Horse_0462,Horse_0462,Jockey_067,2,牡,1600,芝,稍重,8,55.9,474.7,,,0.0,,,,,0.286,8
R20220102_0149,2022-01-02,Horse_0121,Horse_0121,Jockey_025,2,牝,1600,芝,稍重,3,54.8,413.1,,,0.0,,,,,0.357,6
R20220102_0149,2022-01-02,Horse_0365,Horse_0365,Jockey_050,6,牡,1600,芝,稍重,4,54.0,468.1,0.3,166.0,1.0,8.5,0.0,,0.0,0.333,11
R20220103_0150,2022-01-03,Horse_0843,Horse_0843,Jockey_027,5,牝,2400,ダート,良,1,55.0,469.1,2.9,140.0,2.0,7.0,0.0,,0.0,0.2,8
R20220103_0150,2022-01-03,Horse_0454,Horse_0454,Jockey_013,5,牡,2400,ダート,良,7,54.1,457.0,-16.0,93.0,2.0,11.333,0.0,,0.0,0.08,6
R20220103_0150,2022-01-03,Horse_0578,Horse_0578,Jockey_062,2,牡,2400,ダート,良,9,54.3,516.3,,,0.0,,,,,0.167,2
R20220103_0150,2022-01-03,Horse_0496,Horse_0496,Jockey_024,6,牡,2400,ダート,良,8,56.3,430.2,-12.0,29.0,1.0,3.0,1.0,,,0.143,3
R20220103_0150,2022-01-03,Horse_0587,Horse_0587,Jockey_065,2,牡,2400,ダート,良,5,53.5,516.6,,,0.0,,,,,0.385,7
R20220103_0150,2022-01-03,Horse_0404,Horse_0404,Jockey_042,3,牡,2400,ダート,良,4,55.2,457.5,8.7,16.0,1.0,4.0,0.0,,0.0,0.259,1
R20220103_0150,2022-01-03,Horse_0325,Horse_0325,Jockey_038,2,牝,2400,ダート,良,2,54.8,481.9,,,0.0,,,,,0.15,9
R20220103_0150,2022-01-03,Horse_0282,Horse_0282,Jockey_003,6,牡,2400,ダート,良,3,56.6,444.4,9.6,52.0,4.0,5.0,0.25,0.0,0.5,0.238,4
R20220103_0150,2022-01-03,Horse_0652,Horse_0652,Jockey_066,6,牡,2400,ダート,良,6,55.0,494.8,,,0.0,,,,,0.409,5
R20220104_0151,2022-01-04,Horse_0364,Horse_0364,Jockey_037,5,牡,2000,ダート,良,5,54.2,426.0,-4.1,294.0,0.0,6.5,0.5,1.0,0.0,0.192,6
R20220104_0151,2022-01-04,Horse_0319,Horse_0319,Jockey_055,6,牝,2000,ダート,良,3,52.0,470.1,12.6,37.0,1.0,2.5,0.5,,0.5,0.179,2
R20220104_0151,2022-01-04,Horse_0449,Horse_0449,Jockey_027,5,牝,2000,ダート,良,1,52.5,467.0,-3.4,59.0,1.0,6.0,0.0,0.0,,0.188,9
R20220104_0151,2022-01-04,Horse_0761,Horse_0761,Jockey_038,5,牡,2000,ダート,良,6,55.7,499.9,-15.1,13.0,4.0,3.333,0.6,1.0,0.6,0.143,1
R20220104_0151,2022-01-04,Horse_0087,Horse_0087,Jockey_026,8,牝,2000,ダート,良,2,54.4,413.5,-5.7,63.0,1.0,1.333,1.0,,1.0,0.304,3
R20220104_0151,2022-01-04,Horse_0344,Horse_0344,Jockey_039,3,牡,2000,ダート,良,8,55.7,491.2,8.4,135.0,1.0,6.0,0.0,,0.0,0.409,7
R20220104_0151,2022-01-04,Horse_0209,Horse_0209,Jockey_046,7,牝,2000,ダート,良,7,54.5,481.7,-1.5,341.0,0.0,2.0,1.0,,1.0,0.087,8
R20220104_0151,2022-01-04,Horse_0644,Horse_0644,Jockey_060,7,牡,2000,ダート,良,9,54.1,530.6,-12.8,57.0,1.0,5.0,0.0,,0.0,0.042,5
R20220104_0151,2022-01-04,Horse_0349,Horse_0349,Jockey_006,6,牡,2000,ダート,良,4,55.3,509.8,6.8,77.0,1.0,7.0,0.0,,,0.318,4
R20220107_0152,2022-01-07,Horse_0657,Horse_0657,Jockey_053,7,牡,2000,芝,良,9,55.1,453.9,0.5,20.0,2.0,11.667,0.0,,,0.16,7
R20220107_0152,2022-01-07,Horse_0343,Horse_0343,Jockey_076,6,牡,2000,芝,良,7,54.0,453.8,-12.6,19.0,2.0,4.5,0.0,,0.0,0.227,2
R20220107_0152,2022-01-07,Horse_0896,Horse_0896,Jockey_064,7,牝,2000,芝,良,6,56.2,466.6,-2.7,36.0,3.0,12.0,0.0,0.0,0.0,0.136,9
R20220107_0152,2022-01-07,Horse_0663,Horse_0663,Jockey_008,3,牝,2000,芝,良,1,53.9,475.4,4.1,35.0,1.0,4.0,0.5,1.0,0.333,0.133,4
R20220107_0152,2022-01-07,Horse_0069,Horse_0069,Jockey_035,2,牡,2000,芝,良,3,57.1,444.1,,,0.0,,,,,0.188,1
R20220107_0152,2022-01-07,Horse_0810,Horse_0810,Jockey_001,5,牝,2000,芝,良,5,51.8,433.4,-3.4,85.0,3.0,4.333,0.25,0.0,0.0,0.261,5
R20220107_0152,2022-01-07,Horse_0232,Horse_0232,Jockey_047,7,牡,2000,芝,良,8,54.1,491.7,5.4,49.0,1.0,5.0,0.5,0.0,0.5,0.111,3
R20220107_0152,2022-01-07,Horse_0478,Horse_0478,Jockey_040,4,牝,2000,芝,良,4,52.3,454.4,4.6,223.0,0.0,8.333,0.0,0.0,0.0,0.474,6
R20220107_0152,2022-01-07,Horse_0296,Horse_0296,Jockey_058,6,せん,2000,芝,良,2,55.3,447.3,12.1,97.0,2.0,7.667,0.4,,0.5,0.2,8
R20220110_0153,2022-01-10,Horse_0423,Horse_0423,Jockey_033,5,牝,1400,芝,稍重,3,55.5,418.0,,,0.0,,,,,0.312,2
R20220110_0153,2022-01-10,Horse_0809,Horse_0809,Jockey_038,5,牡,1400,芝,稍重,2,54.9,539.0,0.9,19.0,4.0,4.667,0.4,1.0,1.0,0.182,1
R20220110_0153,2022-01-10,Horse_0333,Horse_0333,Jockey_051,2,牝,1400,芝,稍重,7,52.2,518.3,,,0.0,,,,,0.154,6
R20220110_0153,2022-01-10,Horse_0862,Horse_0862,Jockey_023,3,牝,1400,芝,稍重,5,52.9,457.4,16.7,65.0,3.0,9.333,0.333,,0.333,0.05,7
R20220110_0153,2022-01-10,Horse_0485,Horse_0485,Jockey_031,3,牝,1400,芝,稍重,6,53.0,442.3,3.9,32.0,2.0,2.5,0.5,,1.0,0.261,5
R20220110_0153,2022-01-10,Horse_0328,Horse_0328,Jockey_026,5,牡,1400,芝,稍重,9,55.0,512.0,-2.2,19.0,1.0,4.667,0.667,,,0.333,4
R20220110_0153,2022-01-10,Horse_0721,Horse_0721,Jockey_008,2,牡,1400,芝,稍重,1,55.0,425.3,,,0.0,,,,,0.125,9
R20220110_0153,2022-01-10,Horse_0700,Horse_0700,Jockey_010,2,牡,1400,芝,稍重,4,54.6,497.8,,,0.0,,,,,0.273,8
R20220110_0153,2022-01-10,Horse_0888,Horse_0888,Jockey_065,5,牝,1400,芝,稍重,8,54.9,445.6,-1.4,46.0,1.0,4.0,0.0,,0.0,0.357,3
R20220113_0154,2022-01-13,Horse_0781,Horse_0781,Jockey_072,7,牡,1200,芝,良,3,57.2,459.7,7.4,46.0,2.0,1.333,1.0,,1.0,0.273,3
R20220113_0154,2022-01-13,Horse_0293,Horse_0293,Jockey_004,3,牝,1200,芝,良,4,56.4,505.2,-13.6,91.0,1.0,2.0,0.8,1.0,1.0,0.083,1
R20220113_0154,2022-01-13,Horse_0292,Horse_0292,Jockey_013,8,牡,1200,芝,良,8,55.4,477.2,19.4,177.0,1.0,11.667,0.0,0.0,0.0,0.077,8
R20220113_0154,2022-01-13,Horse_0631,Horse_0631,Jockey_016,6,牝,1200,芝,良,6,54.3,456.0,-4.0,55.0,3.0,6.0,0.25,,0.333,0.316,6
R20220113_0154,2022-01-13,Horse_0038,Horse_0038,Jockey_076,6,牡,1200,芝,良,5,56.0,475.8,-12.3,86.0,2.0,5.333,0.25,,0.5,0.261,4
R20220113_0154,2022-01-13,Horse_0104,Horse_0104,Jockey_010,5,牡,1200,芝,良,7,54.3,470.4,7.4,198.0,0.0,10.0,0.0,,0.0,0.261,7
R20220113_0154,2022-01-13,Horse_0548,Horse_0548,Jockey_078,6,牡,1200,芝,良,1,56.1,473.6,5.0,59.0,1.0,11.0,0.0,,0.0,0.286,5
R20220113_0154,2022-01-13,Horse_0315,Horse_0315,Jockey_028,3,牡,1200,芝,良,2,55.0,454.8,0.8,22.0,2.0,10.0,0.0,0.0,0.0,0.312,2
R20220114_0155,2022-01-14,Horse_0301,Horse_0301,Jockey_012,7,牡,1400,芝,稍重,1,56.4,488.6,12.2,15.0,2.0,9.333,0.0,0.0,0.0,0.167,8
R20220114_0155,2022-01-14,Horse_0678,Horse_0678,Jockey_011,8,牝,1400,芝,稍重,5,55.5,479.0,1.4,67.0,1.0,11.5,0.0,0.0,0.0,0.15,10
R20220114_0155,2022-01-14,Horse_0670,Horse_0670,Jockey_025,2,牝,1400,芝,稍重,7,52.7,439.2,,,0.0,,,,,0.345,1
R20220114_0155,2022-01-14,Horse_0521,Horse_0521,Jockey_026,5,牝,1400,芝,稍重,4,53.7,484.0,-0.8,137.0,2.0,8.5,0.0,,0.0,0.32,9
R20220114_0155,2022-01-14,Horse_0687,Horse_0687,Jockey_068,8,牝,1400,芝,稍重,8,53.9,479.9,-14.8,36.0,1.0,8.667,0.0,0.0,0.0,0.323,3
R20220114_0155,2022-01-14,Horse_0001,Horse_0001,Jockey_019,8,牡,1400,芝,稍重,6,53.0,441.1,-0.3,234.0,0.0,1.667,1.0,,1.0,0.2,7
R20220114_0155,2022-01-14,Horse_0304,Horse_0304,Jockey_013,2,牝,1400,芝,稍重,9,54.1,466.0,,,0.0,,,,,0.074,2
R20220114_0155,2022-01-14,Horse_0636,Horse_0636,Jockey_048,8,牝,1400,芝,稍重,3,53.5,519.0,-1.6,56.0,3.0,9.333,0.0,0.0,0.0,0.148,5
R20220114_0155,2022-01-14,Horse_0158,Horse_0158,Jockey_063,7,牡,1400,芝,稍重,10,57.3,466.6,11.9,29.0,2.0,3.0,0.667,0.0,1.0,0.12,6
R20220114_0155,2022-01-14,Horse_0689,Horse_0689,Jockey_021,3,牝,1400,芝,稍重,2,55.7,422.8,8.7,47.0,1.0,10.0,0.0,,0.0,0.15,4
R20220116_0156,2022-01-16,Horse_0176,Horse_0176,Jockey_045,3,牡,1200,ダート,稍重,11,55.8,493.0,-8.2,177.0,1.0,3.333,0.333,,1.0,0.391,3
R20220116_0156,2022-01-16,Horse_0346,Horse_0346,Jockey_028,2,牡,1200,ダート,稍重,4,56.4,442.8,,,0.0,,,,,0.353,5
R20220116_0156,2022-01-16,Horse_0326,Horse_0326,Jockey_068,5,牝,1200,ダート,稍重,9,53.3,500.9,-3.7,118.0,1.0,8.0,0.333,,0.0,0.344,9
R20220116_0156,2022-01-16,Horse_0570,Horse_0570,Jockey_070,5,牝,1200,ダート,稍重,5,54.4,452.9,-1.9,165.0,1.0,7.667,0.333,,0.5,0.207,13
R20220116_0156,2022-01-16,Horse_0087,Horse_0087,Jockey_037,8,牝,1200,ダート,稍重,13,55.5,414.5,1.0,12.0,2.0,2.0,1.0,,1.0,0.185,8
R20220116_0156,2022-01-16,Horse_0796,Horse_0796,Jockey_066,3,牡,1200,ダート,稍重,10,53.5,535.4,-11.4,315.0,0.0,4.0,0.5,,,0.391,14
R20220116_0156,2022-01-16,Horse_0716,Horse_0716,Jockey_055,2,牝,1200,ダート,稍重,8,55.4,389.3,,,0.0,,,,,0.207,2
R20220116_0156,2022-01-16,Horse_0840,Horse_0840,Jockey_002,3,牡,1200,ダート,稍重,7,55.4,459.1,6.4,153.0,1.0,1.0,1.0,,1.0,0.435,4
R20220116_0156,2022-01-16,Horse_0655,Horse_0655,Jockey_009,6,牡,1200,ダート,稍重,12,56.9,512.1,-11.8,181.0,0.0,2.0,1.0,1.0,1.0,0.364,1
R20220116_0156,2022-01-16,Horse_0787,Horse_0787,Jockey_017,2,牡,1200,ダート,稍重,6,56.2,464.3,,,0.0,,,,,0.412,7
R20220116_0156,2022-01-16,Horse_0686,Horse_0686,Jockey_069,8,牡,1200,ダート,稍重,2,54.6,432.4,-6.1,21.0,1.0,8.333,0.5,1.0,0.0,0.375,10
R20220116_0156,2022-01-16,Horse_0365,Horse_0365,Jockey_075,6,牡,1200,ダート,稍重,1,56.3,457.4,-10.7,14.0,2.0,9.333,0.0,0.0,0.0,0.375,6
R20220116_0156,2022-01-16,Horse_0659,Horse_0659,Jockey_029,2,牡,1200,ダート,稍重,14,55.6,473.1,,,0.0,,,,,0.304,12
R20220116_0156,2022-01-16,Horse_0441,Horse_0441,Jockey_041,4,牝,1200,ダート,稍重,3,55.4,455.8,3.0,75.0,1.0,8.0,0.0,,0.0,0.304,11
R20220120_0157,2022-01-20,Horse_0243,Horse_0243,Jockey_005,6,牡,2400,ダート,良,6,56.1,495.2,8.4,99.0,1.0,6.0,0.0,0.0,0.0,0.517,3
R20220120_0157,2022-01-20,Horse_0107,Horse_0107,Jockey_057,3,牝,2400,ダート,良,7,55.1,461.4,2.9,32.0,1.0,11.0,0.0,0.0,,0.381,5
R20220120_0157,2022-01-20,Horse_0747,Horse_0747,Jockey_011,6,牝,2400,ダート,良,4,55.8,476.2,-10.2,210.0,0.0,9.667,0.0,,,0.143,11
R20220120_0157,2022-01-20,Horse_0753,Horse_0753,Jockey_023,2,牡,2400,ダート,良,13,55.1,510.8,,,0.0,,,,,0.048,12
R20220120_0157,2022-01-20,Horse_0504,Horse_0504,Jockey_003,8,牝,2400,ダート,良,9,52.8,494.0,-8.0,56.0,1.0,4.0,0.25,0.0,0.0,0.227,7
R20220120_0157,2022-01-20,Horse_0319,Horse_0319,Jockey_006,6,牝,2400,ダート,良,5,54.3,465.6,-4.5,16.0,2.0,2.333,0.667,0.0,0.667,0.304,4
R20220120_0157,2022-01-20,Horse_0245,Horse_0245,Jockey_027,4,牡,2400,ダート,良,2,55.0,457.0,-19.8,156.0,1.0,7.0,0.333,,0.5,0.176,9
R20220120_0157,2022-01-20,Horse_0699,Horse_0699,Jockey_054,5,牝,2400,ダート,良,3,55.5,482.3,-4.3,35.0,2.0,4.333,0.6,1.0,0.333,0.273,8
R20220120_0157,2022-01-20,Horse_0313,Horse_0313,Jockey_018,5,牡,2400,ダート,良,12,53.7,486.7,17.0,68.0,3.0,2.667,0.6,,0.25,0.3,1
R20220120_0157,2022-01-20,Horse_0119,Horse_0119,Jockey_069,5,牝,2400,ダート,良,10,54.5,403.1,-8.3,35.0,3.0,2.667,0.75,0.5,0.5,0.36,6
R20220120_0157,2022-01-20,Horse_0681,Horse_0681,Jockey_031,5,牡,2400,ダート,良,11,54.9,447.7,-3.9,103.0,2.0,11.667,0.0,,0.0,0.25,13
R20220120_0157,2022-01-20,Horse_0055,Horse_0055,Jockey_010,5,せん,2400,ダート,良,1,55.0,477.3,11.1,103.0,3.0,6.667,0.6,0.5,0.0,0.25,2
R20220120_0157,2022-01-20,Horse_0433,Horse_0433,Jockey_030,2,牡,2400,ダート,良,8,53.9,463.0,,,0.0,,,,,0.087,10
R20220124_0158,2022-01-24,Horse_0641,Horse_0641,Jockey_071,3,牝,1400,ダート,良,7,54.2,511.9,3.9,135.0,1.0,10.0,0.0,,,0.389,7
R20220124_0158,2022-01-24,Horse_0008,Horse_0008,Jockey_005,4,牝,1400,ダート,良,12,53.7,447.5,-5.9,70.0,1.0,5.667,0.333,,0.333,0.533,9
R20220124_0158,2022-01-24,Horse_0562,Horse_0562,Jockey_064,6,牝,1400,ダート,良,9,53.6,525.8,-5.6,237.0,0.0,1.0,1.0,,1.0,0.13,12
R20220124_0158,2022-01-24,Horse_0114,Horse_0114,Jockey_041,3,牡,1400,ダート,良,5,56.7,460.4,4.2,33.0,1.0,1.667,1.0,,1.0,0.292,3
R20220124_0158,2022-01-24,Horse_0006,Horse_0006,Jockey_021,4,牡,1400,ダート,良,6,55.4,484.1,-7.3,64.0,2.0,2.667,1.0,1.0,1.0,0.143,1
R20220124_0158,2022-01-24,Horse_0857,Horse_0857,Jockey_017,7,牡,1400,ダート,良,4,57.3,420.9,,,0.0,,,,,0.389,5
R20220124_0158,2022-01-24,Horse_0219,Horse_0219,Jockey_051,4,牡,1400,ダート,良,3,54.2,452.9,-5.2,233.0,0.0,7.333,0.0,,0.0,0.143,10
R20220124_0158,2022-01-24,Horse_0454,Horse_0454,Jockey_039,5,牡,1400,ダート,良,8,56.7,469.6,12.6,21.0,3.0,10.0,0.0,0.0,0.0,0.391,4
R20220124_0158,2022-01-24,Horse_0602,Horse_0602,Jockey_028,8,せん,1400,ダート,良,1,55.4,501.6,,,0.0,,,,,0.333,6
R20220124_0158,2022-01-24,Horse_0631,Horse_0631,Jockey_068,6,牝,1400,ダート,良,10,54.4,444.0,-12.0,11.0,4.0,5.333,0.2,,0.0,0.333,11
R20220124_0158,2022-01-24,Horse_0543,Horse_0543,Jockey_007,8,牡,1400,ダート,良,11,56.2,500.7,4.2,36.0,4.0,4.333,0.2,1.0,0.0,0.154,2
R20220124_0158,2022-01-24,Horse_0837,Horse_0837,Jockey_010,8,牡,1400,ダート,良,2,52.7,484.7,13.2,46.0,1.0,7.0,0.0,,,0.28,8
R20220125_0159,2022-01-25,Horse_0272,Horse_0272,Jockey_029,2,牡,1600,ダート,稍重,5,54.7,457.5,,,0.0,,,,,0.292,1
R20220125_0159,2022-01-25,Horse_0031,Horse_0031,Jockey_059,7,牝,1600,ダート,稍重,7,52.8,509.2,6.4,204.0,0.0,6.333,0.0,0.0,0.0,0.45,5
R20220125_0159,2022-01-25,Horse_0147,Horse_0147,Jockey_001,8,牡,1600,ダート,稍重,8,56.0,457.2,-2.3,78.0,2.0,5.5,0.0,,,0.25,3
R20220125_0159,2022-01-25,Horse_0667,Horse_0667,Jockey_051,5,牡,1600,ダート,稍重,2,55.1,472.1,5.9,185.0,0.0,4.0,0.333,0.0,,0.133,7
R20220125_0159,2022-01-25,Horse_0191,Horse_0191,Jockey_068,6,せん,1600,ダート,稍重,3,55.1,466.8,-13.3,137.0,1.0,6.0,0.333,0.0,,0.324,2
R20220125_0159,2022-01-25,Horse_0419,Horse_0419,Jockey_006,5,牝,1600,ダート,稍重,1,55.1,519.7,0.0,218.0,0.0,4.0,0.5,0.0,1.0,0.292,8
R20220125_0159,2022-01-25,Horse_0007,Horse_0007,Jockey_040,3,牡,1600,ダート,稍重,6,53.9,497.2,-0.2,164.0,2.0,6.5,0.5,0.5,1.0,0.45,6
R20220125_0159,2022-01-25,Horse_0443,Horse_0443,Jockey_010,2,牝,1600,ダート,稍重,4,54.9,462.7,-5.5,23.0,1.0,10.0,0.0,0.0,,0.269,4
R20220129_0160,2022-01-29,Horse_0083,Horse_0083,Jockey_014,4,牡,1400,芝,重,3,54.8,461.4,-4.4,229.0,0.0,13.0,0.0,0.0,0.0,0.069,8
R20220129_0160,2022-01-29,Horse_0477,Horse_0477,Jockey_066,6,牡,1400,芝,重,6,56.4,482.6,1.3,34.0,1.0,8.0,0.0,,,0.375,6
R20220129_0160,2022-01-29,Horse_0096,Horse_0096,Jockey_075,6,牝,1400,芝,重,5,55.9,478.2,-3.7,55.0,3.0,4.333,0.6,,0.5,0.36,3
R20220129_0160,2022-01-29,Horse_0756,Horse_0756,Jockey_035,5,牝,1400,芝,重,8,55.4,470.7,7.2,157.0,2.0,4.667,0.333,,0.0,0.235,2
R20220129_0160,2022-01-29,Horse_0785,Horse_0785,Jockey_036,3,牡,1400,芝,重,7,55.5,481.0,2.5,184.0,0.0,6.667,0.4,1.0,0.333,0.375,1
R20220129_0160,2022-01-29,Horse_0348,Horse_0348,Jockey_062,4,牝,1400,芝,重,1,56.2,459.4,0.2,164.0,1.0,3.667,0.5,0.0,0.0,0.2,7
R20220129_0160,2022-01-29,Horse_0338,Horse_0338,Jockey_058,8,牡,1400,芝,重,4,53.4,447.0,1.7,49.0,2.0,7.0,0.333,,0.0,0.194,4
R20220129_0160,2022-01-29,Horse_0061,Horse_0061,Jockey_004,4,牡,1400,芝,重,2,55.5,471.9,0.7,82.0,1.0,8.333,0.0,,0.0,0.12,5
R20220202_0161,2022-02-02,Horse_0189,Horse_0189,Jockey_068,4,牝,2000,ダート,良,10,53.3,428.2,-0.2,62.0,2.0,6.667,0.0,,0.0,0.343,10
R20220202_0161,2022-02-02,Horse_0343,Horse_0343,Jockey_021,6,牡,2000,ダート,良,5,52.9,474.8,21.0,26.0,2.0,3.667,0.333,1.0,0.0,0.182,2
R20220202_0161,2022-02-02,Horse_0777,Horse_0777,Jockey_047,7,牝,2000,ダート,良,12,57.0,465.1,-0.6,181.0,0.0,11.5,0.0,0.0,0.0,0.158,9
R20220202_0161,2022-02-02,Horse_0041,Horse_0041,Jockey_044,5,牡,2000,ダート,良,4,55.6,502.9,-7.6,176.0,1.0,7.667,0.0,,0.0,0.318,4
R20220202_0161,2022-02-02,Horse_0149,Horse_0149,Jockey_007,5,牡,2000,ダート,良,13,54.3,436.8,-14.6,112.0,1.0,7.667,0.0,,0.0,0.185,11
R20220202_0161,2022-02-02,Horse_0668,Horse_0668,Jockey_075,7,せん,2000,ダート,良,15,56.5,462.2,-0.7,34.0,3.0,7.333,0.2,,0.0,0.385,14
R20220202_0161,2022-02-02,Horse_0783,Horse_0783,Jockey_020,8,牡,2000,ダート,良,14,55.9,520.3,7.4,294.0,0.0,5.5,0.0,0.0,0.0,0.227,15
R20220202_0161,2022-02-02,Horse_0468,Horse_0468,Jockey_072,2,牝,2000,ダート,良,3,55.7,457.2,,,0.0,,,,,0.304,5
R20220202_0161,2022-02-02,Horse_0449,Horse_0449,Jockey_057,5,牝,2000,ダート,良,8,56.0,476.9,9.9,29.0,2.0,7.5,0.0,0.0,0.0,0.364,6
R20220202_0161,2022-02-02,Horse_0079,Horse_0079,Jockey_056,5,牡,2000,ダート,良,6,55.0,470.2,12.9,66.0,2.0,8.0,0.333,,0.5,0.368,8
R20220202_0161,2022-02-02,Horse_0669,Horse_0669,Jockey_015,3,牡,2000,ダート,良,9,52.8,495.5,-7.6,34.0,1.0,11.333,0.0,,0.0,0.087,7
R20220202_0161,2022-02-02,Horse_0538,Horse_0538,Jockey_080,2,牝,2000,ダート,良,1,51.7,528.7,,,0.0,,,,,0.241,1
R20220202_0161,2022-02-02,Horse_0253,Horse_0253,Jockey_055,3,せん,2000,ダート,良,2,53.1,495.6,-10.4,34.0,3.0,10.333,0.0,,0.0,0.233,13
R20220202_0161,2022-02-02,Horse_0483,Horse_0483,Jockey_037,4,牡,2000,ダート,良,7,56.9,533.9,-1.8,53.0,2.0,6.0,0.2,,0.333,0.179,12
R20220202_0161,2022-02-02,Horse_0231,Horse_0231,Jockey_048,7,牝,2000,ダート,良,11,55.4,518.9,15.7,46.0,1.0,2.333,0.667,,0.5,0.143,3
R20220204_0162,2022-02-04,Horse_0153,Horse_0153,Jockey_064,3,牝,2000,芝,良,7,52.1,420.1,-7.3,57.0,1.0,9.333,0.0,,0.0,0.125,4
R20220204_0162,2022-02-04,Horse_0200,Horse_0200,Jockey_067,4,せん,2000,芝,良,3,54.8,436.0,-4.6,178.0,1.0,10.0,0.0,,0.0,0.278,8
R20220204_0162,2022-02-04,Horse_0272,Horse_0272,Jockey_011,2,牡,2000,芝,良,1,55.8,472.6,15.1,10.0,1.0,1.0,1.0,,,0.136,5
R20220204_0162,2022-02-04,Horse_0478,Horse_0478,Jockey_022,4,牝,2000,芝,良,8,52.6,452.0,-2.4,28.0,1.0,8.0,0.0,0.0,0.0,0.214,6
R20220204_0162,2022-02-04,Horse_0154,Horse_0154,Jockey_026,6,牝,2000,芝,良,5,55.8,440.7,-22.5,117.0,2.0,4.5,0.5,,0.5,0.308,9
R20220204_0162,2022-02-04,Horse_0246,Horse_0246,Jockey_006,4,牡,2000,芝,良,6,54.2,465.8,,,0.0,,,,,0.28,3
R20220204_0162,2022-02-04,Horse_0485,Horse_0485,Jockey_017,3,牝,2000,芝,良,2,55.4,441.5,-0.8,25.0,2.0,3.333,0.333,,0.5,0.368,1
R20220204_0162,2022-02-04,Horse_0862,Horse_0862,Jockey_075,3,牝,2000,芝,良,9,54.3,464.0,6.6,25.0,4.0,7.0,0.25,1.0,0.25,0.37,2
R20220204_0162,2022-02-04,Horse_0611,Horse_0611,Jockey_019,4,牡,2000,芝,良,4,54.2,429.3,-4.1,118.0,2.0,7.333,0.0,0.0,0.0,0.194,7
R20220208_0163,2022-02-08,Horse_0598,Horse_0598,Jockey_045,3,牡,1600,ダート,良,2,54.5,429.6,-9.8,252.0,0.0,3.5,0.5,,0.0,0.417,10
R20220208_0163,2022-02-08,Horse_0179,Horse_0179,Jockey_052,4,牝,1600,ダート,良,7,55.2,453.9,,,0.0,,,,,0.345,8
R20220208_0163,2022-02-08,Horse_0439,Horse_0439,Jockey_042,5,牝,1600,ダート,良,6,55.9,421.7,-6.5,94.0,1.0,10.333,0.0,,,0.286,7
R20220208_0163,2022-02-08,Horse_0890,Horse_0890,Jockey_059,3,牡,1600,ダート,良,13,54.5,495.0,-8.4,159.0,1.0,9.0,0.0,0.0,0.0,0.429,2
R20220208_0163,2022-02-08,Horse_0187,Horse_0187,Jockey_076,4,牡,1600,ダート,良,3,56.4,445.8,8.6,239.0,0.0,3.667,0.667,,0.5,0.25,3
R20220208_0163,2022-02-08,Horse_0498,Horse_0498,Jockey_025,3,牝,1600,ダート,良,11,53.7,450.3,-2.4,52.0,3.0,5.333,0.75,1.0,1.0,0.367,1
R20220208_0163,2022-02-08,Horse_0471,Horse_0471,Jockey_022,3,牝,1600,ダート,良,4,55.8,491.9,-8.0,265.0,0.0,1.0,1.0,,1.0,0.207,11
R20220208_0163,2022-02-08,Horse_0543,Horse_0543,Jockey_030,8,牡,1600,ダート,良,8,55.7,496.2,-4.5,15.0,5.0,3.0,0.4,0.0,0.25,0.083,4
R20220208_0163,2022-02-08,Horse_0873,Horse_0873,Jockey_040,2,牝,1600,ダート,良,9,54.4,490.9,,,0.0,,,,,0.429,6
R20220208_0163,2022-02-08,Horse_0178,Horse_0178,Jockey_047,7,牝,1600,ダート,良,5,54.2,470.4,-4.6,112.0,3.0,12.667,0.0,0.0,0.0,0.15,12
R20220208_0163,2022-02-08,Horse_0252,Horse_0252,Jockey_024,7,牝,1600,ダート,良,1,54.9,483.4,-1.3,171.0,1.0,3.0,1.0,1.0,,0.182,5
R20220208_0163,2022-02-08,Horse_0313,Horse_0313,Jockey_014,5,牡,1600,ダート,良,10,56.0,483.8,-2.9,19.0,4.0,1.667,0.6,0.0,0.4,0.067,9
R20220208_0163,2022-02-08,Horse_0358,Horse_0358,Jockey_013,5,牝,1600,ダート,良,12,54.8,474.0,-18.6,144.0,1.0,13.5,0.0,,0.0,0.107,13
R20220211_0164,2022-02-11,Horse_0760,Horse_0760,Jockey_005,8,牝,1800,芝,稍重,8,55.2,484.9,0.6,174.0,1.0,6.0,0.333,0.0,0.5,0.516,3
R20220211_0164,2022-02-11,Horse_0886,Horse_0886,Jockey_035,2,牝,1800,芝,稍重,7,54.9,452.0,,,0.0,,,,,0.278,1
R20220211_0164,2022-02-11,Horse_0248,Horse_0248,Jockey_076,8,牝,1800,芝,稍重,6,52.4,467.2,2.3,104.0,1.0,13.333,0.0,0.0,0.0,0.28,10
R20220211_0164,2022-02-11,Horse_0260,Horse_0260,Jockey_061,5,牡,1800,芝,稍重,9,58.2,446.2,5.1,153.0,1.0,1.5,1.0,,1.0,0.333,4
R20220211_0164,2022-02-11,Horse_0688,Horse_0688,Jockey_064,2,牡,1800,芝,稍重,1,56.0,521.4,,,0.0,,,,,0.12,8
R20220211_0164,2022-02-11,Horse_0555,Horse_0555,Jockey_023,5,牡,1800,芝,稍重,3,55.1,452.9,11.7,142.0,1.0,8.0,0.0,,0.0,0.045,9
R20220211_0164,2022-02-11,Horse_0182,Horse_0182,Jockey_049,7,牝,1800,芝,稍重,2,53.0,472.3,8.9,61.0,1.0,9.0,0.0,0.0,,0.24,6
R20220211_0164,2022-02-11,Horse_0186,Horse_0186,Jockey_047,6,せん,1800,芝,稍重,11,52.6,427.8,-20.0,108.0,1.0,7.0,0.0,,,0.143,5
R20220211_0164,2022-02-11,Horse_0381,Horse_0381,Jockey_074,2,牡,1800,芝,稍重,4,54.9,434.5,,,0.0,,,,,0.32,7
R20220211_0164,2022-02-11,Horse_0779,Horse_0779,Jockey_010,8,牡,1800,芝,稍重,10,57.0,472.2,-3.6,361.0,0.0,2.5,1.0,,1.0,0.259,2
R20220211_0164,2022-02-11,Horse_0337,Horse_0337,Jockey_032,6,牝,1800,芝,稍重,5,55.1,495.1,2.9,71.0,1.0,9.333,0.0,,,0.2,11
R20220212_0165,2022-02-12,Horse_0150,Horse_0150,Jockey_017,3,牝,1200,芝,良,3,53.7,393.1,-7.6,159.0,1.0,6.667,0.5,,0.333,0.4,6
R20220212_0165,2022-02-12,Horse_0672,Horse_0672,Jockey_048,2,牝,1200,芝,良,1,55.7,485.0,,,0.0,,,,,0.172,10
R20220212_0165,2022-02-12,Horse_0105,Horse_0105,Jockey_059,7,牝,1200,芝,良,10,53.6,455.4,-6.4,192.0,0.0,2.0,1.0,,,0.455,3
R20220212_0165,2022-02-12,Horse_0301,Horse_0301,Jockey_043,7,牡,1200,芝,良,2,58.6,483.5,-5.1,29.0,3.0,10.667,0.0,0.0,0.0,0.136,11
R20220212_0165,2022-02-12,Horse_0866,Horse_0866,Jockey_046,6,牝,1200,芝,良,7,53.8,459.5,-12.7,85.0,1.0,9.0,0.0,,0.0,0.083,7
R20220212_0165,2022-02-12,Horse_0497,Horse_0497,Jockey_055,3,牡,1200,芝,良,8,57.3,469.9,-0.9,109.0,1.0,11.0,0.0,,,0.226,5
R20220212_0165,2022-02-12,Horse_0689,Horse_0689,Jockey_011,3,牝,1200,芝,良,9,53.4,424.4,1.6,29.0,2.0,9.0,0.0,0.0,0.0,0.13,4
R20220212_0165,2022-02-12,Horse_0693,Horse_0693,Jockey_036,7,せん,1200,芝,良,4,54.3,435.1,4.1,58.0,2.0,1.667,1.0,1.0,1.0,0.4,1
R20220212_0165,2022-02-12,Horse_0442,Horse_0442,Jockey_035,3,牝,1200,芝,良,11,54.7,507.3,-8.2,125.0,1.0,5.667,0.0,,0.0,0.316,8
R20220212_0165,2022-02-12,Horse_0347,Horse_0347,Jockey_038,5,せん,1200,芝,良,5,54.8,457.6,-1.8,65.0,3.0,6.0,0.2,,0.0,0.217,2
R20220212_0165,2022-02-12,Horse_0286,Horse_0286,Jockey_062,6,牡,1200,芝,良,6,53.6,438.6,-5.3,311.0,0.0,5.0,0.0,,0.0,0.192,9
R20220213_0166,2022-02-13,Horse_0678,Horse_0678,Jockey_005,8,牝,1600,芝,良,9,54.9,466.3,-12.7,30.0,2.0,11.0,0.0,,0.0,0.531,10
R20220213_0166,2022-02-13,Horse_0897,Horse_0897,Jockey_040,6,牡,1600,芝,良,2,53.6,424.4,1.3,72.0,4.0,9.0,0.0,0.0,0.0,0.409,14
R20220213_0166,2022-02-13,Horse_0456,Horse_0456,Jockey_026,2,牡,1600,芝,良,16,53.5,438.0,,,0.0,,,,,0.296,6
R20220213_0166,2022-02-13,Horse_0394,Horse_0394,Jockey_072,4,牝,1600,芝,良,14,51.6,476.4,-1.1,70.0,1.0,1.5,1.0,,1.0,0.292,2
R20220213_0166,2022-02-13,Horse_0123,Horse_0123,Jockey_069,6,牝,1600,芝,良,7,54.2,537.5,-0.3,141.0,1.0,5.5,0.0,,0.0,0.346,1
R20220213_0166,2022-02-13,Horse_0319,Horse_0319,Jockey_031,6,牝,1600,芝,良,8,53.7,462.6,-3.0,24.0,3.0,3.333,0.5,,,0.24,4
R20220213_0166,2022-02-13,Horse_0597,Horse_0597,Jockey_020,4,牝,1600,芝,良,6,54.3,459.4,-17.8,113.0,1.0,9.0,0.0,0.0,0.0,0.217,9
R20220213_0166,2022-02-13,Horse_0359,Horse_0359,Jockey_021,5,牝,1600,芝,良,12,56.6,495.7,11.8,106.0,1.0,3.0,0.5,,0.5,0.217,7
R20220213_0166,2022-02-13,Horse_0003,Horse_0003,Jockey_024,8,牝,1600,芝,良,13,53.6,458.6,-16.3,117.0,2.0,4.0,0.2,1.0,0.333,0.174,13
R20220213_0166,2022-02-13,Horse_0388,Horse_0388,Jockey_067,8,牝,1600,芝,良,5,54.3,453.4,7.3,93.0,1.0,11.0,0.0,0.0,0.0,0.27,12
R20220213_0166,2022-02-13,Horse_0233,Horse_0233,Jockey_071,5,牝,1600,芝,良,3,54.2,414.0,-13.1,97.0,1.0,2.667,0.667,1.0,0.667,0.368,5
R20220213_0166,2022-02-13,Horse_0457,Horse_0457,Jockey_025,8,牝,1600,芝,良,10,54.6,482.1,-9.8,66.0,2.0,5.0,0.0,,0.0,0.387,3
R20220213_0166,2022-02-13,Horse_0190,Horse_0190,Jockey_080,5,牡,1600,芝,良,15,58.3,478.0,-8.1,192.0,0.0,13.667,0.0,0.0,0.0,0.267,16
R20220213_0166,2022-02-13,Horse_0464,Horse_0464,Jockey_016,7,せん,1600,芝,良,11,56.3,436.3,-0.1,199.0,0.0,13.0,0.0,,0.0,0.3,15
R20220213_0166,2022-02-13,Horse_0148,Horse_0148,Jockey_014,3,牡,1600,芝,良,4,57.3,492.7,18.9,57.0,3.0,5.0,0.2,0.0,0.333,0.065,8
R20220213_0166,2022-02-13,Horse_0356,Horse_0356,Jockey_065,3,牝,1600,芝,良,1,56.0,453.5,6.4,72.0,2.0,9.0,0.0,,0.0,0.4,11
R20220216_0167,2022-02-16,Horse_0213,Horse_0213,Jockey_010,8,牝,1200,ダート,良,3,55.4,442.5,-13.1,149.0,1.0,3.333,0.667,,1.0,0.286,2
R20220216_0167,2022-02-16,Horse_0751,Horse_0751,Jockey_062,7,牡,1200,ダート,良,5,56.3,484.7,-11.0,79.0,1.0,8.0,0.0,,,0.185,5
R20220216_0167,2022-02-16,Horse_0627,Horse_0627,Jockey_063,4,牡,1200,ダート,良,1,57.7,476.2,5.7,154.0,1.0,5.0,0.333,,0.5,0.115,14
R20220216_0167,2022-02-16,Horse_0316,Horse_0316,Jockey_018,8,牡,1200,ダート,良,10,53.7,494.5,-3.4,45.0,2.0,2.333,1.0,,,0.333,1
R20220216_0167,2022-02-16,Horse_0370,Horse_0370,Jockey_054,8,牝,1200,ダート,良,15,54.6,481.2,-5.5,69.0,2.0,8.0,0.2,0.0,0.0,0.261,6
R20220216_0167,2022-02-16,Horse_0525,Horse_0525,Jockey_025,5,牝,1200,ダート,良,8,53.2,464.7,3.5,293.0,0.0,6.0,0.333,,0.333,0.406,4
R20220216_0167,2022-02-16,Horse_0639,Horse_0639,Jockey_071,3,牝,1200,ダート,良,6,54.9,486.0,-0.5,133.0,2.0,4.667,0.333,0.0,0.5,0.35,15
R20220216_0167,2022-02-16,Horse_0522,Horse_0522,Jockey_070,7,牝,1200,ダート,良,9,54.4,468.6,,,0.0,,,,,0.2,10
R20220216_0167,2022-02-16,Horse_0862,Horse_0862,Jockey_047,3,牝,1200,ダート,良,14,55.4,453.4,-10.6,12.0,5.0,3.667,0.4,0.0,,0.136,9
R20220216_0167,2022-02-16,Horse_0778,Horse_0778,Jockey_041,4,牝,1200,ダート,良,12,55.8,462.9,12.1,102.0,1.0,7.0,0.0,,,0.32,12
R20220216_0167,2022-02-16,Horse_0364,Horse_0364,Jockey_022,5,牡,1200,ダート,良,4,58.0,430.4,4.4,43.0,1.0,6.333,0.333,,0.0,0.2,7
R20220216_0167,2022-02-16,Horse_0874,Horse_0874,Jockey_017,4,牝,1200,ダート,良,2,54.4,510.1,-2.2,137.0,1.0,7.667,0.0,0.0,0.0,0.381,13
R20220216_0167,2022-02-16,Horse_0875,Horse_0875,Jockey_021,7,牝,1200,ダート,良,7,53.3,450.5,,,0.0,,,,,0.208,11
R20220216_0167,2022-02-16,Horse_0674,Horse_0674,Jockey_057,4,牝,1200,ダート,良,11,53.4,444.6,-3.0,163.0,2.0,7.0,0.0,0.0,0.0,0.348,8
R20220216_0167,2022-02-16,Horse_0355,Horse_0355,Jockey_040,3,牡,1200,ダート,良,13,55.8,452.2,1.9,96.0,1.0,8.5,0.0,,,0.391,3
R20220217_0168,2022-02-17,Horse_0483,Horse_0483,Jockey_061,4,牡,1400,ダート,良,4,51.9,533.8,-0.1,15.0,3.0,7.667,0.2,0.0,0.25,0.323,3
R20220217_0168,2022-02-17,Horse_0629,Horse_0629,Jockey_037,6,牡,1400,ダート,良,2,55.5,504.7,0.6,80.0,3.0,3.333,0.4,0.0,0.5,0.172,4
R20220217_0168,2022-02-17,Horse_0170,Horse_0170,Jockey_040,2,牡,1400,ダート,良,12,56.0,513.9,,,0.0,,,,,0.417,2
R20220217_0168,2022-02-17,Horse_0236,Horse_0236,Jockey_058,4,牝,1400,ダート,良,14,53.8,481.9,3.3,94.0,3.0,9.667,0.0,0.0,0.0,0.188,5
R20220217_0168,2022-02-17,Horse_0318,Horse_0318,Jockey_013,6,牝,1400,ダート,良,1,53.1,493.5,-9.8,134.0,1.0,8.333,0.0,,0.0,0.103,8
R20220217_0168,2022-02-17,Horse_0516,Horse_0516,Jockey_080,5,牡,1400,ダート,良,13,54.3,485.5,-1.8,184.0,0.0,6.333,0.333,0.0,0.5,0.258,7
R20220217_0168,2022-02-17,Horse_0635,Horse_0635,Jockey_074,3,牡,1400,ダート,良,5,55.3,473.6,12.6,77.0,2.0,3.0,0.75,,0.5,0.308,1
R20220217_0168,2022-02-17,Horse_0579,Horse_0579,Jockey_022,3,牡,1400,ダート,良,3,53.5,446.4,2.2,302.0,0.0,12.0,0.0,,,0.194,14
R20220217_0168,2022-02-17,Horse_0737,Horse_0737,Jockey_016,8,牝,1400,ダート,良,9,56.6,428.0,3.5,49.0,1.0,9.333,0.0,0.0,0.0,0.286,12
R20220217_0168,2022-02-17,Horse_0601,Horse_0601,Jockey_027,7,牡,1400,ダート,良,11,55.4,469.1,-7.0,114.0,1.0,9.0,0.0,,0.0,0.167,10
R20220217_0168,2022-02-17,Horse_0398,Horse_0398,Jockey_033,3,牝,1400,ダート,良,8,54.2,453.0,-6.5,246.0,0.0,6.667,0.0,0.0,,0.353,13
R20220217_0168,2022-02-17,Horse_0192,Horse_0192,Jockey_067,7,牝,1400,ダート,良,10,57.9,495.1,-7.6,131.0,1.0,5.0,0.333,1.0,,0.263,9
R20220217_0168,2022-02-17,Horse_0094,Horse_0094,Jockey_029,2,牡,1400,ダート,良,6,54.3,474.4,11.9,46.0,1.0,4.0,0.0,,,0.32,6
R20220217_0168,2022-02-17,Horse_0841,Horse_0841,Jockey_003,5,牝,1400,ダート,良,7,53.0,425.0,2.0,306.0,0.0,2.5,1.0,,1.0,0.217,11
R20220219_0169,2022-02-19,Horse_0296,Horse_0296,Jockey_066,6,せん,1200,芝,重,15,54.8,447.7,0.4,43.0,2.0,7.333,0.4,,0.333,0.36,4
R20220219_0169,2022-02-19,Horse_0852,Horse_0852,Jockey_022,8,牡,1200,芝,重,11,55.4,442.7,-2.6,258.0,0.0,8.5,0.0,,,0.188,9
R20220219_0169,2022-02-19,Horse_0382,Horse_0382,Jockey_076,8,牡,1200,芝,重,5,54.5,462.0,-6.1,258.0,0.0,7.667,0.333,,0.5,0.269,8
R20220219_0169,2022-02-19,Horse_0892,Horse_0892,Jockey_078,8,牡,1200,芝,重,14,56.3,455.8,-6.0,132.0,1.0,10.0,0.0,,0.0,0.273,11
R20220219_0169,2022-02-19,Horse_0450,Horse_0450,Jockey_042,3,牝,1200,芝,重,6,54.2,513.7,2.1,375.0,0.0,3.0,1.0,,1.0,0.276,10
R20220219_0169,2022-02-19,Horse_0819,Horse_0819,Jockey_079,8,牝,1200,芝,重,8,58.8,432.3,-8.4,211.0,0.0,9.667,0.5,,0.667,0.148,6
R20220219_0169,2022-02-19,Horse_0582,Horse_0582,Jockey_069,6,せん,1200,芝,重,3,56.9,451.7,12.7,235.0,0.0,7.5,0.0,,0.0,0.37,12
R20220219_0169,2022-02-19,Horse_0455,Horse_0455,Jockey_006,4,せん,1200,芝,重,10,55.0,475.9,6.3,63.0,2.0,9.667,0.0,0.0,0.0,0.308,1
R20220219_0169,2022-02-19,Horse_0818,Horse_0818,Jockey_010,7,牝,1200,芝,重,12,52.8,419.4,0.3,86.0,2.0,12.333,0.0,0.0,0.0,0.31,7
R20220219_0169,2022-02-19,Horse_0044,Horse_0044,Jockey_037,5,牝,1200,芝,重,9,52.2,558.4,6.1,126.0,1.0,6.0,0.5,,0.333,0.167,2
R20220219_0169,2022-02-19,Horse_0453,Horse_0453,Jockey_052,5,牡,1200,芝,重,1,54.2,446.5,-2.4,177.0,1.0,10.333,0.0,0.0,0.0,0.333,14
R20220219_0169,2022-02-19,Horse_0042,Horse_0042,Jockey_072,5,牡,1200,芝,重,7,55.0,442.8,-0.7,411.0,0.0,2.0,1.0,,,0.32,13
R20220219_0169,2022-02-19,Horse_0135,Horse_0135,Jockey_026,4,牝,1200,芝,重,13,54.6,423.3,-8.1,129.0,1.0,4.5,0.0,,0.0,0.286,5
R20220219_0169,2022-02-19,Horse_0677,Horse_0677,Jockey_046,8,せん,1200,芝,重,4,54.4,506.7,10.7,140.0,1.0,13.0,0.0,,0.0,0.08,15
R20220219_0169,2022-02-19,Horse_0873,Horse_0873,Jockey_067,2,牝,1200,芝,重,2,57.4,486.5,-4.4,11.0,1.0,6.0,0.0,,,0.256,3
R20220222_0170,2022-02-22,Horse_0199,Horse_0199,Jockey_013,2,牡,1200,ダート,良,1,56.5,539.5,,,0.0,,,,,0.1,11
R20220222_0170,2022-02-22,Horse_0377,Horse_0377,Jockey_021,8,牡,1200,ダート,良,6,54.0,432.3,-11.8,73.0,2.0,11.333,0.0,,0.0,0.2,6
R20220222_0170,2022-02-22,Horse_0441,Horse_0441,Jockey_009,4,牝,1200,ダート,良,3,55.2,465.7,9.9,37.0,2.0,8.333,0.0,0.0,0.0,0.391,7
R20220222_0170,2022-02-22,Horse_0340,Horse_0340,Jockey_058,6,牡,1200,ダート,良,7,57.3,498.4,-1.0,309.0,0.0,3.5,0.5,1.0,1.0,0.182,10
R20220222_0170,2022-02-22,Horse_0167,Horse_0167,Jockey_079,2,せん,1200,ダート,良,11,54.6,472.6,,,0.0,,,,,0.143,9
R20220222_0170,2022-02-22,Horse_0232,Horse_0232,Jockey_049,7,牡,1200,ダート,良,5,54.1,508.5,16.8,46.0,2.0,4.333,0.6,,,0.231,3
R20220222_0170,2022-02-22,Horse_0145,Horse_0145,Jockey_024,5,牡,1200,ダート,良,9,54.3,494.0,-16.8,82.0,2.0,7.0,0.0,,0.0,0.167,12
R20220222_0170,2022-02-22,Horse_0482,Horse_0482,Jockey_074,3,牡,1200,ダート,良,4,55.4,461.5,20.5,54.0,1.0,1.5,1.0,,1.0,0.333,1
R20220222_0170,2022-02-22,Horse_0196,Horse_0196,Jockey_080,6,牝,1200,ダート,良,8,52.0,492.4,-13.2,176.0,1.0,3.5,0.5,,1.0,0.25,8
R20220222_0170,2022-02-22,Horse_0742,Horse_0742,Jockey_066,2,牡,1200,ダート,良,2,58.7,518.1,9.4,51.0,1.0,3.0,1.0,,,0.346,5
R20220222_0170,2022-02-22,Horse_0655,Horse_0655,Jockey_055,6,牡,1200,ダート,良,12,53.4,507.8,-4.3,37.0,1.0,1.5,1.0,1.0,1.0,0.219,2
R20220222_0170,2022-02-22,Horse_0849,Horse_0849,Jockey_002,6,牡,1200,ダート,良,10,55.1,448.5,-9.6,122.0,1.0,4.0,0.0,,,0.417,4
R20220223_0171,2022-02-23,Horse_0436,Horse_0436,Jockey_074,2,牡,1600,ダート,重,9,54.5,492.9,,,0.0,,,,,0.357,7
R20220223_0171,2022-02-23,Horse_0475,Horse_0475,Jockey_047,8,牡,1600,ダート,重,5,54.8,457.1,1.2,199.0,0.0,3.0,0.5,1.0,0.0,0.13,3
R20220223_0171,2022-02-23,Horse_0678,Horse_0678,Jockey_035,8,牝,1600,ダート,重,8,53.1,477.4,11.1,10.0,3.0,10.0,0.0,0.0,0.0,0.3,9
R20220223_0171,2022-02-23,Horse_0380,Horse_0380,Jockey_070,6,牡,1600,ダート,重,4,52.4,490.5,-0.3,211.0,0.0,6.333,0.0,0.0,,0.194,6
R20220223_0171,2022-02-23,Horse_0221,Horse_0221,Jockey_018,8,牝,1600,ダート,重,3,53.7,519.0,,,0.0,,,,,0.364,2
R20220223_0171,2022-02-23,Horse_0514,Horse_0514,Jockey_066,7,牝,1600,ダート,重,6,53.3,481.7,-12.5,137.0,1.0,6.0,0.25,,,0.333,8
R20220223_0171,2022-02-23,Horse_0666,Horse_0666,Jockey_041,2,牡,1600,ダート,重,1,55.9,479.5,,,0.0,,,,,0.308,5
R20220223_0171,2022-02-23,Horse_0002,Horse_0002,Jockey_022,7,牝,1600,ダート,重,2,54.2,466.9,2.4,63.0,2.0,4.667,0.4,0.0,0.0,0.182,1
R20220223_0171,2022-02-23,Horse_0430,Horse_0430,Jockey_036,7,牝,1600,ダート,重,7,54.8,460.0,-8.2,74.0,1.0,4.333,0.333,,0.0,0.423,4
R20220226_0172,2022-02-26,Horse_0609,Horse_0609,Jockey_022,2,牝,1800,芝,不良,10,55.1,450.7,,,0.0,,,,,0.206,11
R20220226_0172,2022-02-26,Horse_0159,Horse_0159,Jockey_036,5,牝,1800,芝,不良,5,57.1,517.5,0.4,70.0,2.0,5.667,0.333,0.0,1.0,0.407,6
R20220226_0172,2022-02-26,Horse_0251,Horse_0251,Jockey_042,5,牝,1800,芝,不良,1,54.6,448.5,-8.4,169.0,1.0,8.333,0.2,0.0,0.25,0.267,12
R20220226_0172,2022-02-26,Horse_0284,Horse_0284,Jockey_079,4,牡,1800,芝,不良,11,53.3,440.0,-6.4,62.0,3.0,5.333,0.25,0.5,0.0,0.138,3
R20220226_0172,2022-02-26,Horse_0027,Horse_0027,Jockey_027,6,牝,1800,芝,不良,4,56.0,465.2,-0.3,294.0,0.0,7.0,0.0,,0.0,0.158,14
R20220226_0172,2022-02-26,Horse_0055,Horse_0055,Jockey_010,5,せん,1800,芝,不良,9,55.0,483.7,6.4,37.0,3.0,2.0,0.8,1.0,1.0,0.3,2
R20220226_0172,2022-02-26,Horse_0464,Horse_0464,Jockey_064,7,せん,1800,芝,不良,13,54.0,440.1,3.8,13.0,1.0,13.667,0.0,,0.0,0.115,9
R20220226_0172,2022-02-26,Horse_0295,Horse_0295,Jockey_001,5,牝,1800,芝,不良,3,54.0,455.0,-4.4,157.0,1.0,7.0,0.5,,1.0,0.28,8
R20220226_0172,2022-02-26,Horse_0513,Horse_0513,Jockey_067,6,牝,1800,芝,不良,12,56.4,463.8,-9.2,162.0,1.0,5.667,0.2,,0.333,0.275,13
R20220226_0172,2022-02-26,Horse_0478,Horse_0478,Jockey_008,4,牝,1800,芝,不良,14,53.5,443.7,-8.3,22.0,2.0,8.0,0.0,,0.0,0.118,4
R20220226_0172,2022-02-26,Horse_0486,Horse_0486,Jockey_024,2,牡,1800,芝,不良,8,56.5,442.4,,,0.0,,,,,0.16,7
R20220226_0172,2022-02-26,Horse_0173,Horse_0173,Jockey_063,6,牝,1800,芝,不良,6,52.2,451.1,2.0,154.0,2.0,11.333,0.0,,0.0,0.111,10
R20220226_0172,2022-02-26,Horse_0072,Horse_0072,Jockey_044,2,牡,1800,芝,不良,7,56.0,481.0,,,0.0,,,,,0.304,5
R20220226_0172,2022-02-26,Horse_0452,Horse_0452,Jockey_045,3,牡,1800,芝,不良,2,52.9,464.9,3.2,55.0,2.0,11.0,0.0,,0.0,0.4,1
R20220227_0173,2022-02-27,Horse_0381,Horse_0381,Jockey_033,2,牡,1400,ダート,稍重,11,54.0,454.6,20.1,16.0,1.0,7.0,0.0,,,0.333,8
R20220227_0173,2022-02-27,Horse_0496,Horse_0496,Jockey_005,6,牡,1400,ダート,稍重,3,56.5,453.4,23.2,55.0,2.0,3.0,1.0,,1.0,0.515,7
R20220227_0173,2022-02-27,Horse_0830,Horse_0830,Jockey_080,4,牝,1400,ダート,稍重,1,56.0,421.0,6.8,91.0,2.0,11.333,0.0,,0.0,0.242,11
R20220227_0173,2022-02-27,Horse_0751,Horse_0751,Jockey_060,7,牡,1400,ダート,稍重,9,54.1,488.1,3.4,11.0,2.0,6.5,0.0,,0.0,0.04,1
R20220227_0173,2022-02-27,Horse_0260,Horse_0260,Jockey_063,5,牡,1400,ダート,稍重,7,56.2,430.0,-16.2,16.0,2.0,2.333,0.667,,,0.107,5
R20220227_0173,2022-02-27,Horse_0665,Horse_0665,Jockey_056,6,牝,1400,ダート,稍重,14,55.1,507.2,4.4,84.0,1.0,11.333,0.0,0.0,0.0,0.35,14
R20220227_0173,2022-02-27,Horse_0721,Horse_0721,Jockey_073,2,牡,1400,ダート,稍重,2,55.1,426.8,1.5,48.0,1.0,9.0,0.0,0.0,,0.208,3
R20220227_0173,2022-02-27,Horse_0096,Horse_0096,Jockey_076,6,牝,1400,ダート,稍重,10,55.4,486.9,8.7,29.0,3.0,4.667,0.8,1.0,0.5,0.259,6
R20220227_0173,2022-02-27,Horse_0137,Horse_0137,Jockey_068,6,牡,1400,ダート,稍重,5,54.3,437.4,7.9,67.0,2.0,11.0,0.0,0.0,0.0,0.333,10
R20220227_0173,2022-02-27,Horse_0622,Horse_0622,Jockey_003,2,牡,1400,ダート,稍重,13,54.4,462.0,,,0.0,,,,,0.208,9
R20220227_0173,2022-02-27,Horse_0440,Horse_0440,Jockey_044,6,牡,1400,ダート,稍重,8,55.4,518.3,-18.6,63.0,2.0,7.333,0.0,,0.0,0.292,12
R20220227_0173,2022-02-27,Horse_0393,Horse_0393,Jockey_011,3,牝,1400,ダート,稍重,12,52.8,451.7,2.9,148.0,1.0,6.333,0.333,0.0,0.333,0.125,13
R20220227_0173,2022-02-27,Horse_0214,Horse_0214,Jockey_021,7,牡,1400,ダート,稍重,4,55.2,443.6,-0.2,67.0,1.0,5.667,0.25,,0.0,0.192,2
R20220227_0173,2022-02-27,Horse_0708,Horse_0708,Jockey_071,6,牡,1400,ダート,稍重,6,54.6,472.7,-1.3,260.0,0.0,2.667,0.667,1.0,1.0,0.333,4
R20220301_0174,2022-03-01,Horse_0590,Horse_0590,Jockey_078,3,牡,2400,芝,良,9,54.9,504.3,8.4,154.0,1.0,5.0,0.0,,0.0,0.261,6
R20220301_0174,2022-03-01,Horse_0810,Horse_0810,Jockey_026,5,牝,2400,芝,良,5,51.1,437.0,3.6,53.0,2.0,4.333,0.2,0.0,0.0,0.276,5
R20220301_0174,2022-03-01,Horse_0306,Horse_0306,Jockey_060,8,牝,2400,芝,良,7,55.0,472.2,-14.4,305.0,0.0,12.0,0.0,,0.0,0.077,9
R20220301_0174,2022-03-01,Horse_0728,Horse_0728,Jockey_057,2,牡,2400,芝,良,1,55.3,494.1,,,0.0,,,,,0.333,1
R20220301_0174,2022-03-01,Horse_0538,Horse_0538,Jockey_034,2,牝,2400,芝,良,6,57.1,535.0,6.3,27.0,1.0,1.0,1.0,,,0.13,2
R20220301_0174,2022-03-01,Horse_0322,Horse_0322,Jockey_069,2,牡,2400,芝,良,2,57.1,531.0,,,0.0,,,,,0.357,3
R20220301_0174,2022-03-01,Horse_0373,Horse_0373,Jockey_016,6,牡,2400,芝,良,4,55.0,469.0,3.4,61.0,3.0,7.0,0.0,0.0,0.0,0.273,4
R20220301_0174,2022-03-01,Horse_0218,Horse_0218,Jockey_062,8,牝,2400,芝,良,8,53.4,475.5,11.9,122.0,2.0,10.333,0.0,0.0,0.0,0.179,8
R20220301_0174,2022-03-01,Horse_0455,Horse_0455,Jockey_038,4,せん,2400,芝,良,3,54.2,470.8,-5.1,10.0,3.0,6.0,0.2,,0.5,0.25,7
R20220303_0175,2022-03-03,Horse_0764,Horse_0764,Jockey_031,4,牝,1400,芝,良,3,54.7,433.8,-12.8,271.0,0.0,5.333,0.333,,0.5,0.231,11
R20220303_0175,2022-03-03,Horse_0416,Horse_0416,Jockey_017,2,牡,1400,芝,良,12,54.2,528.3,,,0.0,,,,,0.364,1
R20220303_0175,2022-03-03,Horse_0335,Horse_0335,Jockey_021,7,牝,1400,芝,良,6,53.9,416.9,0.9,253.0,0.0,7.333,0.0,0.0,,0.222,4
R20220303_0175,2022-03-03,Horse_0064,Horse_0064,Jockey_042,5,せん,1400,芝,良,11,55.5,446.7,,,0.0,,,,,0.258,3
R20220303_0175,2022-03-03,Horse_0419,Horse_0419,Jockey_020,5,牝,1400,芝,良,9,53.6,519.8,0.1,37.0,1.0,5.333,0.333,,0.0,0.208,6
R20220303_0175,2022-03-03,Horse_0080,Horse_0080,Jockey_003,5,牡,1400,芝,良,5,52.7,473.8,2.7,257.0,0.0,6.0,0.0,,,0.2,13
R20220303_0175,2022-03-03,Horse_0832,Horse_0832,Jockey_076,7,牡,1400,芝,良,15,55.8,381.0,-9.1,252.0,0.0,3.0,1.0,,1.0,0.25,8
R20220303_0175,2022-03-03,Horse_0121,Horse_0121,Jockey_072,2,牝,1400,芝,良,4,52.4,424.3,11.2,60.0,1.0,6.0,0.0,,0.0,0.308,5
R20220303_0175,2022-03-03,Horse_0692,Horse_0692,Jockey_059,3,牡,1400,芝,良,8,53.7,476.2,20.8,135.0,1.0,11.0,0.0,0.0,0.0,0.478,12
R20220303_0175,2022-03-03,Horse_0269,Horse_0269,Jockey_046,4,牝,1400,芝,良,13,55.0,465.2,6.1,128.0,2.0,2.667,0.8,,0.5,0.077,2
R20220303_0175,2022-03-03,Horse_0899,Horse_0899,Jockey_040,4,牝,1400,芝,良,1,56.0,486.1,5.9,207.0,0.0,6.0,0.0,,0.0,0.44,7
R20220303_0175,2022-03-03,Horse_0729,Horse_0729,Jockey_013,7,せん,1400,芝,良,7,56.4,476.1,-17.9,237.0,0.0,6.333,0.333,,0.0,0.097,14
R20220303_0175,2022-03-03,Horse_0169,Horse_0169,Jockey_038,5,牝,1400,芝,良,10,54.0,483.3,6.8,310.0,0.0,7.0,0.0,,,0.24,15
R20220303_0175,2022-03-03,Horse_0713,Horse_0713,Jockey_055,5,牡,1400,芝,良,14,56.4,473.7,-4.8,178.0,1.0,6.667,0.0,,0.0,0.242,9
R20220303_0175,2022-03-03,Horse_0479,Horse_0479,Jockey_063,8,牡,1400,芝,良,2,56.2,469.5,0.0,366.0,0.0,12.5,0.0,,0.0,0.103,10
R20220306_0176,2022-03-06,Horse_0720,Horse_0720,Jockey_035,8,牝,1600,芝,良,13,54.1,422.2,3.0,138.0,1.0,9.667,0.333,0.0,0.5,0.286,7
R20220306_0176,2022-03-06,Horse_0848,Horse_0848,Jockey_059,4,牝,1600,芝,良,6,56.6,416.2,-6.7,225.0,0.0,9.5,0.0,,0.0,0.458,12
R20220306_0176,2022-03-06,Horse_0079,Horse_0079,Jockey_041,5,牡,1600,芝,良,3,56.1,467.1,-3.1,32.0,3.0,6.333,0.25,,0.0,0.296,1
R20220306_0176,2022-03-06,Horse_0422,Horse_0422,Jockey_056,6,牝,1600,芝,良,8,52.7,480.9,3.9,138.0,2.0,7.667,0.25,0.0,0.333,0.333,5
R20220306_0176,2022-03-06,Horse_0894,Horse_0894,Jockey_046,4,牝,1600,芝,良,14,54.3,484.0,-4.2,101.0,1.0,6.667,0.4,0.5,0.0,0.111,3
R20220306_0176,2022-03-06,Horse_0318,Horse_0318,Jockey_028,6,牝,1600,芝,良,15,54.4,493.7,0.2,17.0,2.0,9.0,0.0,0.0,0.0,0.316,11
R20220306_0176,2022-03-06,Horse_0677,Horse_0677,Jockey_064,8,せん,1600,芝,良,4,54.8,492.5,-14.2,15.0,2.0,12.667,0.0,,0.0,0.111,15
R20220306_0176,2022-03-06,Horse_0561,Horse_0561,Jockey_002,7,牝,1600,芝,良,1,54.9,469.0,1.1,131.0,1.0,5.0,0.0,0.0,,0.4,13
R20220306_0176,2022-03-06,Horse_0584,Horse_0584,Jockey_057,8,牡,1600,芝,良,7,53.9,500.9,-11.5,201.0,0.0,8.667,0.0,0.0,0.0,0.36,6
R20220306_0176,2022-03-06,Horse_0276,Horse_0276,Jockey_050,6,牝,1600,芝,良,10,57.4,522.5,-3.3,196.0,0.0,2.333,1.0,1.0,1.0,0.316,8
R20220306_0176,2022-03-06,Horse_0101,Horse_0101,Jockey_055,8,牝,1600,芝,良,2,55.8,482.8,-6.2,256.0,0.0,3.0,0.667,0.667,0.5,0.235,4
R20220306_0176,2022-03-06,Horse_0245,Horse_0245,Jockey_039,4,牡,1600,芝,良,5,54.2,475.0,18.0,45.0,1.0,8.333,0.25,0.0,0.0,0.375,10
R20220306_0176,2022-03-06,Horse_0059,Horse_0059,Jockey_014,2,牡,1600,芝,良,11,55.3,531.7,,,0.0,,,,,0.062,2
R20220306_0176,2022-03-06,Horse_0372,Horse_0372,Jockey_042,3,牝,1600,芝,良,9,54.9,438.0,8.9,244.0,0.0,9.5,0.0,0.0,,0.281,9
R20220306_0176,2022-03-06,Horse_0239,Horse_0239,Jockey_077,5,牡,1600,芝,良,12,53.8,486.8,23.4,84.0,3.0,9.0,0.0,0.0,0.0,0.0,14
R20220308_0177,2022-03-08,Horse_0591,Horse_0591,Jockey_078,3,牝,1200,ダート,良,6,55.4,476.6,11.3,178.0,1.0,7.667,0.2,,0.0,0.25,7
R20220308_0177,2022-03-08,Horse_0287,Horse_0287,Jockey_031,6,牡,1200,ダート,良,1,56.5,451.4,-11.2,95.0,2.0,4.0,0.25,,0.0,0.222,9
R20220308_0177,2022-03-08,Horse_0315,Horse_0315,Jockey_026,3,牡,1200,ダート,良,10,51.8,459.7,4.9,54.0,3.0,7.0,0.2,0.333,0.0,0.267,5
R20220308_0177,2022-03-08,Horse_0363,Horse_0363,Jockey_061,4,牝,1200,ダート,良,5,55.6,478.3,-0.4,129.0,1.0,10.5,0.0,,0.0,0.344,6
R20220308_0177,2022-03-08,Horse_0425,Horse_0425,Jockey_046,6,牝,1200,ダート,良,7,54.1,485.9,11.8,107.0,1.0,2.0,1.0,,,0.143,8
R20220308_0177,2022-03-08,Horse_0320,Horse_0320,Jockey_021,7,牡,1200,ダート,良,8,55.7,442.5,26.2,227.0,0.0,5.667,0.333,0.0,,0.214,10
R20220308_0177,2022-03-08,Horse_0149,Horse_0149,Jockey_069,5,牡,1200,ダート,良,2,55.0,444.2,7.4,34.0,2.0,10.0,0.0,0.0,0.0,0.379,3
R20220308_0177,2022-03-08,Horse_0784,Horse_0784,Jockey_004,6,牝,1200,ダート,良,4,53.7,394.8,0.8,161.0,1.0,9.0,0.0,0.0,0.0,0.115,4
R20220308_0177,2022-03-08,Horse_0627,Horse_0627,Jockey_051,4,牡,1200,ダート,良,3,54.9,488.9,12.7,20.0,2.0,8.667,0.25,0.0,0.333,0.125,2
R20220308_0177,2022-03-08,Horse_0313,Horse_0313,Jockey_012,5,牡,1200,ダート,良,9,54.9,486.3,2.5,28.0,4.0,4.0,0.6,,0.333,0.16,1
R20220310_0178,2022-03-10,Horse_0283,Horse_0283,Jockey_010,8,牝,1600,ダート,良,3,54.8,529.0,-4.1,229.0,0.0,8.5,0.0,,,0.323,9
R20220310_0178,2022-03-10,Horse_0187,Horse_0187,Jockey_045,4,牡,1600,ダート,良,8,54.2,435.7,-10.1,30.0,1.0,3.667,0.75,1.0,0.667,0.423,4
R20220310_0178,2022-03-10,Horse_0860,Horse_0860,Jockey_038,6,牡,1600,ダート,良,7,55.4,533.6,4.1,91.0,2.0,4.667,0.333,1.0,,0.231,3
R20220310_0178,2022-03-10,Horse_0776,Horse_0776,Jockey_026,4,牡,1600,ダート,良,1,52.7,480.8,-4.0,88.0,1.0,5.0,0.333,0.5,0.5,0.258,6
R20220310_0178,2022-03-10,Horse_0319,Horse_0319,Jockey_049,6,牝,1600,ダート,良,4,55.1,450.7,-11.9,25.0,4.0,3.333,0.4,0.0,0.5,0.259,8
R20220310_0178,2022-03-10,Horse_0241,Horse_0241,Jockey_008,7,牝,1600,ダート,良,5,53.7,499.2,5.9,353.0,0.0,7.0,0.0,,0.0,0.111,11
R20220310_0178,2022-03-10,Horse_0094,Horse_0094,Jockey_058,2,牡,1600,ダート,良,10,55.3,466.2,-8.2,21.0,2.0,5.0,0.0,0.0,0.0,0.176,5
R20220310_0178,2022-03-10,Horse_0524,Horse_0524,Jockey_041,5,牝,1600,ダート,良,2,54.9,417.2,-3.6,362.0,0.0,6.0,0.0,,0.0,0.321,10
R20220310_0178,2022-03-10,Horse_0762,Horse_0762,Jockey_029,6,せん,1600,ダート,良,9,57.5,475.3,-1.7,181.0,0.0,5.333,0.667,1.0,1.0,0.308,7
R20220310_0178,2022-03-10,Horse_0804,Horse_0804,Jockey_069,2,牝,1600,ダート,良,11,52.3,486.6,,,0.0,,,,,0.4,1
R20220310_0178,2022-03-10,Horse_0246,Horse_0246,Jockey_002,4,牡,1600,ダート,良,6,53.7,473.3,7.5,34.0,1.0,3.0,1.0,,,0.385,2
R20220314_0179,2022-03-14,Horse_0488,Horse_0488,Jockey_056,3,牡,2400,芝,良,2,53.9,461.4,-9.4,273.0,0.0,4.0,0.0,,0.0,0.318,9
R20220314_0179,2022-03-14,Horse_0899,Horse_0899,Jockey_035,4,牝,2400,芝,良,10,52.1,472.7,-13.4,11.0,1.0,6.333,0.0,0.0,0.0,0.273,3
R20220314_0179,2022-03-14,Horse_0802,Horse_0802,Jockey_022,8,牡,2400,芝,良,6,53.4,530.4,10.0,226.0,0.0,6.667,0.333,,0.5,0.2,13
R20220314_0179,2022-03-14,Horse_0020,Horse_0020,Jockey_037,5,牝,2400,芝,良,4,55.5,516.7,-1.6,197.0,0.0,2.333,0.667,,0.5,0.194,7
R20220314_0179,2022-03-14,Horse_0579,Horse_0579,Jockey_003,3,牡,2400,芝,良,13,55.9,445.6,-0.8,25.0,1.0,13.0,0.0,,0.0,0.192,15
R20220314_0179,2022-03-14,Horse_0777,Horse_0777,Jockey_010,7,牝,2400,芝,良,9,52.3,462.7,-2.4,40.0,1.0,10.667,0.0,,,0.312,5
R20220314_0179,2022-03-14,Horse_0156,Horse_0156,Jockey_075,5,せん,2400,芝,良,5,55.4,502.4,-3.6,86.0,1.0,13.0,0.0,,,0.393,12
R20220314_0179,2022-03-14,Horse_0224,Horse_0224,Jockey_023,2,牝,2400,芝,良,14,54.7,444.4,,,0.0,,,,,0.043,4
R20220314_0179,2022-03-14,Horse_0244,Horse_0244,Jockey_065,2,牡,2400,芝,良,12,54.8,489.0,,,0.0,,,,,0.375,1
R20220314_0179,2022-03-14,Horse_0733,Horse_0733,Jockey_021,8,牝,2400,芝,良,8,53.2,469.4,-8.9,71.0,1.0,15.0,0.0,,0.0,0.207,8
R20220314_0179,2022-03-14,Horse_0301,Horse_0301,Jockey_030,7,牡,2400,芝,良,1,56.0,487.2,3.7,30.0,4.0,10.0,0.0,0.0,0.0,0.08,10
R20220314_0179,2022-03-14,Horse_0605,Horse_0605,Jockey_080,8,牡,2400,芝,良,15,52.3,495.0,14.6,88.0,2.0,8.333,0.0,0.0,0.0,0.235,16
R20220314_0179,2022-03-14,Horse_0731,Horse_0731,Jockey_042,8,せん,2400,芝,良,7,55.8,485.1,12.4,74.0,1.0,9.667,0.25,,0.333,0.273,2
R20220314_0179,2022-03-14,Horse_0397,Horse_0397,Jockey_068,6,牝,2400,芝,良,3,54.8,442.7,5.6,101.0,1.0,10.333,0.0,0.0,0.0,0.324,11
R20220314_0179,2022-03-14,Horse_0489,Horse_0489,Jockey_026,3,牡,2400,芝,良,16,58.2,492.9,-1.2,121.0,1.0,8.667,0.333,,0.0,0.25,6
R20220314_0179,2022-03-14,Horse_0291,Horse_0291,Jockey_031,5,牝,2400,芝,良,11,54.2,448.9,16.0,189.0,0.0,7.333,0.333,0.0,1.0,0.214,14
R20220317_0180,2022-03-17,Horse_0003,Horse_0003,Jockey_050,8,牝,1200,芝,稍重,5,55.0,454.4,-4.2,32.0,2.0,7.0,0.2,,0.25,0.3,7
R20220317_0180,2022-03-17,Horse_0324,Horse_0324,Jockey_026,2,牝,1200,芝,稍重,8,54.4,500.7,,,0.0,,,,,0.242,5
R20220317_0180,2022-03-17,Horse_0046,Horse_0046,Jockey_075,8,牡,1200,芝,稍重,2,55.5,491.4,-10.0,154.0,1.0,7.0,0.0,0.0,0.0,0.379,6
R20220317_0180,2022-03-17,Horse_0072,Horse_0072,Jockey_069,2,牡,1200,芝,稍重,6,52.6,476.9,-4.1,19.0,1.0,5.0,0.0,,0.0,0.419,3
R20220317_0180,2022-03-17,Horse_0513,Horse_0513,Jockey_004,6,牝,1200,芝,稍重,9,55.5,464.5,0.7,19.0,1.0,7.667,0.2,,0.25,0.111,2
R20220317_0180,2022-03-17,Horse_0647,Horse_0647,Jockey_013,3,牡,1200,芝,稍重,7,54.5,436.4,-15.8,105.0,3.0,2.333,1.0,,1.0,0.094,4
R20220317_0180,2022-03-17,Horse_0122,Horse_0122,Jockey_036,3,牝,1200,芝,稍重,1,51.8,478.0,-16.4,91.0,1.0,9.333,0.0,,0.0,0.393,8
R20220317_0180,2022-03-17,Horse_0038,Horse_0038,Jockey_071,6,牡,1200,芝,稍重,4,54.4,497.2,21.4,63.0,3.0,4.0,0.2,0.0,0.333,0.318,9
R20220317_0180,2022-03-17,Horse_0781,Horse_0781,Jockey_014,7,牡,1200,芝,稍重,3,56.6,449.6,-10.1,63.0,3.0,1.667,1.0,1.0,1.0,0.091,1
R20220320_0181,2022-03-20,Horse_0319,Horse_0319,Jockey_014,6,牝,1400,芝,良,10,55.5,460.1,9.4,10.0,5.0,5.333,0.2,,0.0,0.118,1
R20220320_0181,2022-03-20,Horse_0837,Horse_0837,Jockey_035,8,牡,1400,芝,良,2,55.3,478.5,-6.2,55.0,2.0,6.0,0.0,0.0,0.0,0.304,4
R20220320_0181,2022-03-20,Horse_0821,Horse_0821,Jockey_016,2,牡,1400,芝,良,3,54.2,422.3,,,0.0,,,,,0.261,11
R20220320_0181,2022-03-20,Horse_0410,Horse_0410,Jockey_018,4,牝,1400,芝,良,5,52.0,459.8,3.2,291.0,0.0,5.0,0.0,,0.0,0.391,5
R20220320_0181,2022-03-20,Horse_0687,Horse_0687,Jockey_075,8,牝,1400,芝,良,12,53.7,485.2,5.3,65.0,2.0,6.333,0.2,0.5,0.5,0.367,8
R20220320_0181,2022-03-20,Horse_0712,Horse_0712,Jockey_070,2,牝,1400,芝,良,8,55.8,445.9,,,0.0,,,,,0.188,9
R20220320_0181,2022-03-20,Horse_0342,Horse_0342,Jockey_041,3,牝,1400,芝,良,4,54.6,448.7,-11.1,101.0,2.0,13.333,0.0,,0.0,0.31,12
R20220320_0181,2022-03-20,Horse_0210,Horse_0210,Jockey_011,4,牡,1400,芝,良,7,55.1,444.7,5.6,214.0,0.0,3.0,0.5,,,0.12,6
R20220320_0181,2022-03-20,Horse_0577,Horse_0577,Jockey_013,2,牡,1400,芝,良,9,54.5,505.0,,,0.0,,,,,0.091,3
R20220320_0181,2022-03-20,Horse_0873,Horse_0873,Jockey_044,2,牝,1400,芝,良,11,54.3,492.6,6.1,29.0,2.0,4.5,0.5,,1.0,0.28,7
R20220320_0181,2022-03-20,Horse_0509,Horse_0509,Jockey_072,3,牝,1400,芝,良,6,54.7,491.1,2.1,233.0,0.0,7.0,0.0,,0.0,0.296,2
R20220320_0181,2022-03-20,Horse_0718,Horse_0718,Jockey_024,6,牝,1400,芝,良,1,55.7,464.1,-6.6,240.0,0.0,5.333,0.333,,0.0,0.154,10
R20220322_0182,2022-03-22,Horse_0314,Horse_0314,Jockey_058,4,牝,1600,ダート,重,8,53.6,475.6,-12.4,136.0,1.0,6.0,0.0,0.0,,0.171,8
R20220322_0182,2022-03-22,Horse_0293,Horse_0293,Jockey_068,3,牝,1600,ダート,重,6,55.0,503.3,-1.9,68.0,2.0,1.333,1.0,1.0,0.5,0.316,1
R20220322_0182,2022-03-22,Horse_0250,Horse_0250,Jockey_054,4,牝,1600,ダート,重,4,53.9,445.2,12.0,400.0,0.0,6.0,0.0,,0.0,0.25,9
R20220322_0182,2022-03-22,Horse_0546,Horse_0546,Jockey_045,3,牝,1600,ダート,重,2,51.5,424.1,-4.4,178.0,1.0,3.333,0.4,0.0,0.667,0.407,5
R20220322_0182,2022-03-22,Horse_0863,Horse_0863,Jockey_062,4,牝,1600,ダート,重,7,54.6,461.1,-2.7,290.0,0.0,2.0,1.0,1.0,1.0,0.172,6
R20220322_0182,2022-03-22,Horse_0484,Horse_0484,Jockey_012,7,牡,1600,ダート,重,5,55.2,439.9,-3.3,127.0,1.0,1.667,1.0,1.0,1.0,0.192,3
R20220322_0182,2022-03-22,Horse_0347,Horse_0347,Jockey_050,5,せん,1600,ダート,重,3,55.0,455.4,-2.2,38.0,2.0,4.333,0.4,0.0,0.333,0.286,2
R20220322_0182,2022-03-22,Horse_0318,Horse_0318,Jockey_066,6,牝,1600,ダート,重,1,51.3,499.8,6.1,16.0,3.0,9.0,0.0,0.0,0.0,0.321,4
R20220322_0182,2022-03-22,Horse_0067,Horse_0067,Jockey_010,6,牡,1600,ダート,重,9,54.4,483.2,-0.8,234.0,0.0,11.667,0.0,0.0,,0.303,7
R20220323_0183,2022-03-23,Horse_0761,Horse_0761,Jockey_044,5,牡,1600,ダート,稍重,4,55.4,508.2,8.3,78.0,4.0,2.667,0.8,,0.667,0.269,2
R20220323_0183,2022-03-23,Horse_0877,Horse_0877,Jockey_006,5,牡,1600,ダート,稍重,9,54.9,436.9,9.6,118.0,2.0,3.0,0.25,1.0,0.0,0.333,1
R20220323_0183,2022-03-23,Horse_0700,Horse_0700,Jockey_040,2,牡,1600,ダート,稍重,11,53.6,504.4,6.6,72.0,1.0,8.0,0.0,,,0.423,5
R20220323_0183,2022-03-23,Horse_0298,Horse_0298,Jockey_017,4,牡,1600,ダート,稍重,5,55.6,518.9,,,0.0,,,,,0.391,7
R20220323_0183,2022-03-23,Horse_0464,Horse_0464,Jockey_074,7,せん,1600,ダート,稍重,1,52.9,437.6,-2.5,25.0,2.0,13.0,0.0,0.0,0.0,0.345,14
R20220323_0183,2022-03-23,Horse_0107,Horse_0107,Jockey_076,3,牝,1600,ダート,稍重,14,55.1,451.0,-10.4,62.0,2.0,9.0,0.0,,0.0,0.241,9
R20220323_0183,2022-03-23,Horse_0858,Horse_0858,Jockey_079,6,牝,1600,ダート,稍重,2,55.6,492.5,12.8,114.0,2.0,1.0,0.6,,0.667,0.167,6
R20220323_0183,2022-03-23,Horse_0617,Horse_0617,Jockey_038,7,牡,1600,ダート,稍重,13,54.7,533.8,10.7,130.0,1.0,2.667,0.667,0.0,1.0,0.259,12
R20220323_0183,2022-03-23,Horse_0372,Horse_0372,Jockey_050,3,牝,1600,ダート,稍重,12,54.5,427.2,-10.8,17.0,1.0,9.333,0.0,0.0,0.0,0.318,8
R20220323_0183,2022-03-23,Horse_0478,Horse_0478,Jockey_024,4,牝,1600,ダート,稍重,10,54.5,445.3,1.6,25.0,3.0,5.333,0.0,0.0,0.0,0.148,11
R20220323_0183,2022-03-23,Horse_0416,Horse_0416,Jockey_061,2,牡,1600,ダート,稍重,7,55.0,536.4,8.1,20.0,1.0,1.0,1.0,,,0.333,3
R20220323_0183,2022-03-23,Horse_0896,Horse_0896,Jockey_001,7,牝,1600,ダート,稍重,6,52.5,471.8,5.2,75.0,3.0,9.667,0.0,0.0,0.0,0.269,4
R20220323_0183,2022-03-23,Horse_0353,Horse_0353,Jockey_022,2,牝,1600,ダート,稍重,15,56.0,428.6,,,0.0,,,,,0.194,13
R20220323_0183,2022-03-23,Horse_0281,Horse_0281,Jockey_067,3,せん,1600,ダート,稍重,8,54.7,469.5,6.1,176.0,1.0,7.333,0.0,0.0,0.0,0.268,10
R20220323_0183,2022-03-23,Horse_0178,Horse_0178,Jockey_004,7,牝,1600,ダート,稍重,3,53.5,465.8,-4.6,43.0,3.0,12.333,0.0,0.0,0.0,0.143,15
R20220325_0184,2022-03-25,Horse_0228,Horse_0228,Jockey_080,4,牡,1600,ダート,良,8,54.3,533.4,-9.9,259.0,0.0,8.5,0.0,0.0,,0.229,7
R20220325_0184,2022-03-25,Horse_0337,Horse_0337,Jockey_027,6,牝,1600,ダート,良,12,54.8,480.9,-14.2,42.0,2.0,8.667,0.0,0.0,0.0,0.15,11
R20220325_0184,2022-03-25,Horse_0895,Horse_0895,Jockey_031,7,牝,1600,ダート,良,7,53.8,491.8,-2.3,116.0,1.0,8.0,0.25,1.0,0.5,0.207,3
R20220325_0184,2022-03-25,Horse_0586,Horse_0586,Jockey_020,5,牝,1600,ダート,良,1,55.0,465.5,-2.4,426.0,0.0,5.0,0.0,,,0.2,8
R20220325_0184,2022-03-25,Horse_0770,Horse_0770,Jockey_014,5,牝,1600,ダート,良,3,54.2,497.8,3.0,383.0,0.0,1.5,1.0,,,0.143,10
R20220325_0184,2022-03-25,Horse_0651,Horse_0651,Jockey_040,5,牡,1600,ダート,良,4,55.5,471.5,1.6,166.0,1.0,4.0,0.2,0.0,0.0,0.407,4
R20220325_0184,2022-03-25,Horse_0876,Horse_0876,Jockey_063,7,牡,1600,ダート,良,5,54.7,491.3,-3.7,383.0,0.0,4.0,0.0,,,0.1,9
R20220325_0184,2022-03-25,Horse_0068,Horse_0068,Jockey_003,3,牡,1600,ダート,良,2,55.5,503.9,-3.6,104.0,1.0,4.667,0.2,0.0,0.0,0.185,2
R20220325_0184,2022-03-25,Horse_0123,Horse_0123,Jockey_017,6,牝,1600,ダート,良,10,55.9,540.1,2.6,40.0,1.0,4.0,0.333,1.0,0.0,0.375,1
R20220325_0184,2022-03-25,Horse_0295,Horse_0295,Jockey_079,5,牝,1600,ダート,良,6,53.2,447.3,-7.7,27.0,1.0,7.333,0.333,1.0,0.0,0.161,6
R20220325_0184,2022-03-25,Horse_0835,Horse_0835,Jockey_008,7,せん,1600,ダート,良,9,56.6,482.5,1.8,137.0,1.0,2.5,1.0,,,0.105,5
R20220325_0184,2022-03-25,Horse_0331,Horse_0331,Jockey_032,5,牝,1600,ダート,良,11,55.3,469.5,4.7,438.0,0.0,2.0,1.0,1.0,,0.188,12
R20220327_0185,2022-03-27,Horse_0288,Horse_0288,Jockey_025,8,牡,2400,芝,良,6,55.1,468.9,11.1,180.0,1.0,4.333,0.333,1.0,0.333,0.394,3
R20220327_0185,2022-03-27,Horse_0339,Horse_0339,Jockey_038,8,牡,2400,芝,良,8,54.4,462.9,-8.3,126.0,1.0,6.0,0.0,,0.0,0.25,8
R20220327_0185,2022-03-27,Horse_0401,Horse_0401,Jockey_010,3,牝,2400,芝,良,5,55.7,476.5,2.6,306.0,0.0,3.5,0.5,,1.0,0.294,11
R20220327_0185,2022-03-27,Horse_0092,Horse_0092,Jockey_053,7,牝,2400,芝,良,7,55.0,492.3,6.6,279.0,0.0,7.0,0.5,,0.5,0.154,7
R20220327_0185,2022-03-27,Horse_0776,Horse_0776,Jockey_018,4,牡,2400,芝,良,2,54.5,488.6,7.8,17.0,2.0,5.667,0.25,,0.0,0.375,1
R20220327_0185,2022-03-27,Horse_0862,Horse_0862,Jockey_080,3,牝,2400,芝,良,10,56.0,449.0,-4.4,39.0,5.0,6.0,0.4,,0.4,0.222,9
R20220327_0185,2022-03-27,Horse_0232,Horse_0232,Jockey_022,7,牡,2400,芝,良,4,52.7,496.9,-11.6,33.0,3.0,4.667,0.6,0.5,0.6,0.189,2
R20220327_0185,2022-03-27,Horse_0121,Horse_0121,Jockey_003,2,牝,2400,芝,良,1,52.1,427.6,3.3,24.0,2.0,5.5,0.0,,0.0,0.214,5
R20220327_0185,2022-03-27,Horse_0219,Horse_0219,Jockey_075,4,牡,2400,芝,良,9,54.8,446.4,-6.5,62.0,1.0,8.333,0.0,,0.0,0.355,4
R20220327_0185,2022-03-27,Horse_0193,Horse_0193,Jockey_044,2,牝,2400,芝,良,3,54.9,485.2,,,0.0,,,,,0.296,6
R20220327_0185,2022-03-27,Horse_0452,Horse_0452,Jockey_054,3,牡,2400,芝,良,11,58.3,462.0,-2.9,29.0,3.0,7.667,0.25,0.0,0.25,0.24,10
R20220331_0186,2022-03-31,Horse_0241,Horse_0241,Jockey_059,7,牝,2000,芝,不良,4,54.0,497.4,-1.8,21.0,1.0,9.0,0.0,,,0.44,1
R20220331_0186,2022-03-31,Horse_0066,Horse_0066,Jockey_007,7,牡,2000,芝,不良,2,51.5,439.0,5.9,102.0,2.0,8.667,0.0,,0.0,0.179,9
R20220331_0186,2022-03-31,Horse_0430,Horse_0430,Jockey_067,7,牝,2000,芝,不良,8,54.5,462.6,2.6,36.0,2.0,5.0,0.25,0.5,0.5,0.262,3
R20220331_0186,2022-03-31,Horse_0796,Horse_0796,Jockey_075,3,牡,2000,芝,不良,9,54.3,542.9,7.5,74.0,1.0,7.333,0.333,1.0,0.5,0.344,4
R20220331_0186,2022-03-31,Horse_0720,Horse_0720,Jockey_078,8,牝,2000,芝,不良,10,54.9,423.3,1.1,25.0,2.0,11.0,0.25,,0.333,0.24,8
R20220331_0186,2022-03-31,Horse_0853,Horse_0853,Jockey_040,8,牡,2000,芝,不良,7,58.7,462.8,1.4,95.0,1.0,6.0,0.2,,0.5,0.393,5
R20220331_0186,2022-03-31,Horse_0191,Horse_0191,Jockey_001,6,せん,2000,芝,不良,3,54.5,475.8,9.0,65.0,1.0,3.667,0.5,,0.333,0.259,2
R20220331_0186,2022-03-31,Horse_0183,Horse_0183,Jockey_032,2,牝,2000,芝,不良,6,51.9,501.6,,,0.0,,,,,0.176,7
R20220331_0186,2022-03-31,Horse_0837,Horse_0837,Jockey_062,8,牡,2000,芝,不良,1,54.3,470.3,-8.2,11.0,3.0,6.0,0.0,0.0,0.0,0.167,6
R20220331_0186,2022-03-31,Horse_0620,Horse_0620,Jockey_051,5,牡,2000,芝,不良,5,56.7,458.6,-1.6,227.0,0.0,8.0,0.0,,,0.176,10
R20220404_0187,2022-04-04,Horse_0768,Horse_0768,Jockey_005,6,牝,1600,芝,稍重,5,53.7,444.6,1.3,114.0,1.0,6.667,0.0,0.0,0.0,0.5,8
R20220404_0187,2022-04-04,Horse_0729,Horse_0729,Jockey_051,7,せん,1600,芝,稍重,7,53.8,492.0,15.9,32.0,1.0,10.0,0.25,0.0,0.0,0.167,12
R20220404_0187,2022-04-04,Horse_0645,Horse_0645,Jockey_053,3,牝,1600,芝,稍重,12,54.0,521.3,3.1,153.0,1.0,7.667,0.0,,0.0,0.148,5
R20220404_0187,2022-04-04,Horse_0669,Horse_0669,Jockey_058,3,牡,1600,芝,稍重,2,54.4,507.3,11.8,61.0,2.0,10.0,0.0,0.0,0.0,0.167,6
R20220404_0187,2022-04-04,Horse_0280,Horse_0280,Jockey_075,7,せん,1600,芝,稍重,9,51.8,462.1,-12.3,248.0,0.0,3.0,1.0,1.0,,0.333,10
R20220404_0187,2022-04-04,Horse_0622,Horse_0622,Jockey_039,2,牡,1600,芝,稍重,8,53.4,474.4,12.4,36.0,1.0,9.0,0.0,,,0.36,9
R20220404_0187,2022-04-04,Horse_0460,Horse_0460,Jockey_078,2,牝,1600,芝,稍重,6,52.5,486.6,,,0.0,,,,,0.231,7
R20220404_0187,2022-04-04,Horse_0278,Horse_0278,Jockey_070,5,せん,1600,芝,稍重,10,52.4,459.9,11.6,114.0,1.0,14.5,0.0,0.0,,0.182,3
R20220404_0187,2022-04-04,Horse_0176,Horse_0176,Jockey_003,3,牡,1600,芝,稍重,3,54.8,490.5,-2.5,78.0,1.0,2.667,0.5,,0.0,0.207,2
R20220404_0187,2022-04-04,Horse_0276,Horse_0276,Jockey_002,6,牝,1600,芝,稍重,11,54.1,510.0,-12.5,29.0,1.0,4.0,0.75,0.667,0.5,0.407,1
R20220404_0187,2022-04-04,Horse_0153,Horse_0153,Jockey_037,3,牝,1600,芝,稍重,4,53.4,409.7,-10.4,59.0,2.0,8.0,0.0,0.0,0.0,0.188,4
R20220404_0187,2022-04-04,Horse_0196,Horse_0196,Jockey_072,6,牝,1600,芝,稍重,1,54.4,509.2,16.8,41.0,1.0,5.0,0.333,1.0,0.0,0.321,11
R20220408_0188,2022-04-08,Horse_0096,Horse_0096,Jockey_009,6,牝,2400,芝,良,10,53.8,483.1,-3.8,40.0,3.0,5.667,0.6,,0.6,0.375,5
R20220408_0188,2022-04-08,Horse_0392,Horse_0392,Jockey_036,4,牡,2400,芝,良,8,53.1,419.7,,,0.0,,,,,0.379,1
R20220408_0188,2022-04-08,Horse_0028,Horse_0028,Jockey_022,6,牡,2400,芝,良,3,54.7,446.9,10.8,103.0,1.0,10.333,0.0,0.0,0.0,0.211,13
R20220408_0188,2022-04-08,Horse_0422,Horse_0422,Jockey_028,6,牝,2400,芝,良,1,54.4,483.0,2.1,33.0,2.0,6.667,0.2,0.0,0.25,0.3,6
R20220408_0188,2022-04-08,Horse_0116,Horse_0116,Jockey_049,6,牝,2400,芝,良,7,53.0,481.8,-8.0,130.0,1.0,10.333,0.4,0.5,0.5,0.25,10
R20220408_0188,2022-04-08,Horse_0828,Horse_0828,Jockey_044,7,牡,2400,芝,良,14,55.3,499.4,-8.1,174.0,1.0,5.0,0.0,,,0.286,7
R20220408_0188,2022-04-08,Horse_0437,Horse_0437,Jockey_051,2,牝,2400,芝,良,5,54.7,462.1,,,0.0,,,,,0.158,8
R20220408_0188,2022-04-08,Horse_0031,Horse_0031,Jockey_076,7,牝,2400,芝,良,11,55.8,512.8,3.6,73.0,1.0,6.667,0.0,,0.0,0.233,2
R20220408_0188,2022-04-08,Horse_0785,Horse_0785,Jockey_024,3,牡,2400,芝,良,9,54.9,480.0,-1.0,69.0,1.0,4.0,0.6,0.0,0.5,0.143,4
R20220408_0188,2022-04-08,Horse_0588,Horse_0588,Jockey_053,5,牡,2400,芝,良,12,57.1,517.5,2.1,404.0,0.0,3.0,0.5,,0.5,0.143,14
R20220408_0188,2022-04-08,Horse_0118,Horse_0118,Jockey_016,7,牝,2400,芝,良,2,55.4,475.3,3.3,110.0,1.0,8.0,0.0,,0.0,0.25,3
R20220408_0188,2022-04-08,Horse_0333,Horse_0333,Jockey_023,2,牝,2400,芝,良,6,53.8,512.6,-5.7,88.0,1.0,6.0,0.0,,0.0,0.042,9
R20220408_0188,2022-04-08,Horse_0098,Horse_0098,Jockey_054,3,牝,2400,芝,良,4,51.8,436.4,3.9,130.0,1.0,11.0,0.0,0.0,0.0,0.231,12
R20220408_0188,2022-04-08,Horse_0592,Horse_0592,Jockey_045,3,牡,2400,芝,良,13,52.5,520.0,2.8,229.0,0.0,4.5,0.5,,,0.393,11
R20220409_0189,2022-04-09,Horse_0481,Horse_0481,Jockey_025,6,牝,1400,ダート,良,11,52.1,411.3,4.6,215.0,0.0,8.0,0.0,,0.0,0.412,7
R20220409_0189,2022-04-09,Horse_0071,Horse_0071,Jockey_044,2,牡,1400,ダート,良,9,54.4,468.7,,,0.0,,,,,0.276,3
R20220409_0189,2022-04-09,Horse_0577,Horse_0577,Jockey_062,2,牡,1400,ダート,良,2,54.4,488.8,-16.2,20.0,1.0,3.0,1.0,1.0,,0.161,9
R20220409_0189,2022-04-09,Horse_0477,Horse_0477,Jockey_013,6,牡,1400,ダート,良,7,53.1,484.3,1.7,70.0,2.0,7.333,0.0,0.0,0.0,0.118,5
R20220409_0189,2022-04-09,Horse_0006,Horse_0006,Jockey_071,4,牡,1400,ダート,良,8,57.3,483.8,-0.3,75.0,2.0,2.0,1.0,1.0,1.0,0.304,1
R20220409_0189,2022-04-09,Horse_0230,Horse_0230,Jockey_079,2,牡,1400,ダート,良,4,54.1,533.8,,,0.0,,,,,0.156,4
R20220409_0189,2022-04-09,Horse_0509,Horse_0509,Jockey_056,3,牝,1400,ダート,良,3,57.0,495.4,4.3,20.0,1.0,5.333,0.333,1.0,0.0,0.304,2
R20220409_0189,2022-04-09,Horse_0886,Horse_0886,Jockey_027,2,牝,1400,ダート,良,6,54.3,444.2,-7.8,57.0,1.0,1.0,1.0,,,0.143,6
R20220409_0189,2022-04-09,Horse_0551,Horse_0551,Jockey_002,3,牡,1400,ダート,良,5,55.8,491.2,4.4,366.0,0.0,15.0,0.0,,,0.429,12
R20220409_0189,2022-04-09,Horse_0388,Horse_0388,Jockey_053,8,牝,1400,ダート,良,12,53.3,440.9,-12.5,55.0,2.0,11.333,0.0,,,0.138,10
R20220409_0189,2022-04-09,Horse_0138,Horse_0138,Jockey_026,6,牡,1400,ダート,良,1,56.7,479.2,7.0,135.0,1.0,11.5,0.0,,0.0,0.235,8
R20220409_0189,2022-04-09,Horse_0130,Horse_0130,Jockey_049,3,牡,1400,ダート,良,10,55.3,484.2,1.1,308.0,0.0,4.5,0.5,1.0,1.0,0.241,11
R20220411_0190,2022-04-11,Horse_0586,Horse_0586,Jockey_057,5,牝,2000,芝,良,12,53.6,457.7,-7.8,17.0,1.0,6.5,0.0,,0.0,0.346,2
R20220411_0190,2022-04-11,Horse_0784,Horse_0784,Jockey_025,6,牝,2000,芝,良,7,55.5,404.6,9.8,34.0,1.0,6.0,0.0,,0.0,0.4,6
R20220411_0190,2022-04-11,Horse_0354,Horse_0354,Jockey_061,2,牡,2000,芝,良,8,54.6,429.4,,,0.0,,,,,0.353,4
R20220411_0190,2022-04-11,Horse_0558,Horse_0558,Jockey_071,7,牡,2000,芝,良,3,55.4,468.7,9.6,380.0,0.0,6.0,0.0,,0.0,0.333,12
R20220411_0190,2022-04-11,Horse_0011,Horse_0011,Jockey_060,2,牝,2000,芝,良,5,53.8,474.1,,,0.0,,,,,0.074,8
R20220411_0190,2022-04-11,Horse_0344,Horse_0344,Jockey_021,3,牡,2000,芝,良,10,53.7,492.8,1.6,97.0,1.0,6.5,0.0,0.0,,0.2,10
R20220411_0190,2022-04-11,Horse_0264,Horse_0264,Jockey_031,2,牡,2000,芝,良,6,54.6,457.0,,,0.0,,,,,0.233,3
R20220411_0190,2022-04-11,Horse_0179,Horse_0179,Jockey_039,4,牝,2000,芝,良,2,55.4,450.2,-3.7,62.0,1.0,8.0,0.0,,,0.346,5
R20220411_0190,2022-04-11,Horse_0430,Horse_0430,Jockey_015,7,牝,2000,芝,良,9,54.2,461.4,-1.2,11.0,3.0,4.667,0.4,0.667,0.667,0.083,7
R20220411_0190,2022-04-11,Horse_0053,Horse_0053,Jockey_022,3,牡,2000,芝,良,1,53.2,515.7,-0.1,256.0,0.0,8.0,0.0,,0.0,0.205,11
R20220411_0190,2022-04-11,Horse_0170,Horse_0170,Jockey_058,2,牡,2000,芝,良,11,53.9,513.4,-0.5,53.0,1.0,2.0,1.0,,,0.162,9
R20220411_0190,2022-04-11,Horse_0210,Horse_0210,Jockey_037,4,牡,2000,芝,良,4,55.0,452.3,7.6,22.0,1.0,4.0,0.333,,0.0,0.182,1
R20220415_0191,2022-04-15,Horse_0315,Horse_0315,Jockey_055,3,牡,1400,芝,良,8,54.8,447.1,-12.6,38.0,3.0,6.0,0.2,0.0,0.2,0.229,4
R20220415_0191,2022-04-15,Horse_0569,Horse_0569,Jockey_075,5,牡,1400,芝,良,6,54.4,499.9,8.1,310.0,0.0,3.0,1.0,,,0.324,9
R20220415_0191,2022-04-15,Horse_0638,Horse_0638,Jockey_009,5,せん,1400,芝,良,1,53.4,452.2,1.4,259.0,0.0,9.667,0.0,0.0,0.0,0.36,8
R20220415_0191,2022-04-15,Horse_0047,Horse_0047,Jockey_056,2,牡,1400,芝,良,7,55.6,469.2,,,0.0,,,,,0.333,3
R20220415_0191,2022-04-15,Horse_0353,Horse_0353,Jockey_041,2,牝,1400,芝,良,2,53.5,440.3,11.7,23.0,1.0,13.0,0.0,,,0.3,5
R20220415_0191,2022-04-15,Horse_0520,Horse_0520,Jockey_049,4,牡,1400,芝,良,5,56.5,495.7,1.5,134.0,1.0,3.5,0.5,,1.0,0.233,1
R20220415_0191,2022-04-15,Horse_0114,Horse_0114,Jockey_027,3,牡,1400,芝,良,4,56.8,460.6,0.2,81.0,2.0,2.333,1.0,1.0,1.0,0.136,2
R20220415_0191,2022-04-15,Horse_0807,Horse_0807,Jockey_072,2,牡,1400,芝,良,9,55.4,452.7,,,0.0,,,,,0.31,6
R20220415_0191,2022-04-15,Horse_0363,Horse_0363,Jockey_021,4,牝,1400,芝,良,3,56.1,478.3,-0.0,38.0,2.0,9.0,0.0,,0.0,0.194,7
R20220417_0192,2022-04-17,Horse_0834,Horse_0834,Jockey_078,2,牝,1400,芝,良,8,53.7,409.7,,,0.0,,,,,0.222,4
R20220417_0192,2022-04-17,Horse_0276,Horse_0276,Jockey_072,6,牝,1400,芝,良,3,54.8,527.6,17.6,13.0,2.0,3.333,0.8,,0.667,0.3,5
R20220417_0192,2022-04-17,Horse_0335,Horse_0335,Jockey_051,7,牝,1400,芝,良,7,54.4,409.5,-7.4,45.0,1.0,5.667,0.0,0.0,0.0,0.15,1
R20220417_0192,2022-04-17,Horse_0501,Horse_0501,Jockey_038,3,牝,1400,芝,良,4,53.9,445.3,3.3,322.0,0.0,8.667,0.0,,0.0,0.241,7
R20220417_0192,2022-04-17,Horse_0129,Horse_0129,Jockey_037,5,牡,1400,芝,良,5,56.6,549.3,4.3,155.0,1.0,7.0,0.0,,0.0,0.206,10
R20220417_0192,2022-04-17,Horse_0237,Horse_0237,Jockey_080,6,牝,1400,芝,良,6,55.5,420.5,2.1,160.0,1.0,1.5,1.0,,1.0,0.216,3
R20220417_0192,2022-04-17,Horse_0213,Horse_0213,Jockey_024,8,牝,1400,芝,良,2,55.0,462.8,20.3,60.0,1.0,3.0,0.75,,0.5,0.138,2
R20220417_0192,2022-04-17,Horse_0127,Horse_0127,Jockey_064,5,牝,1400,芝,良,1,55.6,441.3,-2.3,353.0,0.0,8.0,0.0,,0.0,0.107,9
R20220417_0192,2022-04-17,Horse_0846,Horse_0846,Jockey_039,3,牝,1400,芝,良,9,54.6,454.1,-0.9,329.0,0.0,4.0,0.333,0.0,0.5,0.333,6
R20220417_0192,2022-04-17,Horse_0686,Horse_0686,Jockey_029,8,牡,1400,芝,良,10,55.1,438.2,5.8,91.0,2.0,11.0,0.4,,1.0,0.296,8
R20220421_0193,2022-04-21,Horse_0684,Horse_0684,Jockey_006,5,牝,2000,芝,良,3,53.2,433.2,18.6,254.0,0.0,13.5,0.0,0.0,0.0,0.357,12
R20220421_0193,2022-04-21,Horse_0382,Horse_0382,Jockey_064,8,牡,2000,芝,良,7,56.4,460.7,-1.3,61.0,1.0,9.333,0.25,1.0,0.333,0.103,10
R20220421_0193,2022-04-21,Horse_0816,Horse_0816,Jockey_058,8,牡,2000,芝,良,10,53.5,469.3,3.2,259.0,0.0,1.0,1.0,1.0,,0.158,2
R20220421_0193,2022-04-21,Horse_0181,Horse_0181,Jockey_053,6,牝,2000,芝,良,11,55.7,468.9,7.6,144.0,1.0,11.333,0.0,,0.0,0.133,9
R20220421_0193,2022-04-21,Horse_0485,Horse_0485,Jockey_072,3,牝,2000,芝,良,12,53.8,432.8,-8.7,76.0,3.0,2.333,0.5,1.0,0.667,0.29,1
R20220421_0193,2022-04-21,Horse_0170,Horse_0170,Jockey_001,2,牡,2000,芝,良,4,56.7,509.3,-4.1,10.0,2.0,5.5,0.5,0.0,0.0,0.286,6
R20220421_0193,2022-04-21,Horse_0281,Horse_0281,Jockey_063,3,せん,2000,芝,良,8,52.3,471.7,2.2,29.0,1.0,8.667,0.0,,0.0,0.097,7
R20220421_0193,2022-04-21,Horse_0069,Horse_0069,Jockey_030,2,牡,2000,芝,良,1,55.0,439.2,-4.9,104.0,1.0,1.0,1.0,1.0,1.0,0.077,5
R20220421_0193,2022-04-21,Horse_0306,Horse_0306,Jockey_032,8,牝,2000,芝,良,6,54.7,483.2,11.0,51.0,1.0,10.5,0.0,,0.0,0.167,8
R20220421_0193,2022-04-21,Horse_0879,Horse_0879,Jockey_068,8,牡,2000,芝,良,5,57.3,476.5,2.4,159.0,1.0,6.0,0.4,0.0,1.0,0.333,11
R20220421_0193,2022-04-21,Horse_0663,Horse_0663,Jockey_012,3,牝,2000,芝,良,9,53.0,483.0,7.6,104.0,2.0,4.333,0.4,0.5,0.25,0.222,3
R20220421_0193,2022-04-21,Horse_0439,Horse_0439,Jockey_039,5,牝,2000,芝,良,2,55.5,428.2,6.5,72.0,2.0,8.667,0.0,0.0,0.0,0.321,4
R20220422_0194,2022-04-22,Horse_0677,Horse_0677,Jockey_076,8,せん,1600,ダート,重,8,55.7,501.0,8.5,47.0,2.0,14.333,0.0,0.0,0.0,0.258,12
R20220422_0194,2022-04-22,Horse_0756,Horse_0756,Jockey_035,5,牝,1600,ダート,重,10,55.2,469.3,-1.4,83.0,1.0,3.333,0.5,0.0,0.5,0.292,2
R20220422_0194,2022-04-22,Horse_0219,Horse_0219,Jockey_013,4,牡,1600,ダート,重,3,54.7,460.6,14.2,26.0,2.0,7.333,0.0,,0.0,0.114,11
R20220422_0194,2022-04-22,Horse_0053,Horse_0053,Jockey_065,3,牡,1600,ダート,重,1,52.1,523.1,7.4,11.0,1.0,9.0,0.0,,,0.412,4
R20220422_0194,2022-04-22,Horse_0409,Horse_0409,Jockey_057,5,牡,1600,ダート,重,2,55.1,486.7,-10.1,317.0,0.0,8.0,0.0,,0.0,0.37,13
R20220422_0194,2022-04-22,Horse_0493,Horse_0493,Jockey_052,3,牡,1600,ダート,重,9,53.7,511.1,1.8,152.0,1.0,13.0,0.0,0.0,,0.323,10
R20220422_0194,2022-04-22,Horse_0112,Horse_0112,Jockey_078,2,牡,1600,ダート,重,13,54.0,437.0,,,0.0,,,,,0.214,3
R20220422_0194,2022-04-22,Horse_0428,Horse_0428,Jockey_004,4,牡,1600,ダート,重,11,55.9,444.9,-1.0,295.0,0.0,4.0,0.667,0.0,0.667,0.138,9
R20220422_0194,2022-04-22,Horse_0607,Horse_0607,Jockey_063,2,牝,1600,ダート,重,4,54.1,436.2,,,0.0,,,,,0.094,5
R20220422_0194,2022-04-22,Horse_0765,Horse_0765,Jockey_058,2,牡,1600,ダート,重,7,56.2,401.9,,,0.0,,,,,0.179,1
R20220422_0194,2022-04-22,Horse_0575,Horse_0575,Jockey_056,5,牡,1600,ダート,重,12,58.1,474.8,0.3,152.0,2.0,4.0,0.2,0.0,0.0,0.36,7
R20220422_0194,2022-04-22,Horse_0531,Horse_0531,Jockey_017,5,牡,1600,ダート,重,6,54.9,497.6,-3.5,134.0,1.0,7.333,0.0,,0.0,0.4,8
R20220422_0194,2022-04-22,Horse_0706,Horse_0706,Jockey_028,2,牝,1600,ダート,重,5,56.6,471.3,,,0.0,,,,,0.286,6
R20220423_0195,2022-04-23,Horse_0176,Horse_0176,Jockey_041,3,牡,1200,芝,良,8,52.2,508.2,17.7,19.0,2.0,2.0,0.6,1.0,0.333,0.29,10
R20220423_0195,2022-04-23,Horse_0380,Horse_0380,Jockey_013,6,牡,1200,芝,良,7,53.8,479.7,-10.8,59.0,1.0,5.333,0.0,,0.0,0.111,4
R20220423_0195,2022-04-23,Horse_0718,Horse_0718,Jockey_056,6,牝,1200,芝,良,10,55.1,455.6,-8.5,34.0,1.0,5.667,0.25,,0.0,0.346,9
R20220423_0195,2022-04-23,Horse_0770,Horse_0770,Jockey_070,5,牝,1200,芝,良,5,55.2,490.1,-7.7,29.0,1.0,4.333,0.667,1.0,1.0,0.206,1
R20220423_0195,2022-04-23,Horse_0423,Horse_0423,Jockey_003,5,牝,1200,芝,良,1,54.0,416.6,-1.4,103.0,1.0,2.0,1.0,,1.0,0.233,2
R20220423_0195,2022-04-23,Horse_0516,Horse_0516,Jockey_015,5,牡,1200,芝,良,4,54.7,470.8,-14.7,65.0,1.0,6.333,0.25,1.0,0.0,0.08,5
R20220423_0195,2022-04-23,Horse_0708,Horse_0708,Jockey_032,6,牡,1200,芝,良,9,53.3,471.1,-1.6,55.0,1.0,3.667,0.5,,0.5,0.158,3
R20220423_0195,2022-04-23,Horse_0854,Horse_0854,Jockey_036,4,牝,1200,芝,良,6,53.6,445.6,-16.2,192.0,0.0,8.667,0.2,0.0,0.25,0.4,6
R20220423_0195,2022-04-23,Horse_0106,Horse_0106,Jockey_071,8,牡,1200,芝,良,3,54.7,404.9,8.7,161.0,1.0,6.667,0.333,,1.0,0.32,8
R20220423_0195,2022-04-23,Horse_0332,Horse_0332,Jockey_050,3,牝,1200,芝,良,2,55.3,428.8,3.7,270.0,0.0,5.5,0.5,,0.5,0.304,7
R20220424_0196,2022-04-24,Horse_0561,Horse_0561,Jockey_035,7,牝,2000,ダート,稍重,7,54.0,466.4,-2.6,49.0,2.0,7.667,0.0,,0.0,0.32,7
R20220424_0196,2022-04-24,Horse_0241,Horse_0241,Jockey_045,7,牝,2000,ダート,稍重,12,53.7,484.0,-13.4,24.0,2.0,6.333,0.333,1.0,0.0,0.379,4
R20220424_0196,2022-04-24,Horse_0841,Horse_0841,Jockey_003,5,牝,2000,ダート,稍重,1,55.1,436.0,11.0,66.0,1.0,5.333,0.667,1.0,0.5,0.258,6
R20220424_0196,2022-04-24,Horse_0210,Horse_0210,Jockey_051,4,牡,2000,ダート,稍重,2,54.7,438.3,-14.0,13.0,2.0,3.667,0.5,1.0,0.5,0.19,1
R20220424_0196,2022-04-24,Horse_0608,Horse_0608,Jockey_011,8,牝,2000,ダート,稍重,6,55.0,411.4,-10.3,136.0,1.0,4.667,0.4,0.0,0.333,0.115,12
R20220424_0196,2022-04-24,Horse_0258,Horse_0258,Jockey_079,4,牡,2000,ダート,稍重,5,53.7,436.1,8.7,127.0,1.0,11.667,0.0,,0.0,0.152,11
R20220424_0196,2022-04-24,Horse_0160,Horse_0160,Jockey_023,2,牝,2000,ダート,稍重,3,52.4,450.3,,,0.0,,,,,0.04,8
R20220424_0196,2022-04-24,Horse_0723,Horse_0723,Jockey_026,8,牝,2000,ダート,稍重,4,53.8,485.9,-0.5,136.0,1.0,10.0,0.0,,,0.229,10
R20220424_0196,2022-04-24,Horse_0254,Horse_0254,Jockey_012,7,牝,2000,ダート,稍重,9,54.6,444.7,14.7,193.0,0.0,5.667,0.333,,1.0,0.25,5
R20220424_0196,2022-04-24,Horse_0867,Horse_0867,Jockey_036,6,牡,2000,ダート,稍重,10,53.7,430.1,7.6,123.0,1.0,6.333,0.333,,0.333,0.387,9
R20220424_0196,2022-04-24,Horse_0326,Horse_0326,Jockey_049,5,牝,2000,ダート,稍重,11,54.3,500.7,-0.2,98.0,1.0,7.333,0.25,,0.0,0.258,2
R20220424_0196,2022-04-24,Horse_0205,Horse_0205,Jockey_063,2,牡,2000,ダート,稍重,8,52.6,412.5,,,0.0,,,,,0.091,3
R20220428_0197,2022-04-28,Horse_0136,Horse_0136,Jockey_039,6,牡,2000,芝,良,6,56.1,476.5,1.6,167.0,1.0,6.667,0.333,1.0,0.333,0.31,11
R20220428_0197,2022-04-28,Horse_0636,Horse_0636,Jockey_042,8,牝,2000,芝,良,3,54.4,519.2,0.2,104.0,2.0,7.333,0.0,,0.0,0.294,10
R20220428_0197,2022-04-28,Horse_0739,Horse_0739,Jockey_067,8,牡,2000,芝,良,7,54.0,438.2,-1.9,386.0,0.0,9.5,0.0,,0.0,0.279,12
R20220428_0197,2022-04-28,Horse_0600,Horse_0600,Jockey_064,3,牝,2000,芝,良,11,55.1,506.0,-7.9,167.0,1.0,7.333,0.333,1.0,0.333,0.1,2
R20220428_0197,2022-04-28,Horse_0215,Horse_0215,Jockey_038,5,牡,2000,芝,良,8,55.9,476.9,7.9,137.0,1.0,5.667,0.25,,0.5,0.233,9
R20220428_0197,2022-04-28,Horse_0154,Horse_0154,Jockey_073,6,牝,2000,芝,良,10,55.9,457.2,16.5,83.0,1.0,6.0,0.333,0.0,0.333,0.24,6
R20220428_0197,2022-04-28,Horse_0680,Horse_0680,Jockey_078,2,牡,2000,芝,良,5,55.3,477.0,,,0.0,,,,,0.241,5
R20220428_0197,2022-04-28,Horse_0602,Horse_0602,Jockey_006,8,せん,2000,芝,良,12,58.2,505.5,3.9,94.0,1.0,6.0,0.0,,,0.345,8
R20220428_0197,2022-04-28,Horse_0087,Horse_0087,Jockey_034,8,牝,2000,芝,良,4,54.3,412.5,-2.0,102.0,3.0,4.0,0.8,1.0,1.0,0.167,1
R20220428_0197,2022-04-28,Horse_0340,Horse_0340,Jockey_074,6,牡,2000,芝,良,9,53.4,495.7,-2.7,65.0,1.0,5.667,0.333,,0.0,0.333,4
R20220428_0197,2022-04-28,Horse_0766,Horse_0766,Jockey_048,6,牝,2000,芝,良,1,56.1,450.9,-2.0,130.0,1.0,7.333,0.0,,0.0,0.167,3
R20220428_0197,2022-04-28,Horse_0109,Horse_0109,Jockey_007,3,牡,2000,芝,良,2,55.4,501.4,5.8,151.0,1.0,3.0,1.0,,,0.172,7
R20220502_0198,2022-05-02,Horse_0540,Horse_0540,Jockey_074,3,牡,1600,芝,良,6,55.4,461.7,,,0.0,,,,,0.323,3
R20220502_0198,2022-05-02,Horse_0220,Horse_0220,Jockey_055,7,牝,1600,芝,良,3,54.4,514.9,-6.4,222.0,0.0,13.0,0.0,0.0,0.0,0.222,9
R20220502_0198,2022-05-02,Horse_0873,Horse_0873,Jockey_053,2,牝,1600,芝,良,2,55.0,487.7,-4.9,43.0,3.0,5.333,0.333,0.0,0.5,0.129,4
R20220502_0198,2022-05-02,Horse_0392,Horse_0392,Jockey_060,4,牡,1600,芝,良,1,55.7,427.2,7.5,24.0,1.0,1.0,1.0,,1.0,0.071,5
R20220502_0198,2022-05-02,Horse_0032,Horse_0032,Jockey_048,4,牝,1600,芝,良,7,54.2,506.7,-8.1,131.0,2.0,7.333,0.0,0.0,0.0,0.194,7
R20220502_0198,2022-05-02,Horse_0101,Horse_0101,Jockey_054,8,牝,1600,芝,良,9,55.3,487.9,5.1,57.0,1.0,3.667,0.5,0.5,0.333,0.222,8
R20220502_0198,2022-05-02,Horse_0525,Horse_0525,Jockey_059,5,牝,1600,芝,良,8,55.5,460.5,-4.2,75.0,1.0,5.667,0.25,1.0,,0.462,1
R20220502_0198,2022-05-02,Horse_0321,Horse_0321,Jockey_018,7,牝,1600,芝,良,5,56.8,480.3,2.1,320.0,0.0,4.0,0.333,0.0,0.0,0.4,6
R20220502_0198,2022-05-02,Horse_0538,Horse_0538,Jockey_079,2,牝,1600,芝,良,4,54.7,528.8,-6.2,62.0,2.0,1.5,1.0,,1.0,0.147,2
R20220503_0199,2022-05-03,Horse_0722,Horse_0722,Jockey_076,8,せん,1800,芝,稍重,9,56.1,422.8,-6.0,332.0,0.0,3.5,0.5,0.0,0.5,0.25,15
R20220503_0199,2022-05-03,Horse_0558,Horse_0558,Jockey_038,7,牡,1800,芝,稍重,5,56.3,461.4,-7.3,22.0,1.0,8.0,0.0,,0.0,0.226,2
R20220503_0199,2022-05-03,Horse_0064,Horse_0064,Jockey_001,5,せん,1800,芝,稍重,3,54.5,441.7,-5.0,61.0,1.0,3.0,1.0,,1.0,0.276,9
R20220503_0199,2022-05-03,Horse_0417,Horse_0417,Jockey_004,5,牡,1800,芝,稍重,6,55.7,480.5,15.9,151.0,1.0,5.333,0.333,,0.0,0.133,3
R20220503_0199,2022-05-03,Horse_0030,Horse_0030,Jockey_006,7,牡,1800,芝,稍重,4,57.0,469.4,-6.9,228.0,0.0,4.333,0.2,,0.333,0.333,8
R20220503_0199,2022-05-03,Horse_0355,Horse_0355,Jockey_027,3,牡,1800,芝,稍重,10,54.4,454.0,1.8,76.0,2.0,6.667,0.333,,0.0,0.174,5
R20220503_0199,2022-05-03,Horse_0085,Horse_0085,Jockey_023,6,牡,1800,芝,稍重,13,54.4,464.0,-7.1,259.0,0.0,12.5,0.0,,,0.038,14
R20220503_0199,2022-05-03,Horse_0635,Horse_0635,Jockey_061,3,牡,1800,芝,稍重,7,57.1,468.2,-5.4,75.0,3.0,1.333,0.8,,1.0,0.343,1
R20220503_0199,2022-05-03,Horse_0277,Horse_0277,Jockey_043,6,牡,1800,芝,稍重,8,54.1,426.9,0.8,234.0,0.0,5.0,0.25,1.0,0.5,0.13,7
R20220503_0199,2022-05-03,Horse_0401,Horse_0401,Jockey_002,3,牝,1800,芝,稍重,2,53.5,466.5,-10.0,37.0,1.0,6.0,0.333,,0.5,0.414,10
R20220503_0199,2022-05-03,Horse_0182,Horse_0182,Jockey_057,7,牝,1800,芝,稍重,14,55.4,476.9,4.6,81.0,2.0,8.0,0.0,0.0,0.0,0.357,13
R20220503_0199,2022-05-03,Horse_0239,Horse_0239,Jockey_037,5,牡,1800,芝,稍重,1,53.8,473.1,-13.7,58.0,4.0,11.667,0.0,,0.0,0.2,12
R20220503_0199,2022-05-03,Horse_0385,Horse_0385,Jockey_070,7,せん,1800,芝,稍重,11,54.9,488.7,9.4,298.0,0.0,5.667,0.25,,0.5,0.229,11
R20220503_0199,2022-05-03,Horse_0482,Horse_0482,Jockey_075,3,牡,1800,芝,稍重,12,58.1,450.1,-11.4,70.0,2.0,1.333,1.0,,,0.314,6
R20220503_0199,2022-05-03,Horse_0498,Horse_0498,Jockey_050,3,牝,1800,芝,稍重,15,53.8,452.8,2.5,84.0,2.0,1.667,0.8,1.0,0.0,0.292,4
R20220505_0200,2022-05-05,Horse_0120,Horse_0120,Jockey_043,4,牝,1200,芝,稍重,10,55.2,443.8,5.5,174.0,1.0,8.333,0.0,,0.0,0.125,10
R20220505_0200,2022-05-05,Horse_0318,Horse_0318,Jockey_005,6,牝,1200,芝,稍重,6,55.2,503.4,3.6,44.0,3.0,7.667,0.0,,0.0,0.486,1
R20220505_0200,2022-05-05,Horse_0298,Horse_0298,Jockey_057,4,牡,1200,芝,稍重,3,54.8,523.6,4.7,43.0,1.0,7.0,0.0,,,0.345,8
R20220505_0200,2022-05-05,Horse_0575,Horse_0575,Jockey_013,5,牡,1200,芝,稍重,4,56.3,479.7,4.9,13.0,2.0,5.333,0.2,1.0,0.4,0.108,4
R20220505_0200,2022-05-05,Horse_0712,Horse_0712,Jockey_010,2,牝,1200,芝,稍重,8,53.2,447.8,1.9,46.0,1.0,9.0,0.0,,0.0,0.286,3
R20220505_0200,2022-05-05,Horse_0776,Horse_0776,Jockey_021,4,牡,1200,芝,稍重,7,54.1,483.8,-4.8,39.0,3.0,3.333,0.4,,0.5,0.188,2
R20220505_0200,2022-05-05,Horse_0013,Horse_0013,Jockey_063,3,牡,1200,芝,稍重,2,52.4,440.7,,,0.0,,,,,0.118,9
R20220505_0200,2022-05-05,Horse_0700,Horse_0700,Jockey_056,2,牡,1200,芝,稍重,9,52.8,506.4,2.0,43.0,2.0,6.5,0.0,,0.0,0.333,6
R20220505_0200,2022-05-05,Horse_0821,Horse_0821,Jockey_012,2,牡,1200,芝,稍重,1,56.6,417.8,-4.5,46.0,1.0,11.0,0.0,,0.0,0.241,5
R20220505_0200,2022-05-05,Horse_0347,Horse_0347,Jockey_009,5,せん,1200,芝,稍重,5,55.8,466.3,10.9,44.0,3.0,4.333,0.6,1.0,0.2,0.346,7
R20220508_0201,2022-05-08,Horse_0001,Horse_0001,Jockey_074,8,牡,1600,芝,稍重,10,54.8,456.4,15.3,114.0,1.0,3.0,0.8,,0.75,0.344,4
R20220508_0201,2022-05-08,Horse_0348,Horse_0348,Jockey_049,4,牝,1600,芝,稍重,5,55.3,457.9,-1.5,99.0,1.0,3.333,0.4,1.0,0.0,0.281,9
R20220508_0201,2022-05-08,Horse_0339,Horse_0339,Jockey_003,8,牡,1600,芝,稍重,9,55.7,461.6,-1.3,42.0,2.0,6.333,0.0,0.0,0.0,0.25,2
R20220508_0201,2022-05-08,Horse_0164,Horse_0164,Jockey_021,4,牡,1600,芝,稍重,11,56.5,461.2,-9.5,438.0,0.0,2.0,1.0,,,0.212,11
R20220508_0201,2022-05-08,Horse_0351,Horse_0351,Jockey_032,6,牝,1600,芝,稍重,7,53.5,533.8,5.4,150.0,1.0,6.333,0.333,0.0,0.5,0.2,1
R20220508_0201,2022-05-08,Horse_0050,Horse_0050,Jockey_006,7,牝,1600,芝,稍重,8,51.3,468.3,8.8,168.0,1.0,12.667,0.0,0.0,0.0,0.323,8
R20220508_0201,2022-05-08,Horse_0545,Horse_0545,Jockey_037,6,牡,1600,芝,稍重,6,56.6,486.7,4.6,181.0,0.0,7.667,0.0,,0.0,0.194,6
R20220508_0201,2022-05-08,Horse_0282,Horse_0282,Jockey_045,6,牡,1600,芝,稍重,2,55.6,448.1,3.7,125.0,2.0,3.333,0.2,1.0,0.0,0.367,7
R20220508_0201,2022-05-08,Horse_0646,Horse_0646,Jockey_016,8,せん,1600,芝,稍重,3,52.8,394.5,-6.7,265.0,0.0,5.333,0.333,0.333,0.0,0.28,3
R20220508_0201,2022-05-08,Horse_0868,Horse_0868,Jockey_060,6,牝,1600,芝,稍重,4,53.6,463.1,2.6,391.0,0.0,6.667,0.0,,0.0,0.069,10
R20220508_0201,2022-05-08,Horse_0422,Horse_0422,Jockey_048,6,牝,1600,芝,稍重,1,54.7,481.1,-1.9,30.0,2.0,4.667,0.2,0.0,0.2,0.188,5
R20220510_0202,2022-05-10,Horse_0414,Horse_0414,Jockey_020,7,牡,1600,芝,稍重,3,54.2,419.5,4.0,131.0,1.0,6.0,0.5,0.0,0.667,0.192,3
R20220510_0202,2022-05-10,Horse_0334,Horse_0334,Jockey_075,2,牡,1600,芝,稍重,4,55.6,536.5,,,0.0,,,,,0.306,2
R20220510_0202,2022-05-10,Horse_0855,Horse_0855,Jockey_010,7,牡,1600,芝,稍重,7,56.3,490.1,-13.6,156.0,1.0,10.0,0.0,,0.0,0.306,8
R20220510_0202,2022-05-10,Horse_0237,Horse_0237,Jockey_047,6,牝,1600,芝,稍重,1,54.5,422.2,1.7,23.0,1.0,2.0,1.0,,1.0,0.167,1
R20220510_0202,2022-05-10,Horse_0767,Horse_0767,Jockey_007,3,牡,1600,芝,稍重,2,56.8,458.7,5.6,135.0,1.0,8.667,0.0,0.0,0.0,0.167,5
R20220510_0202,2022-05-10,Horse_0281,Horse_0281,Jockey_052,3,せん,1600,芝,稍重,5,56.6,464.9,-6.8,19.0,2.0,9.0,0.0,0.0,0.0,0.312,4
R20220510_0202,2022-05-10,Horse_0649,Horse_0649,Jockey_025,5,牝,1600,芝,稍重,6,57.8,494.4,14.1,156.0,1.0,7.0,0.25,,0.333,0.389,6
R20220510_0202,2022-05-10,Horse_0572,Horse_0572,Jockey_053,8,牡,1600,芝,稍重,8,56.2,463.7,-10.2,257.0,0.0,5.0,0.0,0.0,0.0,0.125,7
R20220513_0203,2022-05-13,Horse_0392,Horse_0392,Jockey_075,4,牡,1400,芝,重,3,57.0,417.2,-10.0,11.0,2.0,3.0,0.5,,0.5,0.324,9
R20220513_0203,2022-05-13,Horse_0615,Horse_0615,Jockey_053,3,牝,1400,芝,重,11,53.5,528.5,13.4,287.0,0.0,11.0,0.0,,0.0,0.121,15
R20220513_0203,2022-05-13,Horse_0301,Horse_0301,Jockey_071,7,牡,1400,芝,重,6,55.4,480.7,-6.5,60.0,5.0,9.667,0.0,0.0,0.0,0.308,8
R20220513_0203,2022-05-13,Horse_0709,Horse_0709,Jockey_048,8,牡,1400,芝,重,1,57.0,515.8,,,0.0,,,,,0.182,3
R20220513_0203,2022-05-13,Horse_0746,Horse_0746,Jockey_050,5,牝,1400,芝,重,13,56.5,459.9,11.4,400.0,0.0,3.0,1.0,,1.0,0.28,11
R20220513_0203,2022-05-13,Horse_0773,Horse_0773,Jockey_064,4,牡,1400,芝,重,16,52.9,466.5,-0.1,162.0,1.0,7.333,0.2,,0.0,0.129,12
R20220513_0203,2022-05-13,Horse_0084,Horse_0084,Jockey_068,5,牝,1400,芝,重,15,53.1,473.4,-19.4,297.0,0.0,9.333,0.0,0.0,0.0,0.325,13
R20220513_0203,2022-05-13,Horse_0143,Horse_0143,Jockey_020,2,牡,1400,芝,重,2,52.8,454.6,,,0.0,,,,,0.222,2
R20220513_0203,2022-05-13,Horse_0119,Horse_0119,Jockey_078,5,牝,1400,芝,重,5,53.6,406.1,3.0,113.0,3.0,4.0,0.6,1.0,1.0,0.233,6
R20220513_0203,2022-05-13,Horse_0304,Horse_0304,Jockey_029,2,牝,1400,芝,重,12,55.6,455.0,-11.0,119.0,1.0,2.0,1.0,1.0,1.0,0.286,7
R20220513_0203,2022-05-13,Horse_0496,Horse_0496,Jockey_015,6,牡,1400,芝,重,7,56.3,435.1,-18.3,75.0,3.0,4.333,0.667,0.0,1.0,0.077,16
R20220513_0203,2022-05-13,Horse_0549,Horse_0549,Jockey_023,2,せん,1400,芝,重,8,55.9,485.2,,,0.0,,,,,0.037,14
R20220513_0203,2022-05-13,Horse_0831,Horse_0831,Jockey_003,2,牝,1400,芝,重,9,55.2,486.5,,,0.0,,,,,0.273,1
R20220513_0203,2022-05-13,Horse_0600,Horse_0600,Jockey_054,3,牝,1400,芝,重,4,55.8,509.2,3.2,15.0,1.0,5.0,0.5,,0.5,0.214,4
R20220513_0203,2022-05-13,Horse_0513,Horse_0513,Jockey_069,6,牝,1400,芝,重,10,55.0,467.1,2.6,57.0,2.0,5.667,0.4,1.0,0.4,0.438,5
R20220513_0203,2022-05-13,Horse_0286,Horse_0286,Jockey_013,6,牡,1400,芝,重,14,54.5,450.2,11.6,90.0,1.0,7.0,0.0,,0.0,0.105,10
R20220516_0204,2022-05-16,Horse_0449,Horse_0449,Jockey_002,5,牝,1400,芝,重,2,52.0,478.4,1.5,103.0,2.0,7.0,0.0,,0.0,0.4,2
R20220516_0204,2022-05-16,Horse_0690,Horse_0690,Jockey_079,8,牡,1400,芝,重,7,54.9,469.5,-9.5,281.0,0.0,6.5,0.5,,0.5,0.171,9
R20220516_0204,2022-05-16,Horse_0363,Horse_0363,Jockey_078,4,牝,1400,芝,重,3,56.9,483.8,5.5,31.0,2.0,7.667,0.0,0.0,0.0,0.226,10
R20220516_0204,2022-05-16,Horse_0410,Horse_0410,Jockey_053,4,牝,1400,芝,重,8,55.6,463.3,3.5,57.0,1.0,5.0,0.0,0.0,0.0,0.118,8
R20220516_0204,2022-05-16,Horse_0094,Horse_0094,Jockey_042,2,牡,1400,芝,重,11,56.8,474.4,8.2,67.0,3.0,5.0,0.0,0.0,0.0,0.286,1
R20220516_0204,2022-05-16,Horse_0321,Horse_0321,Jockey_020,7,牝,1400,芝,重,5,53.2,483.8,3.5,14.0,1.0,4.333,0.25,,0.0,0.25,5
R20220516_0204,2022-05-16,Horse_0095,Horse_0095,Jockey_044,8,せん,1400,芝,重,1,55.4,504.8,13.1,272.0,0.0,8.0,0.0,,0.0,0.3,11
R20220516_0204,2022-05-16,Horse_0059,Horse_0059,Jockey_050,2,牡,1400,芝,重,9,53.1,541.9,10.2,71.0,1.0,2.0,1.0,,1.0,0.269,6
R20220516_0204,2022-05-16,Horse_0723,Horse_0723,Jockey_057,8,牝,1400,芝,重,12,56.0,484.1,-1.8,22.0,2.0,10.0,0.0,,0.0,0.333,4
R20220516_0204,2022-05-16,Horse_0142,Horse_0142,Jockey_051,3,牡,1400,芝,重,6,55.7,427.0,5.4,238.0,0.0,4.5,0.5,,0.5,0.227,12
R20220516_0204,2022-05-16,Horse_0846,Horse_0846,Jockey_010,3,牝,1400,芝,重,4,58.8,465.0,10.9,29.0,1.0,5.667,0.25,0.0,0.333,0.297,3
R20220516_0204,2022-05-16,Horse_0889,Horse_0889,Jockey_032,7,牡,1400,芝,重,10,55.4,508.0,-1.3,148.0,1.0,6.667,0.0,0.0,0.0,0.238,7
R20220519_0205,2022-05-19,Horse_0335,Horse_0335,Jockey_006,7,牝,1400,芝,良,10,54.4,411.6,2.1,32.0,2.0,3.333,0.2,0.333,0.5,0.312,1
R20220519_0205,2022-05-19,Horse_0711,Horse_0711,Jockey_005,5,牝,1400,芝,良,5,56.6,469.4,7.6,165.0,1.0,8.667,0.0,,0.0,0.5,2
R20220519_0205,2022-05-19,Horse_0465,Horse_0465,Jockey_043,3,牡,1400,芝,良,8,55.4,479.1,-1.7,172.0,1.0,6.667,0.0,,0.0,0.12,8
R20220519_0205,2022-05-19,Horse_0720,Horse_0720,Jockey_017,8,牝,1400,芝,良,4,56.1,411.2,-12.1,49.0,2.0,8.333,0.2,0.0,0.25,0.385,3
R20220519_0205,2022-05-19,Horse_0374,Horse_0374,Jockey_061,5,せん,1400,芝,良,7,54.2,500.2,20.2,388.0,0.0,1.0,1.0,,1.0,0.361,9
R20220519_0205,2022-05-19,Horse_0737,Horse_0737,Jockey_050,8,牝,1400,芝,良,6,55.3,439.9,11.9,91.0,2.0,10.667,0.0,0.0,,0.259,5
R20220519_0205,2022-05-19,Horse_0453,Horse_0453,Jockey_036,5,牡,1400,芝,良,2,54.5,436.0,-10.5,89.0,1.0,10.333,0.0,0.0,0.0,0.375,7
R20220519_0205,2022-05-19,Horse_0450,Horse_0450,Jockey_041,3,牝,1400,芝,良,3,54.3,504.9,-8.8,89.0,1.0,6.5,0.5,,0.5,0.281,6
R20220519_0205,2022-05-19,Horse_0041,Horse_0041,Jockey_067,5,牡,1400,芝,良,9,54.8,507.3,4.4,106.0,1.0,7.0,0.0,0.0,0.0,0.273,4
R20220519_0205,2022-05-19,Horse_0292,Horse_0292,Jockey_045,8,牡,1400,芝,良,1,54.4,471.0,-6.2,126.0,1.0,9.333,0.0,,0.0,0.355,10
R20220522_0206,2022-05-22,Horse_0455,Horse_0455,Jockey_045,4,せん,1200,芝,稍重,6,54.1,490.2,19.4,82.0,3.0,4.667,0.2,0.5,0.333,0.344,4
R20220522_0206,2022-05-22,Horse_0186,Horse_0186,Jockey_002,6,せん,1200,芝,稍重,1,53.3,437.7,9.9,100.0,1.0,6.0,0.0,,0.0,0.419,2
R20220522_0206,2022-05-22,Horse_0137,Horse_0137,Jockey_065,6,牡,1200,芝,稍重,3,54.8,436.3,-1.1,84.0,3.0,11.333,0.0,0.0,0.0,0.389,8
R20220522_0206,2022-05-22,Horse_0804,Horse_0804,Jockey_037,2,牝,1200,芝,稍重,2,52.6,481.3,-5.3,73.0,1.0,1.0,1.0,,,0.189,7
R20220522_0206,2022-05-22,Horse_0722,Horse_0722,Jockey_008,8,せん,1200,芝,稍重,10,55.3,428.6,5.8,19.0,1.0,7.333,0.333,,0.333,0.1,1
R20220522_0206,2022-05-22,Horse_0159,Horse_0159,Jockey_033,5,牝,1200,芝,稍重,4,53.4,515.2,-2.3,85.0,2.0,6.667,0.25,,0.5,0.316,5
R20220522_0206,2022-05-22,Horse_0691,Horse_0691,Jockey_043,2,牝,1200,芝,稍重,5,56.0,456.1,,,0.0,,,,,0.115,6
R20220522_0206,2022-05-22,Horse_0821,Horse_0821,Jockey_014,2,牡,1200,芝,稍重,7,57.4,412.9,-4.9,17.0,2.0,8.0,0.0,0.0,0.0,0.139,3
R20220522_0206,2022-05-22,Horse_0089,Horse_0089,Jockey_035,6,牡,1200,芝,稍重,8,56.5,468.8,-12.8,448.0,0.0,8.0,0.0,,0.0,0.308,10
R20220522_0206,2022-05-22,Horse_0226,Horse_0226,Jockey_068,5,牝,1200,芝,稍重,9,51.1,475.7,3.1,400.0,0.0,5.0,0.5,,1.0,0.317,9
R20220526_0207,2022-05-26,Horse_0065,Horse_0065,Jockey_013,6,牡,1400,芝,良,6,56.5,467.2,,,0.0,,,,,0.103,3
R20220526_0207,2022-05-26,Horse_0658,Horse_0658,Jockey_069,8,せん,1400,芝,良,9,56.2,493.9,-8.3,358.0,0.0,10.0,0.0,,0.0,0.424,7
R20220526_0207,2022-05-26,Horse_0719,Horse_0719,Jockey_037,3,牝,1400,芝,良,1,54.9,467.1,-14.6,335.0,0.0,9.0,0.0,,0.0,0.184,9
R20220526_0207,2022-05-26,Horse_0114,Horse_0114,Jockey_031,3,牡,1400,芝,良,8,57.3,455.4,-5.2,41.0,3.0,2.667,1.0,1.0,1.0,0.258,1
R20220526_0207,2022-05-26,Horse_0264,Horse_0264,Jockey_058,2,牡,1400,芝,良,2,55.5,458.2,1.2,45.0,1.0,3.0,1.0,,1.0,0.2,4
R20220526_0207,2022-05-26,Horse_0334,Horse_0334,Jockey_078,2,牡,1400,芝,良,3,58.1,531.4,-5.1,16.0,1.0,2.0,1.0,,1.0,0.219,6
R20220526_0207,2022-05-26,Horse_0372,Horse_0372,Jockey_034,3,牝,1400,芝,良,5,55.8,430.3,3.1,64.0,2.0,9.667,0.0,,0.0,0.2,5
R20220526_0207,2022-05-26,Horse_0656,Horse_0656,Jockey_071,7,牡,1400,芝,良,7,56.4,474.0,-18.0,413.0,0.0,10.0,0.0,0.0,0.0,0.296,8
R20220526_0207,2022-05-26,Horse_0258,Horse_0258,Jockey_042,4,牡,1400,芝,良,4,54.2,440.8,4.7,32.0,2.0,11.333,0.0,,0.0,0.306,2
R20220530_0208,2022-05-30,Horse_0215,Horse_0215,Jockey_046,5,牡,1200,芝,重,2,54.3,462.6,-14.3,32.0,2.0,6.0,0.2,,0.333,0.138,1
R20220530_0208,2022-05-30,Horse_0428,Horse_0428,Jockey_004,4,牡,1200,芝,重,5,54.5,456.4,11.5,38.0,1.0,3.667,0.5,1.0,,0.161,13
R20220530_0208,2022-05-30,Horse_0895,Horse_0895,Jockey_059,7,牝,1200,芝,重,10,56.7,492.1,0.3,66.0,1.0,8.667,0.4,,0.0,0.481,5
R20220530_0208,2022-05-30,Horse_0139,Horse_0139,Jockey_039,2,牡,1200,芝,重,12,53.2,405.5,,,0.0,,,,,0.3,11
R20220530_0208,2022-05-30,Horse_0022,Horse_0022,Jockey_003,5,牝,1200,芝,重,13,55.7,455.3,14.6,155.0,1.0,9.0,0.0,0.0,0.0,0.294,7
R20220530_0208,2022-05-30,Horse_0733,Horse_0733,Jockey_065,8,牝,1200,芝,重,6,54.8,484.8,15.4,77.0,2.0,12.667,0.0,,0.0,0.368,6
R20220530_0208,2022-05-30,Horse_0667,Horse_0667,Jockey_047,5,牡,1200,芝,重,7,55.1,471.9,-0.2,125.0,1.0,4.0,0.25,1.0,0.333,0.2,2
R20220530_0208,2022-05-30,Horse_0211,Horse_0211,Jockey_049,4,牡,1200,芝,重,11,54.3,503.1,-6.6,159.0,1.0,6.667,0.2,0.0,0.25,0.273,10
R20220530_0208,2022-05-30,Horse_0379,Horse_0379,Jockey_012,3,牝,1200,芝,重,15,53.5,511.5,0.5,212.0,0.0,6.0,0.0,,0.0,0.233,9
R20220530_0208,2022-05-30,Horse_0047,Horse_0047,Jockey_045,2,牡,1200,芝,重,8,54.8,474.7,5.5,45.0,1.0,3.0,1.0,,1.0,0.333,4
R20220530_0208,2022-05-30,Horse_0555,Horse_0555,Jockey_033,5,牡,1200,芝,重,1,53.8,446.9,-6.0,108.0,1.0,8.333,0.0,,0.0,0.3,8
R20220530_0208,2022-05-30,Horse_0382,Horse_0382,Jockey_044,8,牡,1200,芝,重,3,57.1,473.8,13.1,39.0,2.0,10.0,0.2,0.0,0.25,0.29,12
R20220530_0208,2022-05-30,Horse_0833,Horse_0833,Jockey_071,8,牝,1200,芝,重,4,55.7,490.0,-0.2,395.0,0.0,10.0,0.0,0.0,0.0,0.286,15
R20220530_0208,2022-05-30,Horse_0625,Horse_0625,Jockey_057,3,牡,1200,芝,重,14,56.3,490.7,0.8,155.0,1.0,3.0,0.6,,0.5,0.323,3
R20220530_0208,2022-05-30,Horse_0360,Horse_0360,Jockey_077,6,牝,1200,芝,重,9,54.4,438.0,-15.6,155.0,1.0,8.333,0.4,1.0,0.5,0.0,14
R20220531_0209,2022-05-31,Horse_0663,Horse_0663,Jockey_077,3,牝,1400,芝,良,4,52.5,474.4,-8.6,40.0,3.0,4.667,0.6,,0.4,0.0,2
R20220531_0209,2022-05-31,Horse_0196,Horse_0196,Jockey_032,6,牝,1400,芝,良,8,55.9,499.1,-10.1,57.0,2.0,7.667,0.25,,0.0,0.227,3
R20220531_0209,2022-05-31,Horse_0590,Horse_0590,Jockey_053,3,牡,1400,芝,良,1,53.8,506.9,2.6,91.0,1.0,5.5,0.0,,0.0,0.114,4
R20220531_0209,2022-05-31,Horse_0562,Horse_0562,Jockey_002,6,牝,1400,芝,良,2,53.3,530.0,4.2,127.0,1.0,6.5,0.5,0.0,,0.438,5
R20220531_0209,2022-05-31,Horse_0660,Horse_0660,Jockey_069,3,牝,1400,芝,良,3,54.8,482.0,-9.8,227.0,0.0,4.0,0.4,,0.5,0.412,7
R20220531_0209,2022-05-31,Horse_0570,Horse_0570,Jockey_071,5,牝,1400,芝,良,6,55.2,448.8,-4.1,135.0,1.0,11.0,0.25,,0.0,0.276,8
R20220531_0209,2022-05-31,Horse_0613,Horse_0613,Jockey_033,5,牡,1400,芝,良,7,55.6,444.0,9.5,191.0,0.0,3.0,0.6,0.5,0.5,0.286,1
R20220531_0209,2022-05-31,Horse_0811,Horse_0811,Jockey_024,3,牝,1400,芝,良,5,55.2,457.3,0.2,220.0,0.0,8.0,0.0,,0.0,0.167,6
R20220602_0210,2022-06-02,Horse_0860,Horse_0860,Jockey_034,6,牡,2000,芝,重,14,55.2,529.3,-4.3,84.0,2.0,5.0,0.5,,0.333,0.192,1
R20220602_0210,2022-06-02,Horse_0604,Horse_0604,Jockey_067,8,牡,2000,芝,重,1,55.9,490.9,4.1,277.0,0.0,6.667,0.25,,0.333,0.267,6
R20220602_0210,2022-06-02,Horse_0435,Horse_0435,Jockey_028,4,牝,2000,芝,重,15,52.0,476.5,-3.7,162.0,1.0,9.0,0.0,,0.0,0.273,13
R20220602_0210,2022-06-02,Horse_0611,Horse_0611,Jockey_024,4,牡,2000,芝,重,13,54.7,432.0,2.7,118.0,1.0,6.333,0.0,0.0,0.0,0.161,10
R20220602_0210,2022-06-02,Horse_0120,Horse_0120,Jockey_062,4,牝,2000,芝,重,12,55.4,438.9,-4.9,28.0,1.0,6.667,0.0,0.0,0.0,0.156,14
R20220602_0210,2022-06-02,Horse_0547,Horse_0547,Jockey_046,6,牡,2000,芝,重,2,55.5,455.7,11.0,258.0,0.0,5.667,0.333,,0.5,0.167,15
R20220602_0210,2022-06-02,Horse_0729,Horse_0729,Jockey_058,7,せん,2000,芝,重,5,56.4,490.2,-1.8,59.0,2.0,11.0,0.2,,0.0,0.195,3
R20220602_0210,2022-06-02,Horse_0467,Horse_0467,Jockey_075,8,牡,2000,芝,重,8,53.3,496.4,5.6,276.0,0.0,9.0,0.0,0.0,0.0,0.316,5
R20220602_0210,2022-06-02,Horse_0302,Horse_0302,Jockey_059,2,牡,2000,芝,重,11,54.8,500.1,,,0.0,,,,,0.464,2
R20220602_0210,2022-06-02,Horse_0173,Horse_0173,Jockey_070,6,牝,2000,芝,重,10,56.8,455.2,4.1,96.0,1.0,12.0,0.0,,0.0,0.222,11
R20220602_0210,2022-06-02,Horse_0460,Horse_0460,Jockey_079,2,牝,2000,芝,重,4,55.2,501.6,15.0,59.0,1.0,7.0,0.0,,0.0,0.167,7
R20220602_0210,2022-06-02,Horse_0353,Horse_0353,Jockey_003,2,牝,2000,芝,重,9,54.3,430.9,-9.4,48.0,2.0,9.0,0.0,,0.0,0.286,9
R20220602_0210,2022-06-02,Horse_0239,Horse_0239,Jockey_008,5,牡,2000,芝,重,7,51.5,470.0,-3.1,30.0,3.0,11.667,0.0,0.0,0.0,0.143,12
R20220602_0210,2022-06-02,Horse_0501,Horse_0501,Jockey_054,3,牝,2000,芝,重,6,54.2,453.5,8.2,46.0,1.0,7.0,0.0,,0.0,0.207,4
R20220602_0210,2022-06-02,Horse_0474,Horse_0474,Jockey_060,7,牝,2000,芝,重,3,57.7,470.3,-7.4,265.0,0.0,4.333,0.25,,0.333,0.067,8
R20220605_0211,2022-06-05,Horse_0156,Horse_0156,Jockey_068,5,せん,1200,ダート,重,12,55.8,506.5,4.1,83.0,2.0,12.667,0.0,,0.0,0.31,8
R20220605_0211,2022-06-05,Horse_0690,Horse_0690,Jockey_043,8,牡,1200,ダート,重,4,57.4,469.4,-0.1,20.0,1.0,7.333,0.333,,,0.111,10
R20220605_0211,2022-06-05,Horse_0368,Horse_0368,Jockey_025,6,牝,1200,ダート,重,7,55.2,428.2,-1.5,154.0,1.0,10.333,0.0,,,0.378,12
R20220605_0211,2022-06-05,Horse_0853,Horse_0853,Jockey_009,8,牡,1200,ダート,重,6,53.6,464.2,1.4,66.0,2.0,7.333,0.2,,0.0,0.333,4
R20220605_0211,2022-06-05,Horse_0272,Horse_0272,Jockey_075,2,牡,1200,ダート,重,1,55.1,457.8,-14.8,121.0,2.0,3.0,0.5,,1.0,0.308,1
R20220605_0211,2022-06-05,Horse_0313,Horse_0313,Jockey_067,5,牡,1200,ダート,重,2,55.6,490.0,3.7,89.0,3.0,3.667,0.8,1.0,0.429,0.261,9
R20220605_0211,2022-06-05,Horse_0337,Horse_0337,Jockey_078,6,牝,1200,ダート,重,11,54.5,487.8,6.9,72.0,2.0,10.667,0.0,0.0,0.0,0.212,5
R20220605_0211,2022-06-05,Horse_0233,Horse_0233,Jockey_080,5,牝,1200,ダート,重,5,55.9,419.3,5.3,112.0,1.0,3.0,0.5,1.0,,0.237,7
R20220605_0211,2022-06-05,Horse_0858,Horse_0858,Jockey_061,6,牝,1200,ダート,重,8,55.2,482.3,-10.2,74.0,1.0,2.667,0.6,0.0,0.5,0.351,2
R20220605_0211,2022-06-05,Horse_0339,Horse_0339,Jockey_008,8,牡,1200,ダート,重,9,56.4,462.6,1.0,28.0,2.0,5.667,0.2,0.0,0.0,0.136,3
R20220605_0211,2022-06-05,Horse_0511,Horse_0511,Jockey_039,6,牡,1200,ダート,重,3,56.0,485.6,1.0,378.0,0.0,8.0,0.0,,,0.29,11
R20220605_0211,2022-06-05,Horse_0224,Horse_0224,Jockey_027,2,牝,1200,ダート,重,10,53.8,442.8,-1.6,83.0,1.0,4.0,0.0,,,0.167,6
R20220609_0212,2022-06-09,Horse_0762,Horse_0762,Jockey_038,6,せん,1400,芝,良,1,51.4,476.4,1.1,91.0,1.0,6.667,0.5,,0.5,0.25,1
R20220609_0212,2022-06-09,Horse_0548,Horse_0548,Jockey_001,6,牡,1400,芝,良,4,54.5,465.4,-8.2,147.0,1.0,7.333,0.0,0.0,0.0,0.267,5
R20220609_0212,2022-06-09,Horse_0024,Horse_0024,Jockey_071,7,牡,1400,芝,良,8,55.6,457.0,-12.2,308.0,0.0,7.0,0.0,,0.0,0.267,7
R20220609_0212,2022-06-09,Horse_0119,Horse_0119,Jockey_053,5,牝,1400,芝,良,2,53.5,407.1,1.0,27.0,3.0,4.333,0.4,0.667,0.667,0.111,2
R20220609_0212,2022-06-09,Horse_0192,Horse_0192,Jockey_059,7,牝,1400,芝,良,6,53.2,494.4,-0.7,112.0,1.0,7.333,0.25,0.5,0.333,0.483,3
R20220609_0212,2022-06-09,Horse_0806,Horse_0806,Jockey_065,4,牝,1400,芝,良,3,56.6,470.7,3.2,468.0,0.0,11.5,0.0,0.0,0.0,0.35,8
R20220609_0212,2022-06-09,Horse_0066,Horse_0066,Jockey_028,7,牡,1400,芝,良,7,54.8,442.9,3.9,70.0,2.0,7.333,0.0,0.0,0.0,0.261,6
R20220609_0212,2022-06-09,Horse_0228,Horse_0228,Jockey_011,4,牡,1400,芝,良,5,56.0,549.3,15.9,76.0,1.0,8.0,0.0,,0.0,0.111,4
R20220610_0213,2022-06-10,Horse_0577,Horse_0577,Jockey_046,2,牡,1200,芝,稍重,7,55.1,502.4,13.6,62.0,2.0,6.0,0.5,,1.0,0.161,6
R20220610_0213,2022-06-10,Horse_0669,Horse_0669,Jockey_047,3,牡,1200,芝,稍重,11,54.3,482.3,-25.0,67.0,3.0,7.667,0.0,,0.0,0.231,8
R20220610_0213,2022-06-10,Horse_0507,Horse_0507,Jockey_036,3,牝,1200,芝,稍重,4,55.4,464.7,-0.6,187.0,0.0,4.0,0.0,,0.0,0.364,4
R20220610_0213,2022-06-10,Horse_0076,Horse_0076,Jockey_039,6,牡,1200,芝,稍重,6,54.8,397.6,13.7,183.0,0.0,11.667,0.0,,0.0,0.281,9
R20220610_0213,2022-06-10,Horse_0019,Horse_0019,Jockey_043,6,牝,1200,芝,稍重,9,54.4,454.7,,,0.0,,,,,0.107,2
R20220610_0213,2022-06-10,Horse_0330,Horse_0330,Jockey_013,5,牡,1200,芝,稍重,10,54.0,453.1,-15.0,503.0,0.0,8.0,0.0,,0.0,0.125,11
R20220610_0213,2022-06-10,Horse_0147,Horse_0147,Jockey_041,8,牡,1200,芝,稍重,2,54.1,463.1,5.9,136.0,1.0,4.667,0.333,0.0,0.0,0.273,3
R20220610_0213,2022-06-10,Horse_0491,Horse_0491,Jockey_064,5,せん,1200,芝,稍重,1,55.7,456.4,-4.6,239.0,0.0,5.0,0.5,0.0,0.5,0.125,7
R20220610_0213,2022-06-10,Horse_0484,Horse_0484,Jockey_058,7,牡,1200,芝,稍重,8,53.0,455.6,15.7,80.0,1.0,2.333,1.0,,,0.214,1
R20220610_0213,2022-06-10,Horse_0354,Horse_0354,Jockey_015,2,牡,1200,芝,稍重,3,56.0,436.7,7.3,60.0,1.0,4.0,0.0,,0.0,0.074,10
R20220610_0213,2022-06-10,Horse_0559,Horse_0559,Jockey_028,3,牝,1200,芝,稍重,5,53.6,500.9,-11.9,190.0,0.0,6.0,0.4,,0.5,0.25,5
R20220613_0214,2022-06-13,Horse_0450,Horse_0450,Jockey_053,3,牝,1400,ダート,良,10,54.0,504.7,-0.2,25.0,2.0,6.333,0.333,0.0,,0.135,5
R20220613_0214,2022-06-13,Horse_0211,Horse_0211,Jockey_048,4,牡,1400,ダート,良,5,54.7,520.1,17.0,14.0,2.0,6.667,0.2,0.0,0.0,0.206,12
R20220613_0214,2022-06-13,Horse_0318,Horse_0318,Jockey_011,6,牝,1400,ダート,良,8,54.9,499.9,-3.5,39.0,4.0,5.333,0.2,0.0,0.0,0.107,8
R20220613_0214,2022-06-13,Horse_0126,Horse_0126,Jockey_051,7,牝,1400,ダート,良,4,54.3,477.9,0.9,246.0,0.0,5.333,0.667,1.0,,0.217,11
R20220613_0214,2022-06-13,Horse_0062,Horse_0062,Jockey_047,3,せん,1400,ダート,良,7,54.5,485.1,6.6,212.0,0.0,5.667,0.333,1.0,0.5,0.222,2
R20220613_0214,2022-06-13,Horse_0158,Horse_0158,Jockey_049,7,牡,1400,ダート,良,1,54.2,476.3,9.7,150.0,2.0,4.333,0.5,0.0,0.0,0.265,7
R20220613_0214,2022-06-13,Horse_0529,Horse_0529,Jockey_040,2,牝,1400,ダート,良,12,56.4,509.6,,,0.0,,,,,0.379,4
R20220613_0214,2022-06-13,Horse_0198,Horse_0198,Jockey_044,4,牡,1400,ダート,良,2,55.1,448.5,-13.2,184.0,0.0,7.5,0.0,,0.0,0.281,10
R20220613_0214,2022-06-13,Horse_0689,Horse_0689,Jockey_073,3,牝,1400,ダート,良,6,54.6,424.5,0.1,121.0,2.0,5.667,0.0,0.0,0.0,0.231,6
R20220613_0214,2022-06-13,Horse_0586,Horse_0586,Jockey_004,5,牝,1400,ダート,良,9,52.9,465.7,8.0,63.0,2.0,5.0,0.333,,0.0,0.156,3
R20220613_0214,2022-06-13,Horse_0797,Horse_0797,Jockey_050,8,せん,1400,ダート,良,3,56.4,479.9,0.0,176.0,1.0,4.667,0.25,1.0,,0.25,1
R20220613_0214,2022-06-13,Horse_0096,Horse_0096,Jockey_075,6,牝,1400,ダート,良,11,53.9,483.7,0.6,66.0,3.0,4.667,0.4,0.5,0.333,0.325,9
R20220617_0215,2022-06-17,Horse_0582,Horse_0582,Jockey_067,6,せん,2000,芝,良,9,55.4,451.9,0.2,118.0,1.0,9.0,0.0,,0.0,0.255,4
R20220617_0215,2022-06-17,Horse_0342,Horse_0342,Jockey_068,3,牝,2000,芝,良,7,54.2,454.6,5.9,89.0,1.0,14.0,0.0,,0.0,0.302,3
R20220617_0215,2022-06-17,Horse_0289,Horse_0289,Jockey_039,7,牡,2000,芝,良,10,51.3,449.3,-1.0,321.0,0.0,11.0,0.0,0.0,0.0,0.273,9
R20220617_0215,2022-06-17,Horse_0814,Horse_0814,Jockey_070,6,牝,2000,芝,良,3,56.6,424.5,-11.9,183.0,0.0,10.667,0.0,,0.0,0.216,11
R20220617_0215,2022-06-17,Horse_0644,Horse_0644,Jockey_026,7,牡,2000,芝,良,1,53.4,522.3,-8.3,164.0,1.0,5.0,0.0,0.0,0.0,0.222,2
R20220617_0215,2022-06-17,Horse_0634,Horse_0634,Jockey_008,2,牝,2000,芝,良,11,55.4,482.2,,,0.0,,,,,0.174,5
R20220617_0215,2022-06-17,Horse_0611,Horse_0611,Jockey_004,4,牡,2000,芝,良,5,55.4,428.8,-3.2,15.0,2.0,8.333,0.0,0.0,0.0,0.182,6
R20220617_0215,2022-06-17,Horse_0307,Horse_0307,Jockey_032,2,牝,2000,芝,良,12,55.3,475.2,,,0.0,,,,,0.261,8
R20220617_0215,2022-06-17,Horse_0893,Horse_0893,Jockey_073,6,牡,2000,芝,良,13,53.0,478.4,7.7,241.0,0.0,12.667,0.0,0.0,0.0,0.222,10
R20220617_0215,2022-06-17,Horse_0100,Horse_0100,Jockey_037,4,牝,2000,芝,良,2,55.4,467.9,-2.8,436.0,0.0,13.0,0.0,,0.0,0.179,13
R20220617_0215,2022-06-17,Horse_0207,Horse_0207,Jockey_007,3,せん,2000,芝,良,8,55.2,412.4,2.8,291.0,0.0,9.333,0.0,0.0,0.0,0.161,12
R20220617_0215,2022-06-17,Horse_0034,Horse_0034,Jockey_059,8,牡,2000,芝,良,4,56.8,505.5,-10.0,247.0,0.0,1.0,1.0,,1.0,0.5,7
R20220617_0215,2022-06-17,Horse_0834,Horse_0834,Jockey_017,2,牝,2000,芝,良,6,52.2,414.9,5.2,61.0,1.0,4.0,0.0,,0.0,0.407,1
R20220620_0216,2022-06-20,Horse_0121,Horse_0121,Jockey_073,2,牝,1400,芝,稍重,11,55.6,422.1,-5.5,85.0,3.0,5.333,0.0,0.0,0.0,0.214,4
R20220620_0216,2022-06-20,Horse_0031,Horse_0031,Jockey_031,7,牝,1400,芝,稍重,7,57.1,522.4,9.6,73.0,2.0,5.333,0.2,,0.333,0.281,6
R20220620_0216,2022-06-20,Horse_0746,Horse_0746,Jockey_056,5,牝,1400,芝,稍重,4,55.3,443.4,-16.5,38.0,1.0,7.0,0.5,0.0,0.5,0.321,3
R20220620_0216,2022-06-20,Horse_0596,Horse_0596,Jockey_010,8,牝,1400,芝,稍重,2,55.4,483.5,4.3,303.0,0.0,7.5,0.0,,0.0,0.316,10
R20220620_0216,2022-06-20,Horse_0592,Horse_0592,Jockey_004,3,牡,1400,芝,稍重,1,55.6,526.8,6.8,73.0,1.0,6.667,0.333,,0.0,0.176,8
R20220620_0216,2022-06-20,Horse_0052,Horse_0052,Jockey_022,5,牝,1400,芝,稍重,3,53.5,496.5,-5.5,348.0,0.0,3.0,1.0,,1.0,0.2,7
R20220620_0216,2022-06-20,Horse_0249,Horse_0249,Jockey_061,8,牡,1400,芝,稍重,10,55.8,462.7,18.4,310.0,0.0,11.333,0.0,,0.0,0.368,11
R20220620_0216,2022-06-20,Horse_0284,Horse_0284,Jockey_051,4,牡,1400,芝,稍重,9,54.7,448.4,8.4,114.0,2.0,4.667,0.4,,0.333,0.208,5
R20220620_0216,2022-06-20,Horse_0319,Horse_0319,Jockey_007,6,牝,1400,芝,稍重,6,55.0,464.7,4.6,92.0,5.0,4.333,0.4,1.0,0.5,0.156,2
R20220620_0216,2022-06-20,Horse_0080,Horse_0080,Jockey_039,5,牡,1400,芝,稍重,8,55.1,471.4,-2.4,109.0,1.0,9.5,0.0,0.0,0.0,0.265,9
R20220620_0216,2022-06-20,Horse_0717,Horse_0717,Jockey_033,8,牡,1400,芝,稍重,5,53.7,536.2,-3.0,278.0,0.0,6.0,0.0,,0.0,0.318,1
R20220622_0217,2022-06-22,Horse_0316,Horse_0316,Jockey_038,8,牡,1400,ダート,良,10,53.2,492.8,-1.7,126.0,2.0,2.0,1.0,,1.0,0.273,4
R20220622_0217,2022-06-22,Horse_0374,Horse_0374,Jockey_020,5,せん,1400,ダート,良,6,56.4,487.6,-12.6,34.0,1.0,5.0,0.5,0.0,,0.241,2
R20220622_0217,2022-06-22,Horse_0534,Horse_0534,Jockey_011,2,牡,1400,ダート,良,15,56.8,511.4,,,0.0,,,,,0.103,7
R20220622_0217,2022-06-22,Horse_0617,Horse_0617,Jockey_062,7,牡,1400,ダート,良,8,56.7,527.0,-6.8,91.0,1.0,4.667,0.5,,0.5,0.152,3
R20220622_0217,2022-06-22,Horse_0340,Horse_0340,Jockey_063,6,牡,1400,ダート,良,1,56.5,504.8,9.1,55.0,2.0,5.667,0.25,,0.5,0.114,1
R20220622_0217,2022-06-22,Horse_0235,Horse_0235,Jockey_075,5,せん,1400,ダート,良,13,56.6,516.3,6.9,205.0,0.0,13.333,0.0,,,0.317,8
R20220622_0217,2022-06-22,Horse_0110,Horse_0110,Jockey_053,4,牡,1400,ダート,良,11,55.3,490.2,0.3,366.0,0.0,5.0,0.5,,,0.132,9
R20220622_0217,2022-06-22,Horse_0066,Horse_0066,Jockey_061,7,牡,1400,ダート,良,12,52.6,440.5,-2.4,13.0,2.0,7.0,0.0,0.0,0.0,0.359,10
R20220622_0217,2022-06-22,Horse_0099,Horse_0099,Jockey_036,4,牡,1400,ダート,良,2,53.6,492.3,16.6,273.0,0.0,2.667,0.4,0.0,0.333,0.353,5
R20220622_0217,2022-06-22,Horse_0336,Horse_0336,Jockey_022,6,せん,1400,ダート,良,9,54.7,454.2,-24.5,213.0,0.0,6.667,0.0,0.0,0.0,0.195,6
R20220622_0217,2022-06-22,Horse_0788,Horse_0788,Jockey_014,8,牝,1400,ダート,良,14,55.2,506.4,4.8,309.0,0.0,10.0,0.0,,0.0,0.162,11
R20220622_0217,2022-06-22,Horse_0551,Horse_0551,Jockey_068,3,牡,1400,ダート,良,7,54.8,479.4,-11.8,74.0,1.0,13.5,0.0,0.0,0.0,0.318,12
R20220622_0217,2022-06-22,Horse_0703,Horse_0703,Jockey_032,4,牡,1400,ダート,良,5,54.0,455.8,-7.7,386.0,0.0,12.5,0.0,,0.0,0.25,13
R20220622_0217,2022-06-22,Horse_0257,Horse_0257,Jockey_019,3,せん,1400,ダート,良,4,56.1,447.2,-13.5,242.0,0.0,7.667,0.0,0.0,0.0,0.188,15
R20220622_0217,2022-06-22,Horse_0684,Horse_0684,Jockey_080,5,牝,1400,ダート,良,3,53.3,420.4,-12.8,62.0,1.0,13.0,0.0,,,0.231,14
R20220626_0218,2022-06-26,Horse_0659,Horse_0659,Jockey_050,2,牡,1200,芝,良,11,53.8,469.5,-3.6,161.0,1.0,12.0,0.0,0.0,,0.276,9
R20220626_0218,2022-06-26,Horse_0605,Horse_0605,Jockey_040,8,牡,1200,芝,良,6,55.2,486.7,-8.3,104.0,1.0,9.667,0.0,0.0,0.0,0.367,2
R20220626_0218,2022-06-26,Horse_0261,Horse_0261,Jockey_036,4,牝,1200,芝,良,12,56.5,468.4,0.9,297.0,0.0,5.0,0.5,0.5,0.5,0.343,8
R20220626_0218,2022-06-26,Horse_0306,Horse_0306,Jockey_075,8,牝,1200,芝,良,15,54.7,478.5,-4.7,66.0,2.0,9.667,0.0,,0.0,0.31,11
R20220626_0218,2022-06-26,Horse_0573,Horse_0573,Jockey_001,6,牡,1200,芝,良,9,55.5,482.2,18.2,182.0,0.0,4.667,0.667,,0.5,0.258,6
R20220626_0218,2022-06-26,Horse_0028,Horse_0028,Jockey_047,6,牡,1200,芝,良,10,53.2,432.4,-14.5,79.0,1.0,11.667,0.0,,0.0,0.25,16
R20220626_0218,2022-06-26,Horse_0569,Horse_0569,Jockey_073,5,牡,1200,芝,良,16,52.2,498.1,-1.8,72.0,1.0,6.0,0.5,,0.0,0.207,10
R20220626_0218,2022-06-26,Horse_0227,Horse_0227,Jockey_009,3,牝,1200,芝,良,13,56.6,479.9,12.1,186.0,0.0,8.0,0.5,0.0,1.0,0.321,13
R20220626_0218,2022-06-26,Horse_0447,Horse_0447,Jockey_060,3,牝,1200,芝,良,2,54.1,452.5,8.1,337.0,0.0,5.5,0.0,0.0,0.0,0.065,4
R20220626_0218,2022-06-26,Horse_0040,Horse_0040,Jockey_042,8,せん,1200,芝,良,8,53.4,444.2,-7.8,213.0,0.0,6.667,0.0,,0.0,0.324,15
R20220626_0218,2022-06-26,Horse_0721,Horse_0721,Jockey_054,2,牡,1200,芝,良,5,55.7,424.8,-2.0,119.0,2.0,6.0,0.5,,0.0,0.2,5
R20220626_0218,2022-06-26,Horse_0254,Horse_0254,Jockey_052,7,牝,1200,芝,良,4,57.0,429.4,-15.3,63.0,1.0,6.333,0.25,,0.0,0.303,7
R20220626_0218,2022-06-26,Horse_0693,Horse_0693,Jockey_058,7,せん,1200,芝,良,3,53.4,428.3,-6.8,134.0,1.0,1.667,1.0,1.0,1.0,0.233,1
R20220626_0218,2022-06-26,Horse_0291,Horse_0291,Jockey_028,5,牝,1200,芝,良,7,53.6,441.4,-7.5,104.0,1.0,9.0,0.25,,0.5,0.24,3
R20220626_0218,2022-06-26,Horse_0451,Horse_0451,Jockey_059,3,牡,1200,芝,良,1,55.6,414.8,4.5,377.0,0.0,10.0,0.0,,0.0,0.484,14
R20220626_0218,2022-06-26,Horse_0295,Horse_0295,Jockey_041,5,牝,1200,芝,良,14,53.6,454.5,7.2,93.0,2.0,8.333,0.25,,0.5,0.294,12
R20220630_0219,2022-06-30,Horse_0666,Horse_0666,Jockey_045,2,牡,1400,芝,重,10,55.4,482.1,2.6,127.0,1.0,5.0,0.0,,,0.324,11
R20220630_0219,2022-06-30,Horse_0636,Horse_0636,Jockey_066,8,牝,1400,芝,重,12,53.6,517.5,-1.7,63.0,2.0,8.667,0.0,0.0,0.0,0.31,13
R20220630_0219,2022-06-30,Horse_0124,Horse_0124,Jockey_080,7,牡,1400,芝,重,14,55.2,452.3,,,0.0,,,,,0.225,7
R20220630_0219,2022-06-30,Horse_0187,Horse_0187,Jockey_023,4,牡,1400,芝,重,1,56.2,424.9,-10.8,112.0,2.0,3.0,0.6,1.0,1.0,0.036,4
R20220630_0219,2022-06-30,Horse_0604,Horse_0604,Jockey_010,8,牡,1400,芝,重,5,53.2,477.9,-13.0,28.0,1.0,6.333,0.2,,0.25,0.308,8
R20220630_0219,2022-06-30,Horse_0504,Horse_0504,Jockey_063,8,牝,1400,芝,重,7,58.5,501.3,7.3,161.0,1.0,4.667,0.2,0.0,0.333,0.139,3
R20220630_0219,2022-06-30,Horse_0166,Horse_0166,Jockey_078,4,せん,1400,芝,重,2,55.3,486.1,6.7,379.0,0.0,13.667,0.0,0.0,0.0,0.206,14
R20220630_0219,2022-06-30,Horse_0410,Horse_0410,Jockey_028,4,牝,1400,芝,重,9,53.8,463.3,-0.0,45.0,2.0,5.667,0.0,0.0,0.0,0.269,1
R20220630_0219,2022-06-30,Horse_0615,Horse_0615,Jockey_059,3,牝,1400,芝,重,6,55.0,534.6,6.1,48.0,1.0,11.0,0.0,0.0,0.0,0.469,6
R20220630_0219,2022-06-30,Horse_0862,Horse_0862,Jockey_009,3,牝,1400,芝,重,8,56.7,450.5,1.5,95.0,4.0,6.667,0.4,0.0,0.333,0.31,2
R20220630_0219,2022-06-30,Horse_0799,Horse_0799,Jockey_002,2,牝,1400,芝,重,4,55.3,495.1,,,0.0,,,,,0.424,9
R20220630_0219,2022-06-30,Horse_0209,Horse_0209,Jockey_029,7,牝,1400,芝,重,3,53.5,479.1,-2.6,177.0,1.0,4.0,0.667,1.0,,0.276,5
R20220630_0219,2022-06-30,Horse_0899,Horse_0899,Jockey_013,4,牝,1400,芝,重,11,53.0,489.6,16.9,108.0,2.0,5.0,0.25,0.0,0.25,0.122,10
R20220630_0219,2022-06-30,Horse_0882,Horse_0882,Jockey_057,6,牝,1400,芝,重,13,54.8,445.3,-14.0,179.0,1.0,7.0,0.5,,0.0,0.344,12
R20220701_0220,2022-07-01,Horse_0496,Horse_0496,Jockey_042,6,牡,1400,芝,良,8,56.5,428.8,-6.3,49.0,3.0,8.667,0.5,0.0,0.5,0.316,8
R20220701_0220,2022-07-01,Horse_0197,Horse_0197,Jockey_066,4,牡,1400,芝,良,2,56.1,482.2,-7.1,195.0,0.0,5.333,0.333,,0.0,0.3,7
R20220701_0220,2022-07-01,Horse_0880,Horse_0880,Jockey_072,8,牝,1400,芝,良,5,54.2,485.8,-0.5,210.0,0.0,8.667,0.0,,0.0,0.312,9
R20220701_0220,2022-07-01,Horse_0084,Horse_0084,Jockey_039,5,牝,1400,芝,良,3,54.8,489.5,16.1,49.0,1.0,12.0,0.0,0.0,0.0,0.257,6
R20220701_0220,2022-07-01,Horse_0689,Horse_0689,Jockey_067,3,牝,1400,芝,良,4,56.7,427.4,2.9,18.0,3.0,4.667,0.0,0.0,0.0,0.25,5
R20220701_0220,2022-07-01,Horse_0343,Horse_0343,Jockey_035,6,牡,1400,芝,良,7,57.4,461.1,-13.7,149.0,2.0,2.667,0.5,0.0,0.5,0.296,3
R20220701_0220,2022-07-01,Horse_0079,Horse_0079,Jockey_009,5,牡,1400,芝,良,9,54.4,472.4,5.3,117.0,2.0,3.667,0.4,0.0,0.5,0.333,4
R20220701_0220,2022-07-01,Horse_0215,Horse_0215,Jockey_056,5,牡,1400,芝,良,1,54.6,474.3,11.7,32.0,2.0,5.333,0.4,0.0,0.5,0.345,2
R20220701_0220,2022-07-01,Horse_0886,Horse_0886,Jockey_024,2,牝,1400,芝,良,6,56.2,440.4,-3.8,83.0,2.0,3.5,0.5,0.0,1.0,0.156,1
R20220704_0221,2022-07-04,Horse_0363,Horse_0363,Jockey_065,4,牝,1400,芝,稍重,8,56.8,486.8,3.0,49.0,3.0,7.667,0.0,0.0,0.0,0.333,8
R20220704_0221,2022-07-04,Horse_0137,Horse_0137,Jockey_042,6,牡,1400,芝,稍重,1,56.6,441.4,5.1,43.0,2.0,8.667,0.0,0.0,0.0,0.308,6
R20220704_0221,2022-07-04,Horse_0831,Horse_0831,Jockey_031,2,牝,1400,芝,稍重,9,53.1,473.7,-12.8,52.0,1.0,1.0,1.0,1.0,1.0,0.273,1
R20220704_0221,2022-07-04,Horse_0213,Horse_0213,Jockey_064,8,牝,1400,芝,稍重,3,53.6,457.9,-4.9,78.0,2.0,3.0,0.8,1.0,0.667,0.121,2
R20220704_0221,2022-07-04,Horse_0183,Horse_0183,Jockey_032,2,牝,1400,芝,稍重,10,53.4,502.3,0.7,95.0,1.0,7.0,0.0,,0.0,0.24,5
R20220704_0221,2022-07-04,Horse_0789,Horse_0789,Jockey_012,5,牡,1400,芝,稍重,6,54.4,481.7,-5.3,317.0,0.0,5.5,0.0,,0.0,0.226,4
R20220704_0221,2022-07-04,Horse_0426,Horse_0426,Jockey_008,6,牡,1400,芝,稍重,2,54.9,441.3,-15.6,282.0,0.0,9.333,0.0,,0.0,0.167,9
R20220704_0221,2022-07-04,Horse_0661,Horse_0661,Jockey_039,4,牝,1400,芝,稍重,4,54.6,538.2,20.7,349.0,0.0,4.667,0.667,1.0,1.0,0.25,7
R20220704_0221,2022-07-04,Horse_0790,Horse_0790,Jockey_047,6,牝,1400,芝,稍重,7,54.5,471.0,-5.8,430.0,0.0,10.5,0.0,0.0,0.0,0.241,10
R20220704_0221,2022-07-04,Horse_0528,Horse_0528,Jockey_026,2,牡,1400,芝,稍重,5,55.1,437.0,,,0.0,,,,,0.243,3
R20220705_0222,2022-07-05,Horse_0592,Horse_0592,Jockey_033,3,牡,1200,芝,稍重,11,52.0,523.2,-3.6,15.0,2.0,7.333,0.25,1.0,0.0,0.348,6
R20220705_0222,2022-07-05,Horse_0258,Horse_0258,Jockey_071,4,牡,1200,芝,稍重,9,53.1,429.0,-11.8,40.0,2.0,8.667,0.2,,0.5,0.258,12
R20220705_0222,2022-07-05,Horse_0475,Horse_0475,Jockey_077,8,牡,1200,芝,稍重,6,54.5,454.2,-2.9,132.0,1.0,3.0,0.667,,1.0,0.034,7
R20220705_0222,2022-07-05,Horse_0601,Horse_0601,Jockey_058,7,牡,1200,芝,稍重,15,55.3,471.2,2.1,138.0,1.0,9.667,0.0,,0.0,0.25,9
R20220705_0222,2022-07-05,Horse_0805,Horse_0805,Jockey_062,6,せん,1200,芝,稍重,7,52.7,494.4,-5.0,184.0,0.0,1.667,0.75,1.0,0.5,0.176,5
R20220705_0222,2022-07-05,Horse_0224,Horse_0224,Jockey_066,2,牝,1200,芝,稍重,10,54.2,455.3,12.5,30.0,2.0,5.0,0.0,0.0,0.0,0.29,10
R20220705_0222,2022-07-05,Horse_0674,Horse_0674,Jockey_004,4,牝,1200,芝,稍重,12,54.2,447.2,2.6,139.0,1.0,7.333,0.0,0.0,0.0,0.171,3
R20220705_0222,2022-07-05,Horse_0493,Horse_0493,Jockey_061,3,牡,1200,芝,稍重,14,54.9,493.7,-17.4,74.0,1.0,12.0,0.0,,0.0,0.35,14
R20220705_0222,2022-07-05,Horse_0381,Horse_0381,Jockey_015,2,牡,1200,芝,稍重,1,53.6,434.1,-20.5,128.0,2.0,7.5,0.0,,0.0,0.071,15
R20220705_0222,2022-07-05,Horse_0095,Horse_0095,Jockey_009,8,せん,1200,芝,稍重,5,57.0,489.9,-14.9,50.0,1.0,7.667,0.0,0.0,0.0,0.323,13
R20220705_0222,2022-07-05,Horse_0777,Horse_0777,Jockey_040,7,牝,1200,芝,稍重,13,54.7,454.6,-8.1,113.0,2.0,9.0,0.0,,0.0,0.387,8
R20220705_0222,2022-07-05,Horse_0828,Horse_0828,Jockey_070,7,牡,1200,芝,稍重,2,54.3,501.6,2.2,88.0,1.0,6.0,0.0,,0.0,0.211,4
R20220705_0222,2022-07-05,Horse_0895,Horse_0895,Jockey_028,7,牝,1200,芝,稍重,4,55.6,506.5,14.4,36.0,2.0,7.333,0.4,0.0,0.0,0.296,11
R20220705_0222,2022-07-05,Horse_0015,Horse_0015,Jockey_076,7,牝,1200,芝,稍重,8,54.9,542.7,-11.1,205.0,0.0,1.667,1.0,,1.0,0.242,2
R20220705_0222,2022-07-05,Horse_0694,Horse_0694,Jockey_045,3,牝,1200,芝,稍重,3,56.8,491.7,-7.0,454.0,0.0,8.0,0.333,,0.333,0.314,16
R20220705_0222,2022-07-05,Horse_0491,Horse_0491,Jockey_054,5,せん,1200,芝,稍重,16,55.0,453.0,-3.4,25.0,1.0,5.667,0.333,0.0,0.333,0.194,1
R20220706_0223,2022-07-06,Horse_0066,Horse_0066,Jockey_018,7,牡,1800,ダート,重,10,55.1,432.3,-8.2,14.0,3.0,8.333,0.0,0.0,0.0,0.385,10
R20220706_0223,2022-07-06,Horse_0236,Horse_0236,Jockey_034,4,牝,1800,ダート,重,5,52.6,489.7,7.8,139.0,1.0,7.333,0.0,,0.0,0.222,9
R20220706_0223,2022-07-06,Horse_0439,Horse_0439,Jockey_057,5,牝,1800,ダート,重,11,54.4,427.0,-1.2,76.0,2.0,5.333,0.0,,0.0,0.333,3
R20220706_0223,2022-07-06,Horse_0143,Horse_0143,Jockey_054,2,牡,1800,ダート,重,2,54.8,454.6,-0.0,54.0,1.0,2.0,1.0,,,0.219,4
R20220706_0223,2022-07-06,Horse_0852,Horse_0852,Jockey_029,8,牡,1800,ダート,重,3,54.0,442.0,-0.7,137.0,1.0,8.667,0.0,,0.0,0.267,12
R20220706_0223,2022-07-06,Horse_0587,Horse_0587,Jockey_032,2,牡,1800,ダート,重,8,55.8,505.4,-11.2,184.0,0.0,7.0,0.0,,0.0,0.231,8
R20220706_0223,2022-07-06,Horse_0098,Horse_0098,Jockey_059,3,牝,1800,ダート,重,6,55.0,431.4,-5.0,89.0,1.0,11.0,0.0,,0.0,0.455,6
R20220706_0223,2022-07-06,Horse_0801,Horse_0801,Jockey_005,7,牝,1800,ダート,重,9,56.0,483.6,-16.3,326.0,0.0,7.667,0.25,0.0,0.0,0.514,11
R20220706_0223,2022-07-06,Horse_0228,Horse_0228,Jockey_051,4,牡,1800,ダート,重,7,56.3,547.7,-1.6,27.0,2.0,6.667,0.0,,0.0,0.2,1
R20220706_0223,2022-07-06,Horse_0201,Horse_0201,Jockey_010,4,牡,1800,ダート,重,12,53.7,467.8,-6.0,273.0,0.0,5.0,0.0,,0.0,0.3,13
R20220706_0223,2022-07-06,Horse_0786,Horse_0786,Jockey_074,6,牝,1800,ダート,重,1,56.0,449.2,3.6,294.0,0.0,5.0,0.5,,0.5,0.333,5
R20220706_0223,2022-07-06,Horse_0364,Horse_0364,Jockey_073,5,牡,1800,ダート,重,4,58.7,434.8,4.4,140.0,1.0,5.333,0.25,,0.0,0.2,2
R20220706_0223,2022-07-06,Horse_0477,Horse_0477,Jockey_001,6,牡,1800,ダート,重,13,56.9,497.6,13.3,88.0,2.0,5.0,0.0,0.0,0.0,0.25,7
R20220707_0224,2022-07-07,Horse_0010,Horse_0010,Jockey_038,4,牡,2000,芝,良,2,54.5,497.0,,,0.0,,,,,0.265,8
R20220707_0224,2022-07-07,Horse_0318,Horse_0318,Jockey_069,6,牝,2000,芝,良,8,52.0,493.6,-6.3,24.0,5.0,4.333,0.2,,0.25,0.4,9
R20220707_0224,2022-07-07,Horse_0720,Horse_0720,Jockey_075,8,牝,2000,芝,良,4,53.8,426.1,14.9,49.0,3.0,6.0,0.2,0.0,0.4,0.302,2
R20220707_0224,2022-07-07,Horse_0622,Horse_0622,Jockey_066,2,牡,2000,芝,良,3,57.2,470.9,-3.5,94.0,2.0,9.0,0.0,,0.0,0.281,4
R20220707_0224,2022-07-07,Horse_0719,Horse_0719,Jockey_030,3,牝,2000,芝,良,9,54.3,471.5,4.4,42.0,1.0,9.0,0.0,,0.0,0.074,3
R20220707_0224,2022-07-07,Horse_0516,Horse_0516,Jockey_007,5,牡,2000,芝,良,1,56.6,488.5,17.7,75.0,2.0,4.333,0.2,,0.0,0.182,1
R20220707_0224,2022-07-07,Horse_0148,Horse_0148,Jockey_034,3,牡,2000,芝,良,5,57.0,488.6,-4.1,144.0,1.0,7.333,0.2,,0.25,0.214,7
R20220707_0224,2022-07-07,Horse_0355,Horse_0355,Jockey_077,3,牡,2000,芝,良,7,54.3,456.2,2.2,65.0,2.0,5.0,0.25,0.0,0.0,0.033,6
R20220707_0224,2022-07-07,Horse_0821,Horse_0821,Jockey_047,2,牡,2000,芝,良,6,53.9,410.5,-2.4,46.0,3.0,6.333,0.333,,0.333,0.233,5
R20220711_0225,2022-07-11,Horse_0269,Horse_0269,Jockey_051,4,牝,1200,芝,良,1,54.0,463.0,-2.2,130.0,1.0,2.333,1.0,1.0,0.667,0.231,1
R20220711_0225,2022-07-11,Horse_0333,Horse_0333,Jockey_058,2,牝,1200,芝,良,3,54.7,513.7,1.1,94.0,1.0,7.5,0.0,,0.0,0.244,8
R20220711_0225,2022-07-11,Horse_0739,Horse_0739,Jockey_038,8,牡,1200,芝,良,7,55.4,416.6,-21.6,74.0,1.0,10.333,0.0,,0.0,0.257,6
R20220711_0225,2022-07-11,Horse_0235,Horse_0235,Jockey_079,5,せん,1200,芝,良,4,53.1,516.7,0.4,19.0,1.0,11.667,0.0,,0.0,0.162,4
R20220711_0225,2022-07-11,Horse_0362,Horse_0362,Jockey_031,8,せん,1200,芝,良,6,55.9,460.1,1.7,205.0,0.0,3.667,0.25,0.0,0.0,0.294,5
R20220711_0225,2022-07-11,Horse_0061,Horse_0061,Jockey_005,4,牡,1200,芝,良,5,54.1,479.2,7.3,163.0,1.0,8.333,0.0,0.0,0.0,0.5,3
R20220711_0225,2022-07-11,Horse_0498,Horse_0498,Jockey_054,3,牝,1200,芝,良,2,54.8,435.4,-17.4,69.0,2.0,2.0,0.6,,0.0,0.212,7
R20220711_0225,2022-07-11,Horse_0894,Horse_0894,Jockey_025,4,牝,1200,芝,良,8,54.6,486.2,2.2,127.0,1.0,5.667,0.4,0.5,0.25,0.368,2
R20220712_0226,2022-07-12,Horse_0110,Horse_0110,Jockey_057,4,牡,2000,ダート,稍重,8,56.9,469.8,-20.4,20.0,1.0,6.333,0.333,,0.0,0.353,4
R20220712_0226,2022-07-12,Horse_0233,Horse_0233,Jockey_038,5,牝,2000,ダート,稍重,1,56.0,425.8,6.5,37.0,2.0,5.0,0.4,,0.0,0.25,5
R20220712_0226,2022-07-12,Horse_0613,Horse_0613,Jockey_034,5,牡,2000,ダート,稍重,9,52.5,440.3,-3.7,42.0,1.0,2.667,0.6,0.0,0.5,0.207,2
R20220712_0226,2022-07-12,Horse_0193,Horse_0193,Jockey_066,2,牝,2000,ダート,稍重,5,54.4,485.2,-0.0,107.0,1.0,6.0,0.0,,,0.273,9
R20220712_0226,2022-07-12,Horse_0631,Horse_0631,Jockey_052,6,牝,2000,ダート,稍重,3,53.8,449.1,5.1,169.0,2.0,7.0,0.0,1.0,0.0,0.294,8
R20220712_0226,2022-07-12,Horse_0775,Horse_0775,Jockey_040,2,牡,2000,ダート,稍重,7,52.8,483.4,,,0.0,,,,,0.375,1
R20220712_0226,2022-07-12,Horse_0149,Horse_0149,Jockey_019,5,牡,2000,ダート,稍重,2,54.0,442.4,-1.8,126.0,2.0,9.333,0.2,0.0,0.333,0.182,6
R20220712_0226,2022-07-12,Horse_0277,Horse_0277,Jockey_049,6,牡,2000,ダート,稍重,4,54.4,434.2,7.3,70.0,1.0,6.667,0.2,,0.0,0.257,3
R20220712_0226,2022-07-12,Horse_0018,Horse_0018,Jockey_018,5,せん,2000,ダート,稍重,6,56.1,447.2,0.6,213.0,0.0,10.333,0.0,0.0,0.0,0.37,7
R20220715_0227,2022-07-15,Horse_0317,Horse_0317,Jockey_055,4,牡,1600,芝,良,1,54.0,426.9,7.0,437.0,0.0,5.667,0.0,0.0,,0.216,10
R20220715_0227,2022-07-15,Horse_0779,Horse_0779,Jockey_064,8,牡,1600,芝,良,3,55.2,491.0,18.8,154.0,1.0,2.333,1.0,,1.0,0.147,5
R20220715_0227,2022-07-15,Horse_0690,Horse_0690,Jockey_050,8,牡,1600,芝,良,7,56.5,469.1,-0.3,40.0,2.0,10.0,0.25,0.0,0.333,0.267,2
R20220715_0227,2022-07-15,Horse_0876,Horse_0876,Jockey_053,7,牡,1600,芝,良,8,55.8,484.8,-6.5,112.0,1.0,6.5,0.0,0.0,0.0,0.128,9
R20220715_0227,2022-07-15,Horse_0367,Horse_0367,Jockey_017,6,牡,1600,芝,良,2,57.6,466.4,-8.1,356.0,0.0,1.667,0.75,,0.75,0.429,6
R20220715_0227,2022-07-15,Horse_0658,Horse_0658,Jockey_002,8,せん,1600,芝,良,4,55.6,493.6,-0.3,50.0,1.0,9.0,0.0,0.0,0.0,0.412,7
R20220715_0227,2022-07-15,Horse_0166,Horse_0166,Jockey_011,4,せん,1600,芝,良,9,55.6,484.7,-1.4,15.0,1.0,13.667,0.0,,0.0,0.1,8
R20220715_0227,2022-07-15,Horse_0032,Horse_0032,Jockey_069,4,牝,1600,芝,良,5,54.8,517.3,10.6,74.0,1.0,7.0,0.0,0.0,0.0,0.389,4
R20220715_0227,2022-07-15,Horse_0115,Horse_0115,Jockey_042,2,牡,1600,芝,良,6,54.0,479.0,,,0.0,,,,,0.3,1
R20220715_0227,2022-07-15,Horse_0191,Horse_0191,Jockey_032,6,せん,1600,芝,良,10,54.7,482.6,6.8,106.0,2.0,2.0,0.6,0.5,0.5,0.222,3
R20220719_0228,2022-07-19,Horse_0705,Horse_0705,Jockey_061,2,せん,1800,芝,重,5,53.6,424.2,,,0.0,,,,,0.341,6
R20220719_0228,2022-07-19,Horse_0113,Horse_0113,Jockey_048,8,せん,1800,芝,重,4,54.6,437.4,-9.1,233.0,0.0,7.5,0.5,,1.0,0.2,8
R20220719_0228,2022-07-19,Horse_0789,Horse_0789,Jockey_009,5,牡,1800,芝,重,7,53.4,491.8,10.1,15.0,1.0,5.0,0.0,,0.0,0.312,2
R20220719_0228,2022-07-19,Horse_0219,Horse_0219,Jockey_014,4,牡,1800,芝,重,3,53.8,451.1,-9.5,88.0,3.0,8.333,0.0,0.0,0.0,0.158,9
R20220719_0228,2022-07-19,Horse_0647,Horse_0647,Jockey_064,3,牡,1800,芝,重,1,55.0,449.5,13.1,124.0,1.0,2.667,0.75,,0.5,0.143,4
R20220719_0228,2022-07-19,Horse_0590,Horse_0590,Jockey_068,3,牡,1800,芝,重,9,55.6,510.3,3.4,49.0,2.0,5.0,0.0,,0.0,0.311,5
R20220719_0228,2022-07-19,Horse_0133,Horse_0133,Jockey_049,3,牡,1800,芝,重,8,53.2,457.9,-13.6,379.0,0.0,3.0,1.0,,,0.278,11
R20220719_0228,2022-07-19,Horse_0753,Horse_0753,Jockey_046,2,牡,1800,芝,重,11,55.4,512.8,2.0,180.0,1.0,12.0,0.0,,,0.156,10
R20220719_0228,2022-07-19,Horse_0001,Horse_0001,Jockey_072,8,牡,1800,芝,重,2,55.4,445.9,-10.5,72.0,1.0,4.0,0.6,1.0,0.6,0.303,3
R20220719_0228,2022-07-19,Horse_0176,Horse_0176,Jockey_078,3,牡,1800,芝,重,10,56.6,495.0,-13.2,87.0,2.0,5.0,0.6,,0.25,0.2,7
R20220719_0228,2022-07-19,Horse_0360,Horse_0360,Jockey_071,6,牝,1800,芝,重,6,52.4,441.0,3.0,50.0,1.0,11.0,0.2,0.0,0.4,0.25,1
R20220721_0229,2022-07-21,Horse_0192,Horse_0192,Jockey_058,7,牝,1600,芝,稍重,1,52.5,495.0,0.6,42.0,2.0,6.333,0.4,0.0,0.5,0.239,3
R20220721_0229,2022-07-21,Horse_0406,Horse_0406,Jockey_033,7,せん,1600,芝,稍重,4,53.8,437.1,2.6,288.0,0.0,6.0,0.0,0.0,,0.333,14
R20220721_0229,2022-07-21,Horse_0622,Horse_0622,Jockey_047,2,牡,1600,芝,稍重,8,57.7,463.6,-7.3,14.0,3.0,7.333,0.0,0.0,0.0,0.226,11
R20220721_0229,2022-07-21,Horse_0848,Horse_0848,Jockey_025,4,牝,1600,芝,稍重,14,53.1,418.1,1.9,137.0,1.0,10.333,0.0,0.0,0.0,0.385,5
R20220721_0229,2022-07-21,Horse_0394,Horse_0394,Jockey_027,4,牝,1600,芝,稍重,13,55.2,487.5,11.1,158.0,1.0,1.667,1.0,1.0,1.0,0.16,8
R20220721_0229,2022-07-21,Horse_0034,Horse_0034,Jockey_042,8,牡,1600,芝,稍重,3,55.8,511.2,5.7,34.0,1.0,4.0,0.5,1.0,0.5,0.317,4
R20220721_0229,2022-07-21,Horse_0551,Horse_0551,Jockey_076,3,牡,1600,芝,稍重,10,56.5,471.7,-7.7,29.0,2.0,13.0,0.0,0.0,0.0,0.265,2
R20220721_0229,2022-07-21,Horse_0121,Horse_0121,Jockey_028,2,牝,1600,芝,稍重,9,54.3,410.9,-11.2,31.0,3.0,4.667,0.0,0.0,0.0,0.286,9
R20220721_0229,2022-07-21,Horse_0008,Horse_0008,Jockey_006,4,牝,1600,芝,稍重,12,54.6,450.7,3.2,178.0,1.0,6.667,0.25,0.5,,0.333,13
R20220721_0229,2022-07-21,Horse_0807,Horse_0807,Jockey_023,2,牡,1600,芝,稍重,2,54.7,447.2,-5.5,97.0,1.0,6.0,0.0,,0.0,0.034,10
R20220721_0229,2022-07-21,Horse_0589,Horse_0589,Jockey_079,6,牝,1600,芝,稍重,6,53.1,509.5,5.3,366.0,0.0,6.0,0.333,,0.0,0.158,12
R20220721_0229,2022-07-21,Horse_0104,Horse_0104,Jockey_050,5,牡,1600,芝,稍重,5,54.7,474.8,4.4,189.0,0.0,9.0,0.0,0.0,0.0,0.29,15
R20220721_0229,2022-07-21,Horse_0260,Horse_0260,Jockey_065,5,牡,1600,芝,稍重,11,54.7,448.2,18.2,144.0,2.0,3.333,0.5,1.0,0.667,0.318,6
R20220721_0229,2022-07-21,Horse_0541,Horse_0541,Jockey_043,6,牝,1600,芝,稍重,15,54.5,426.6,-1.6,231.0,0.0,8.0,0.25,0.0,0.0,0.138,7
R20220721_0229,2022-07-21,Horse_0404,Horse_0404,Jockey_036,3,牡,1600,芝,稍重,7,55.0,440.6,-16.9,199.0,0.0,2.5,0.5,,,0.333,1
R20220722_0230,2022-07-22,Horse_0808,Horse_0808,Jockey_011,6,せん,1800,ダート,稍重,7,53.3,448.6,0.4,393.0,0.0,9.667,0.0,,,0.097,15
R20220722_0230,2022-07-22,Horse_0897,Horse_0897,Jockey_053,6,牡,1800,ダート,稍重,13,55.6,419.5,-4.9,159.0,1.0,9.333,0.0,,0.0,0.125,13
R20220722_0230,2022-07-22,Horse_0211,Horse_0211,Jockey_038,4,牡,1800,ダート,稍重,12,53.9,520.5,0.4,39.0,2.0,9.0,0.0,,0.0,0.243,8
R20220722_0230,2022-07-22,Horse_0520,Horse_0520,Jockey_070,4,牡,1800,ダート,稍重,2,53.5,483.3,-12.4,98.0,1.0,2.667,0.667,,0.0,0.205,1
R20220722_0230,2022-07-22,Horse_0456,Horse_0456,Jockey_002,2,牡,1800,ダート,稍重,11,56.1,459.6,21.6,159.0,1.0,6.0,0.0,,,0.4,11
R20220722_0230,2022-07-22,Horse_0423,Horse_0423,Jockey_049,5,牝,1800,ダート,稍重,9,54.4,428.6,12.0,90.0,1.0,2.0,1.0,,,0.27,4
R20220722_0230,2022-07-22,Horse_0220,Horse_0220,Jockey_030,7,牝,1800,ダート,稍重,5,53.6,519.0,4.1,81.0,1.0,11.333,0.0,,0.0,0.107,7
R20220722_0230,2022-07-22,Horse_0071,Horse_0071,Jockey_042,2,牡,1800,ダート,稍重,14,55.5,467.0,-1.7,104.0,1.0,3.0,1.0,,1.0,0.31,6
R20220722_0230,2022-07-22,Horse_0439,Horse_0439,Jockey_026,5,牝,1800,ダート,稍重,1,54.0,423.7,-3.3,16.0,3.0,4.667,0.2,1.0,0.5,0.263,9
R20220722_0230,2022-07-22,Horse_0688,Horse_0688,Jockey_024,2,牡,1800,ダート,稍重,4,57.2,517.3,-4.1,161.0,1.0,8.0,0.0,0.0,,0.182,10
R20220722_0230,2022-07-22,Horse_0090,Horse_0090,Jockey_021,3,牝,1800,ダート,稍重,3,54.4,493.9,6.7,403.0,0.0,2.333,1.0,1.0,1.0,0.206,12
R20220722_0230,2022-07-22,Horse_0601,Horse_0601,Jockey_001,7,牡,1800,ダート,稍重,10,54.4,481.5,10.3,17.0,2.0,9.333,0.0,0.0,0.0,0.242,5
R20220722_0230,2022-07-22,Horse_0059,Horse_0059,Jockey_039,2,牡,1800,ダート,稍重,6,54.7,532.2,-9.7,67.0,2.0,4.0,0.5,,,0.243,3
R20220722_0230,2022-07-22,Horse_0389,Horse_0389,Jockey_075,2,牡,1800,ダート,稍重,15,54.9,450.9,,,0.0,,,,,0.318,2
R20220722_0230,2022-07-22,Horse_0597,Horse_0597,Jockey_073,4,牝,1800,ダート,稍重,8,53.5,467.0,7.6,159.0,1.0,9.0,0.0,,0.0,0.226,14
R20220726_0231,2022-07-26,Horse_0231,Horse_0231,Jockey_030,7,牝,1600,ダート,良,8,55.7,502.5,-16.4,174.0,1.0,3.0,0.75,1.0,0.667,0.103,5
R20220726_0231,2022-07-26,Horse_0525,Horse_0525,Jockey_064,5,牝,1600,ダート,良,2,55.2,460.5,0.0,85.0,2.0,2.0,0.4,1.0,0.25,0.139,2
R20220726_0231,2022-07-26,Horse_0476,Horse_0476,Jockey_031,2,牡,1600,ダート,良,5,55.0,445.6,,,0.0,,,,,0.286,10
R20220726_0231,2022-07-26,Horse_0174,Horse_0174,Jockey_028,7,牡,1600,ダート,良,6,54.6,467.1,1.0,247.0,0.0,7.0,0.0,0.0,0.0,0.276,9
R20220726_0231,2022-07-26,Horse_0894,Horse_0894,Jockey_013,4,牝,1600,ダート,良,7,54.3,491.2,5.0,15.0,2.0,4.333,0.4,0.667,1.0,0.119,6
R20220726_0231,2022-07-26,Horse_0635,Horse_0635,Jockey_018,3,牡,1600,ダート,良,9,55.3,477.8,9.6,84.0,2.0,1.333,0.8,1.0,0.667,0.357,1
R20220726_0231,2022-07-26,Horse_0160,Horse_0160,Jockey_012,2,牝,1600,ダート,良,3,53.6,443.7,-6.6,93.0,1.0,8.0,0.0,,0.0,0.219,7
R20220726_0231,2022-07-26,Horse_0529,Horse_0529,Jockey_052,2,牝,1600,ダート,良,10,56.5,497.8,-11.8,43.0,1.0,4.0,0.0,,0.0,0.286,3
R20220726_0231,2022-07-26,Horse_0729,Horse_0729,Jockey_075,7,せん,1600,ダート,良,1,52.6,478.7,-11.5,54.0,3.0,9.667,0.2,0.0,1.0,0.333,4
R20220726_0231,2022-07-26,Horse_0027,Horse_0027,Jockey_068,6,牝,1600,ダート,良,4,52.5,459.5,-5.7,150.0,1.0,10.5,0.0,0.0,,0.304,8
R20220728_0232,2022-07-28,Horse_0149,Horse_0149,Jockey_073,5,牡,1600,ダート,良,9,55.6,451.3,8.9,16.0,3.0,6.667,0.2,0.0,0.25,0.219,6
R20220728_0232,2022-07-28,Horse_0275,Horse_0275,Jockey_058,8,牝,1600,ダート,良,7,53.8,541.0,-9.2,222.0,0.0,11.333,0.0,0.0,0.0,0.255,8
R20220728_0232,2022-07-28,Horse_0379,Horse_0379,Jockey_067,3,牝,1600,ダート,良,4,52.4,524.9,13.4,59.0,1.0,7.0,0.0,,0.0,0.245,1
R20220728_0232,2022-07-28,Horse_0221,Horse_0221,Jockey_017,8,牝,1600,ダート,良,5,55.6,505.5,-13.5,155.0,1.0,2.0,1.0,1.0,1.0,0.414,4
R20220728_0232,2022-07-28,Horse_0132,Horse_0132,Jockey_055,8,牡,1600,ダート,良,2,56.2,463.7,5.1,214.0,0.0,8.0,0.0,,0.0,0.211,10
R20220728_0232,2022-07-28,Horse_0711,Horse_0711,Jockey_018,5,牝,1600,ダート,良,3,54.9,467.2,-2.2,70.0,1.0,7.0,0.25,0.0,0.0,0.379,2
R20220728_0232,2022-07-28,Horse_0510,Horse_0510,Jockey_036,4,牝,1600,ダート,良,8,54.2,459.2,7.5,210.0,0.0,7.333,0.25,0.0,0.5,0.351,7
R20220728_0232,2022-07-28,Horse_0747,Horse_0747,Jockey_014,6,牝,1600,ダート,良,1,54.9,483.7,7.5,189.0,0.0,8.667,0.0,0.0,0.0,0.154,9
R20220728_0232,2022-07-28,Horse_0235,Horse_0235,Jockey_040,5,せん,1600,ダート,良,10,54.3,514.6,-2.1,17.0,2.0,8.0,0.0,0.0,0.0,0.394,3
R20220728_0232,2022-07-28,Horse_0888,Horse_0888,Jockey_010,5,牝,1600,ダート,良,6,54.3,447.9,2.3,199.0,0.0,3.5,0.5,0.0,,0.293,5
R20220730_0233,2022-07-30,Horse_0083,Horse_0083,Jockey_051,4,牡,1600,ダート,重,2,53.3,467.1,5.7,182.0,0.0,10.333,0.0,,,0.259,9
R20220730_0233,2022-07-30,Horse_0852,Horse_0852,Jockey_012,8,牡,1600,ダート,重,3,57.6,446.0,4.0,24.0,2.0,10.667,0.0,0.0,0.0,0.212,5
R20220730_0233,2022-07-30,Horse_0752,Horse_0752,Jockey_026,3,牡,1600,ダート,重,1,55.5,481.2,10.7,376.0,0.0,2.0,1.0,1.0,1.0,0.256,6
R20220730_0233,2022-07-30,Horse_0785,Horse_0785,Jockey_062,3,牡,1600,ダート,重,8,56.7,482.4,2.4,113.0,1.0,2.667,0.4,,0.5,0.171,4
R20220730_0233,2022-07-30,Horse_0555,Horse_0555,Jockey_067,5,牡,1600,ダート,重,5,52.3,434.5,-12.4,61.0,2.0,9.0,0.0,0.0,0.0,0.26,7
R20220730_0233,2022-07-30,Horse_0440,Horse_0440,Jockey_016,6,牡,1600,ダート,重,4,56.9,538.9,20.6,153.0,1.0,8.667,0.0,0.0,0.0,0.308,3
R20220730_0233,2022-07-30,Horse_0366,Horse_0366,Jockey_078,5,牡,1600,ダート,重,10,56.8,439.9,8.9,322.0,0.0,2.667,0.667,0.667,,0.194,8
R20220730_0233,2022-07-30,Horse_0765,Horse_0765,Jockey_025,2,牡,1600,ダート,重,7,54.0,395.0,-6.9,99.0,1.0,1.0,1.0,1.0,1.0,0.375,1
R20220730_0233,2022-07-30,Horse_0662,Horse_0662,Jockey_015,7,牡,1600,ダート,重,6,54.4,454.1,2.0,316.0,0.0,11.0,0.0,,,0.069,10
R20220730_0233,2022-07-30,Horse_0837,Horse_0837,Jockey_005,8,牡,1600,ダート,重,9,54.2,479.9,9.6,121.0,2.0,6.0,0.0,0.0,0.0,0.513,2
R20220803_0234,2022-08-03,Horse_0143,Horse_0143,Jockey_031,2,牡,1400,ダート,重,7,54.7,446.1,-8.5,28.0,2.0,3.0,0.5,1.0,0.0,0.278,7
R20220803_0234,2022-08-03,Horse_0256,Horse_0256,Jockey_012,6,牝,1400,ダート,重,14,53.5,502.6,3.2,521.0,0.0,1.0,1.0,1.0,1.0,0.206,14
R20220803_0234,2022-08-03,Horse_0131,Horse_0131,Jockey_079,7,牝,1400,ダート,重,12,53.2,418.6,1.2,284.0,0.0,2.667,1.0,,1.0,0.154,4
R20220803_0234,2022-08-03,Horse_0116,Horse_0116,Jockey_068,6,牝,1400,ダート,重,15,54.5,484.1,2.3,117.0,1.0,9.333,0.2,,0.0,0.298,3
R20220803_0234,2022-08-03,Horse_0531,Horse_0531,Jockey_070,5,牡,1400,ダート,重,9,54.0,503.9,6.3,103.0,1.0,7.333,0.0,0.0,0.0,0.225,5
R20220803_0234,2022-08-03,Horse_0651,Horse_0651,Jockey_034,5,牡,1400,ダート,重,8,55.2,480.5,9.0,131.0,1.0,4.0,0.0,,0.0,0.233,9
R20220803_0234,2022-08-03,Horse_0465,Horse_0465,Jockey_062,3,牡,1400,ダート,重,6,53.8,482.9,3.8,76.0,1.0,8.0,0.0,0.0,0.0,0.167,2
R20220803_0234,2022-08-03,Horse_0173,Horse_0173,Jockey_059,6,牝,1400,ダート,重,13,57.5,445.3,-9.9,62.0,2.0,11.0,0.0,,0.0,0.441,13
R20220803_0234,2022-08-03,Horse_0812,Horse_0812,Jockey_049,6,牡,1400,ダート,重,10,53.7,513.1,-10.6,298.0,0.0,5.0,0.0,,,0.263,12
R20220803_0234,2022-08-03,Horse_0875,Horse_0875,Jockey_015,7,牝,1400,ダート,重,11,53.2,448.3,-2.2,168.0,1.0,11.0,0.0,,0.0,0.067,8
R20220803_0234,2022-08-03,Horse_0145,Horse_0145,Jockey_064,5,牡,1400,ダート,重,5,55.3,501.9,7.9,162.0,1.0,8.667,0.0,0.0,0.0,0.162,1
R20220803_0234,2022-08-03,Horse_0841,Horse_0841,Jockey_024,5,牝,1400,ダート,重,2,53.5,420.2,-15.8,101.0,2.0,6.333,0.5,0.0,0.333,0.176,11
R20220803_0234,2022-08-03,Horse_0146,Horse_0146,Jockey_016,3,牡,1400,ダート,重,3,54.0,508.8,-9.0,360.0,0.0,12.0,0.0,,0.0,0.333,15
R20220803_0234,2022-08-03,Horse_0381,Horse_0381,Jockey_052,2,牡,1400,ダート,重,1,55.0,444.3,10.2,29.0,3.0,10.0,0.0,0.0,0.0,0.306,10
R20220803_0234,2022-08-03,Horse_0608,Horse_0608,Jockey_073,8,牝,1400,ダート,重,4,54.6,404.2,-7.2,101.0,1.0,5.667,0.4,0.0,0.25,0.212,6
R20220805_0235,2022-08-05,Horse_0418,Horse_0418,Jockey_030,5,牡,1200,ダート,良,3,55.5,441.0,1.1,388.0,0.0,4.0,0.25,,0.0,0.1,2
R20220805_0235,2022-08-05,Horse_0468,Horse_0468,Jockey_042,2,牝,1200,ダート,良,6,51.9,456.3,-0.9,184.0,0.0,5.0,0.0,,0.0,0.302,5
R20220805_0235,2022-08-05,Horse_0219,Horse_0219,Jockey_076,4,牡,1200,ダート,良,9,55.6,454.2,3.1,17.0,3.0,8.0,0.0,0.0,0.0,0.286,6
R20220805_0235,2022-08-05,Horse_0317,Horse_0317,Jockey_007,4,牡,1200,ダート,良,5,55.1,421.4,-5.5,21.0,1.0,7.667,0.0,0.0,0.0,0.206,4
R20220805_0235,2022-08-05,Horse_0753,Horse_0753,Jockey_051,2,牡,1200,ダート,良,1,54.6,512.2,-0.6,17.0,1.0,11.0,0.0,,0.0,0.25,1
R20220805_0235,2022-08-05,Horse_0002,Horse_0002,Jockey_080,7,牝,1200,ダート,良,8,54.4,471.1,4.2,163.0,1.0,4.333,0.6,0.0,0.333,0.22,3
R20220805_0235,2022-08-05,Horse_0462,Horse_0462,Jockey_020,2,牡,1200,ダート,良,2,56.7,471.1,-3.6,215.0,0.0,8.0,0.0,,,0.267,7
R20220805_0235,2022-08-05,Horse_0851,Horse_0851,Jockey_064,6,せん,1200,ダート,良,4,53.0,492.4,4.8,324.0,0.0,8.0,0.0,,0.0,0.184,10
R20220805_0235,2022-08-05,Horse_0749,Horse_0749,Jockey_058,3,牝,1200,ダート,良,10,56.0,505.4,-1.0,471.0,0.0,13.0,0.0,,,0.25,9
R20220805_0235,2022-08-05,Horse_0892,Horse_0892,Jockey_049,8,牡,1200,ダート,良,7,55.1,469.6,13.8,167.0,1.0,9.0,0.0,0.0,0.0,0.256,8
R20220807_0236,2022-08-07,Horse_0063,Horse_0063,Jockey_019,8,牝,1600,ダート,良,11,55.4,500.3,-3.2,220.0,0.0,4.5,0.0,,0.0,0.176,7
R20220807_0236,2022-08-07,Horse_0212,Horse_0212,Jockey_071,7,牝,1600,ダート,良,8,51.6,476.9,-1.0,464.0,0.0,7.667,0.0,,0.0,0.273,11
R20220807_0236,2022-08-07,Horse_0253,Horse_0253,Jockey_060,3,せん,1600,ダート,良,5,54.8,497.1,1.5,186.0,0.0,12.0,0.0,,0.0,0.062,13
R20220807_0236,2022-08-07,Horse_0265,Horse_0265,Jockey_050,2,牡,1600,ダート,良,2,56.7,452.8,,,0.0,,,,,0.281,10
R20220807_0236,2022-08-07,Horse_0889,Horse_0889,Jockey_059,7,牡,1600,ダート,良,3,55.5,505.6,-2.4,83.0,1.0,7.333,0.0,,0.0,0.429,5
R20220807_0236,2022-08-07,Horse_0436,Horse_0436,Jockey_057,2,牡,1600,ダート,良,1,52.5,493.5,0.6,165.0,1.0,7.0,0.0,0.0,0.0,0.343,6
R20220807_0236,2022-08-07,Horse_0561,Horse_0561,Jockey_041,7,牝,1600,ダート,良,10,55.6,473.9,7.5,105.0,2.0,8.667,0.0,0.0,0.0,0.286,9
R20220807_0236,2022-08-07,Horse_0828,Horse_0828,Jockey_022,7,牡,1600,ダート,良,7,55.4,511.5,9.9,33.0,2.0,5.333,0.0,,0.0,0.19,4
R20220807_0236,2022-08-07,Horse_0717,Horse_0717,Jockey_038,8,牡,1600,ダート,良,4,57.2,533.6,-2.6,48.0,1.0,4.333,0.333,,0.0,0.237,8
R20220807_0236,2022-08-07,Horse_0171,Horse_0171,Jockey_007,3,牡,1600,ダート,良,12,54.5,425.9,-13.9,316.0,0.0,8.0,0.0,0.0,0.0,0.2,14
R20220807_0236,2022-08-07,Horse_0164,Horse_0164,Jockey_034,4,牡,1600,ダート,良,13,55.9,461.6,0.4,91.0,1.0,6.5,0.5,0.0,1.0,0.226,3
R20220807_0236,2022-08-07,Horse_0084,Horse_0084,Jockey_056,5,牝,1600,ダート,良,6,54.8,477.3,-12.2,37.0,2.0,11.333,0.0,0.0,0.0,0.367,12
R20220807_0236,2022-08-07,Horse_0858,Horse_0858,Jockey_058,6,牝,1600,ダート,良,9,54.8,492.2,9.9,63.0,2.0,3.0,0.8,0.0,0.6,0.245,2
R20220807_0236,2022-08-07,Horse_0221,Horse_0221,Jockey_026,8,牝,1600,ダート,良,14,53.6,517.4,11.9,10.0,2.0,3.0,0.5,0.5,0.5,0.25,1
R20220810_0237,2022-08-10,Horse_0048,Horse_0048,Jockey_049,2,牝,1800,芝,良,8,54.9,454.8,,,0.0,,,,,0.25,1
R20220810_0237,2022-08-10,Horse_0323,Horse_0323,Jockey_019,5,牝,1800,芝,良,2,54.3,486.8,-14.3,359.0,0.0,3.0,0.5,,1.0,0.171,8
R20220810_0237,2022-08-10,Horse_0801,Horse_0801,Jockey_057,7,牝,1800,芝,良,6,56.0,479.8,-3.8,35.0,1.0,9.667,0.2,0.0,0.5,0.333,2
R20220810_0237,2022-08-10,Horse_0379,Horse_0379,Jockey_073,3,牝,1800,芝,良,7,55.0,521.3,-3.6,13.0,2.0,6.0,0.25,,0.0,0.206,3
R20220810_0237,2022-08-10,Horse_0713,Horse_0713,Jockey_066,5,牡,1800,芝,良,4,55.9,475.3,1.6,160.0,1.0,6.333,0.0,,0.0,0.265,6
R20220810_0237,2022-08-10,Horse_0652,Horse_0652,Jockey_069,6,牡,1800,芝,良,3,53.5,498.8,4.0,219.0,0.0,5.0,0.0,,,0.378,7
R20220810_0237,2022-08-10,Horse_0098,Horse_0098,Jockey_038,3,牝,1800,芝,良,5,55.5,435.4,4.0,35.0,2.0,10.333,0.0,0.0,0.0,0.231,5
R20220810_0237,2022-08-10,Horse_0658,Horse_0658,Jockey_039,8,せん,1800,芝,良,1,51.8,486.9,-6.7,26.0,2.0,7.667,0.0,0.0,0.0,0.263,4
R20220813_0238,2022-08-13,Horse_0822,Horse_0822,Jockey_007,8,牡,1600,芝,稍重,12,55.9,450.6,-4.2,245.0,0.0,9.667,0.2,0.5,0.0,0.194,10
R20220813_0238,2022-08-13,Horse_0395,Horse_0395,Jockey_006,2,牡,1600,芝,稍重,2,56.6,437.9,,,0.0,,,,,0.324,9
R20220813_0238,2022-08-13,Horse_0192,Horse_0192,Jockey_072,7,牝,1600,芝,稍重,8,54.4,495.4,0.4,23.0,3.0,5.0,0.4,0.5,0.6,0.324,1
R20220813_0238,2022-08-13,Horse_0679,Horse_0679,Jockey_040,8,牡,1600,芝,稍重,6,53.0,405.5,13.5,522.0,0.0,9.0,0.0,,0.0,0.412,12
R20220813_0238,2022-08-13,Horse_0725,Horse_0725,Jockey_050,8,牡,1600,芝,稍重,9,55.5,481.8,,,0.0,,,,,0.273,6
R20220813_0238,2022-08-13,Horse_0256,Horse_0256,Jockey_004,6,牝,1600,芝,稍重,4,53.2,502.3,-0.3,10.0,1.0,5.333,0.667,,1.0,0.194,2
R20220813_0238,2022-08-13,Horse_0010,Horse_0010,Jockey_027,4,牡,1600,芝,稍重,7,56.5,492.7,-4.3,37.0,1.0,8.0,0.0,,0.0,0.154,7
R20220813_0238,2022-08-13,Horse_0805,Horse_0805,Jockey_071,6,せん,1600,芝,稍重,1,53.1,486.5,-7.9,39.0,1.0,2.667,0.6,1.0,0.333,0.265,4
R20220813_0238,2022-08-13,Horse_0514,Horse_0514,Jockey_046,7,牝,1600,芝,稍重,3,54.4,503.4,21.7,171.0,1.0,8.333,0.2,0.0,0.25,0.152,11
R20220813_0238,2022-08-13,Horse_0041,Horse_0041,Jockey_056,5,牡,1600,芝,稍重,10,55.5,500.2,-7.1,86.0,1.0,6.0,0.0,0.0,0.0,0.355,5
R20220813_0238,2022-08-13,Horse_0660,Horse_0660,Jockey_019,3,牝,1600,芝,稍重,5,53.9,493.1,11.1,74.0,1.0,5.0,0.4,,0.4,0.167,3
R20220813_0238,2022-08-13,Horse_0496,Horse_0496,Jockey_008,6,牡,1600,芝,稍重,11,54.7,443.2,14.4,43.0,3.0,10.333,0.4,,0.333,0.16,8
R20220814_0239,2022-08-14,Horse_0322,Horse_0322,Jockey_052,2,牡,1600,芝,稍重,1,57.6,509.7,-21.3,166.0,1.0,3.0,1.0,,1.0,0.297,6
R20220814_0239,2022-08-14,Horse_0549,Horse_0549,Jockey_017,2,せん,1600,芝,稍重,3,56.3,491.9,6.7,93.0,1.0,14.0,0.0,,0.0,0.4,5
R20220814_0239,2022-08-14,Horse_0672,Horse_0672,Jockey_054,2,牝,1600,芝,稍重,6,53.1,499.8,14.8,183.0,0.0,10.0,0.0,,0.0,0.206,11
R20220814_0239,2022-08-14,Horse_0485,Horse_0485,Jockey_045,3,牝,1600,芝,稍重,5,54.8,429.1,-3.7,115.0,1.0,2.333,0.6,,0.75,0.306,1
R20220814_0239,2022-08-14,Horse_0763,Horse_0763,Jockey_073,3,牝,1600,芝,稍重,11,51.4,539.4,-2.1,231.0,0.0,10.333,0.0,0.0,0.0,0.229,7
R20220814_0239,2022-08-14,Horse_0819,Horse_0819,Jockey_050,8,牝,1600,芝,稍重,10,54.5,433.8,1.5,176.0,1.0,8.333,0.4,1.0,0.5,0.265,3
R20220814_0239,2022-08-14,Horse_0493,Horse_0493,Jockey_051,3,牡,1600,芝,稍重,4,55.0,504.0,10.3,40.0,2.0,12.0,0.0,0.0,0.0,0.276,8
R20220814_0239,2022-08-14,Horse_0425,Horse_0425,Jockey_041,6,牝,1600,芝,稍重,2,57.0,487.1,1.2,159.0,1.0,5.0,0.5,,1.0,0.278,9
R20220814_0239,2022-08-14,Horse_0759,Horse_0759,Jockey_015,6,牝,1600,芝,稍重,8,54.6,454.7,-0.4,258.0,0.0,2.0,0.6,0.0,0.6,0.065,10
R20220814_0239,2022-08-14,Horse_0622,Horse_0622,Jockey_038,2,牡,1600,芝,稍重,7,54.2,471.2,7.6,24.0,4.0,8.0,0.0,0.0,0.0,0.225,2
R20220814_0239,2022-08-14,Horse_0107,Horse_0107,Jockey_002,3,牝,1600,芝,稍重,9,55.5,455.5,4.5,144.0,1.0,8.667,0.0,0.0,0.0,0.389,4
R20220815_0240,2022-08-15,Horse_0051,Horse_0051,Jockey_058,2,牝,2000,ダート,良,1,53.6,434.7,,,0.0,,,,,0.26,3
R20220815_0240,2022-08-15,Horse_0524,Horse_0524,Jockey_018,5,牝,2000,ダート,良,4,56.4,420.2,3.0,158.0,1.0,8.0,0.0,,0.0,0.4,9
R20220815_0240,2022-08-15,Horse_0888,Horse_0888,Jockey_009,5,牝,2000,ダート,良,6,55.8,431.6,-16.3,18.0,1.0,4.0,0.333,,0.0,0.333,5
R20220815_0240,2022-08-15,Horse_0570,Horse_0570,Jockey_037,5,牝,2000,ダート,良,9,52.9,458.4,9.6,76.0,1.0,10.333,0.2,1.0,0.333,0.175,7
R20220815_0240,2022-08-15,Horse_0154,Horse_0154,Jockey_068,6,牝,2000,ダート,良,2,55.7,450.8,-6.4,109.0,1.0,6.0,0.25,0.0,,0.312,8
R20220815_0240,2022-08-15,Horse_0089,Horse_0089,Jockey_064,6,牡,2000,ダート,良,7,52.7,470.3,1.5,85.0,1.0,9.0,0.0,,,0.179,6
R20220815_0240,2022-08-15,Horse_0498,Horse_0498,Jockey_035,3,牝,2000,ダート,良,8,55.0,447.9,12.5,35.0,2.0,4.0,0.6,,1.0,0.321,2
R20220815_0240,2022-08-15,Horse_0589,Horse_0589,Jockey_033,6,牝,2000,ダート,良,5,52.8,499.9,-9.6,25.0,1.0,6.667,0.25,,0.5,0.32,4
R20220815_0240,2022-08-15,Horse_0366,Horse_0366,Jockey_034,5,牡,2000,ダート,良,3,57.1,446.9,7.0,16.0,1.0,4.0,0.5,,0.0,0.25,1
R20220816_0241,2022-08-16,Horse_0444,Horse_0444,Jockey_032,7,牝,2000,ダート,稍重,11,55.6,416.1,-6.0,257.0,0.0,14.5,0.0,0.0,0.0,0.25,11
R20220816_0241,2022-08-16,Horse_0308,Horse_0308,Jockey_051,8,牡,2000,ダート,稍重,3,55.8,461.9,,,0.0,,,,,0.267,4
R20220816_0241,2022-08-16,Horse_0091,Horse_0091,Jockey_070,3,牡,2000,ダート,稍重,12,57.5,469.0,-1.1,237.0,0.0,6.333,0.2,0.0,1.0,0.22,14
R20220816_0241,2022-08-16,Horse_0184,Horse_0184,Jockey_065,8,牝,2000,ダート,稍重,1,53.8,475.0,0.7,333.0,0.0,4.0,0.0,,,0.304,5
R20220816_0241,2022-08-16,Horse_0490,Horse_0490,Jockey_026,8,せん,2000,ダート,稍重,13,54.6,464.4,16.4,260.0,0.0,4.0,0.75,,0.5,0.268,13
R20220816_0241,2022-08-16,Horse_0852,Horse_0852,Jockey_040,8,牡,2000,ダート,稍重,7,55.5,443.8,-2.2,17.0,3.0,8.667,0.0,,0.0,0.4,9
R20220816_0241,2022-08-16,Horse_0032,Horse_0032,Jockey_025,4,牝,2000,ダート,稍重,9,54.4,531.6,14.3,32.0,2.0,6.0,0.0,,0.0,0.39,6
R20220816_0241,2022-08-16,Horse_0080,Horse_0080,Jockey_078,5,牡,2000,ダート,稍重,10,55.5,464.3,-7.1,57.0,2.0,9.333,0.0,,0.0,0.189,12
R20220816_0241,2022-08-16,Horse_0540,Horse_0540,Jockey_001,3,牡,2000,ダート,稍重,5,53.2,471.1,9.4,106.0,1.0,3.0,1.0,,,0.235,7
R20220816_0241,2022-08-16,Horse_0085,Horse_0085,Jockey_012,6,牡,2000,ダート,稍重,2,56.4,458.4,-5.6,105.0,1.0,13.0,0.0,0.0,0.0,0.2,8
R20220816_0241,2022-08-16,Horse_0475,Horse_0475,Jockey_002,8,牡,2000,ダート,稍重,4,55.9,445.7,-8.5,42.0,2.0,3.667,0.5,,0.5,0.378,1
R20220816_0241,2022-08-16,Horse_0474,Horse_0474,Jockey_042,7,牝,2000,ダート,稍重,14,55.7,480.5,10.2,75.0,1.0,5.333,0.2,0.0,0.0,0.295,2
R20220816_0241,2022-08-16,Horse_0355,Horse_0355,Jockey_046,3,牡,2000,ダート,稍重,6,53.8,460.7,4.5,40.0,2.0,4.667,0.2,0.0,1.0,0.147,3
R20220816_0241,2022-08-16,Horse_0194,Horse_0194,Jockey_035,8,牡,2000,ダート,稍重,8,54.3,469.7,-15.5,250.0,0.0,5.667,0.333,,,0.345,10
R20220818_0242,2022-08-18,Horse_0484,Horse_0484,Jockey_060,7,牡,2400,芝,良,5,52.5,445.3,-10.3,69.0,2.0,1.667,1.0,,1.0,0.061,1
R20220818_0242,2022-08-18,Horse_0743,Horse_0743,Jockey_038,2,牡,2400,芝,良,4,56.9,484.8,,,0.0,,,,,0.244,7
R20220818_0242,2022-08-18,Horse_0335,Horse_0335,Jockey_036,7,牝,2400,芝,良,10,53.8,417.9,6.3,91.0,3.0,2.0,0.4,,0.667,0.342,3
R20220818_0242,2022-08-18,Horse_0835,Horse_0835,Jockey_007,7,せん,2400,芝,良,11,54.1,475.6,-6.9,146.0,1.0,3.333,0.667,1.0,1.0,0.189,5
R20220818_0242,2022-08-18,Horse_0388,Horse_0388,Jockey_067,8,牝,2400,芝,良,7,50.9,453.6,12.7,131.0,1.0,10.0,0.0,,0.0,0.26,9
R20220818_0242,2022-08-18,Horse_0705,Horse_0705,Jockey_077,2,せん,2400,芝,良,6,55.1,425.5,1.3,30.0,1.0,6.0,0.0,,0.0,0.032,6
R20220818_0242,2022-08-18,Horse_0627,Horse_0627,Jockey_041,4,牡,2400,芝,良,8,56.1,470.7,-18.2,163.0,1.0,7.0,0.4,0.0,0.0,0.27,8
R20220818_0242,2022-08-18,Horse_0868,Horse_0868,Jockey_072,6,牝,2400,芝,良,9,52.5,460.9,-2.2,102.0,1.0,7.667,0.0,,0.0,0.343,4
R20220818_0242,2022-08-18,Horse_0787,Horse_0787,Jockey_050,2,牡,2400,芝,良,2,56.2,458.8,-5.5,214.0,0.0,7.0,0.0,,,0.286,10
R20220818_0242,2022-08-18,Horse_0473,Horse_0473,Jockey_051,5,牝,2400,芝,良,3,52.6,445.2,3.2,385.0,0.0,6.333,0.0,0.0,0.0,0.258,11
R20220818_0242,2022-08-18,Horse_0451,Horse_0451,Jockey_080,3,牡,2400,芝,良,1,52.8,413.5,-1.3,53.0,1.0,12.0,0.0,,0.0,0.238,2
R20220821_0243,2022-08-21,Horse_0669,Horse_0669,Jockey_057,3,牡,1600,ダート,良,5,54.0,493.6,11.3,72.0,2.0,7.0,0.0,0.0,0.0,0.351,3
R20220821_0243,2022-08-21,Horse_0235,Horse_0235,Jockey_036,5,せん,1600,ダート,良,1,52.9,520.3,5.7,24.0,3.0,5.0,0.2,0.5,0.5,0.359,4
R20220821_0243,2022-08-21,Horse_0658,Horse_0658,Jockey_013,8,せん,1600,ダート,良,6,57.7,497.1,10.2,11.0,3.0,6.0,0.0,0.0,0.0,0.116,7
R20220821_0243,2022-08-21,Horse_0354,Horse_0354,Jockey_029,2,牡,1600,ダート,良,7,54.8,445.9,9.2,72.0,2.0,7.0,0.0,,,0.258,6
R20220821_0243,2022-08-21,Horse_0069,Horse_0069,Jockey_009,2,牡,1600,ダート,良,8,56.0,437.2,-2.0,122.0,1.0,3.0,0.5,,,0.324,1
R20220821_0243,2022-08-21,Horse_0142,Horse_0142,Jockey_016,3,牡,1600,ダート,良,4,56.3,425.1,-1.9,97.0,1.0,7.0,0.333,,,0.321,8
R20220821_0243,2022-08-21,Horse_0780,Horse_0780,Jockey_037,2,牝,1600,ダート,良,3,54.2,434.7,,,0.0,,,,,0.171,2
R20220821_0243,2022-08-21,Horse_0011,Horse_0011,Jockey_069,2,牝,1600,ダート,良,2,54.5,457.1,-17.0,132.0,1.0,8.0,0.0,,,0.368,10
R20220821_0243,2022-08-21,Horse_0646,Horse_0646,Jockey_077,8,せん,1600,ダート,良,10,55.2,399.9,5.4,105.0,1.0,4.0,0.5,0.5,0.5,0.031,5
R20220821_0243,2022-08-21,Horse_0838,Horse_0838,Jockey_034,6,牡,1600,ダート,良,9,53.7,523.0,8.0,378.0,0.0,7.333,0.5,1.0,0.0,0.273,9
R20220824_0244,2022-08-24,Horse_0084,Horse_0084,Jockey_047,5,牝,1200,芝,稍重,9,53.6,480.4,3.1,17.0,3.0,10.333,0.0,0.0,0.0,0.219,7
R20220824_0244,2022-08-24,Horse_0607,Horse_0607,Jockey_053,2,牝,1200,芝,稍重,1,55.8,437.1,0.9,124.0,1.0,5.0,0.0,,,0.122,6
R20220824_0244,2022-08-24,Horse_0563,Horse_0563,Jockey_010,8,牡,1200,芝,稍重,8,55.7,489.7,1.6,255.0,0.0,4.0,0.333,,0.5,0.286,9
R20220824_0244,2022-08-24,Horse_0840,Horse_0840,Jockey_020,3,牡,1200,芝,稍重,5,55.6,469.0,9.9,220.0,0.0,2.5,0.5,0.0,,0.258,2
R20220824_0244,2022-08-24,Horse_0212,Horse_0212,Jockey_065,7,牝,1200,芝,稍重,4,55.7,464.2,-12.7,17.0,1.0,8.667,0.0,,0.0,0.292,4
R20220824_0244,2022-08-24,Horse_0330,Horse_0330,Jockey_050,5,牡,1200,芝,稍重,7,52.2,463.1,10.0,75.0,1.0,9.5,0.0,0.0,0.0,0.278,8
R20220824_0244,2022-08-24,Horse_0655,Horse_0655,Jockey_018,6,牡,1200,芝,稍重,6,54.4,512.3,4.5,183.0,0.0,1.667,1.0,1.0,,0.387,3
R20220824_0244,2022-08-24,Horse_0090,Horse_0090,Jockey_056,3,牝,1200,芝,稍重,12,54.4,504.9,11.0,33.0,1.0,5.667,0.75,1.0,1.0,0.344,1
R20220824_0244,2022-08-24,Horse_0046,Horse_0046,Jockey_030,8,牡,1200,芝,稍重,11,54.3,488.2,-3.2,160.0,1.0,5.667,0.0,0.0,0.0,0.129,11
R20220824_0244,2022-08-24,Horse_0630,Horse_0630,Jockey_005,4,牡,1200,芝,稍重,3,53.9,428.2,-10.1,249.0,0.0,4.667,0.2,0.0,0.5,0.525,5
R20220824_0244,2022-08-24,Horse_0120,Horse_0120,Jockey_034,4,牝,1200,芝,稍重,2,53.7,447.5,8.6,83.0,2.0,10.0,0.0,0.0,0.0,0.265,12
R20220824_0244,2022-08-24,Horse_0203,Horse_0203,Jockey_051,8,牝,1200,芝,稍重,10,54.7,426.0,-7.0,262.0,0.0,6.0,0.0,,0.0,0.25,10
R20220828_0245,2022-08-28,Horse_0556,Horse_0556,Jockey_046,4,せん,2000,芝,良,10,53.7,523.6,4.4,473.0,0.0,12.0,0.0,,0.0,0.171,13
R20220828_0245,2022-08-28,Horse_0196,Horse_0196,Jockey_077,6,牝,2000,芝,良,4,54.2,500.4,1.3,89.0,2.0,7.333,0.4,,0.333,0.03,9
R20220828_0245,2022-08-28,Horse_0886,Horse_0886,Jockey_066,2,牝,2000,芝,良,13,55.1,441.7,1.3,58.0,2.0,2.667,0.667,,1.0,0.257,1
R20220828_0245,2022-08-28,Horse_0066,Horse_0066,Jockey_039,7,牡,2000,芝,良,2,55.7,436.9,4.6,53.0,4.0,8.667,0.0,0.0,0.0,0.256,11
R20220828_0245,2022-08-28,Horse_0706,Horse_0706,Jockey_033,2,牝,2000,芝,良,8,54.8,460.4,-10.9,128.0,1.0,6.0,0.0,,,0.308,3
R20220828_0245,2022-08-28,Horse_0017,Horse_0017,Jockey_027,7,牝,2000,芝,良,1,54.3,500.0,19.9,496.0,0.0,6.0,0.0,,0.0,0.148,12
R20220828_0245,2022-08-28,Horse_0164,Horse_0164,Jockey_035,4,牡,2000,芝,良,5,51.8,456.0,-5.6,21.0,2.0,5.333,0.667,,0.0,0.333,7
R20220828_0245,2022-08-28,Horse_0846,Horse_0846,Jockey_025,3,牝,2000,芝,良,12,54.1,456.1,-8.9,104.0,2.0,4.667,0.4,,0.5,0.381,2
R20220828_0245,2022-08-28,Horse_0245,Horse_0245,Jockey_067,4,牡,2000,芝,良,7,53.6,468.5,-6.5,175.0,1.0,7.333,0.2,0.0,0.0,0.26,8
R20220828_0245,2022-08-28,Horse_0018,Horse_0018,Jockey_070,5,せん,2000,芝,良,11,56.1,441.0,-6.2,47.0,1.0,11.0,0.0,0.0,0.0,0.214,5
R20220828_0245,2022-08-28,Horse_0650,Horse_0650,Jockey_034,6,牡,2000,芝,良,6,54.9,434.6,3.9,241.0,0.0,6.333,0.4,,0.667,0.257,4
R20220828_0245,2022-08-28,Horse_0250,Horse_0250,Jockey_029,4,牝,2000,芝,良,9,53.2,442.9,-2.3,159.0,1.0,7.0,0.0,,0.0,0.25,10
R20220828_0245,2022-08-28,Horse_0242,Horse_0242,Jockey_053,2,牡,2000,芝,良,3,54.5,546.6,,,0.0,,,,,0.119,6
R20220831_0246,2022-08-31,Horse_0821,Horse_0821,Jockey_034,2,牡,1600,芝,良,2,54.3,413.5,3.0,55.0,4.0,4.333,0.25,,0.25,0.25,4
R20220831_0246,2022-08-31,Horse_0231,Horse_0231,Jockey_040,7,牝,1600,芝,良,8,55.4,500.5,-2.0,36.0,1.0,4.333,0.6,0.5,1.0,0.389,1
R20220831_0246,2022-08-31,Horse_0565,Horse_0565,Jockey_051,4,牝,1600,芝,良,6,55.9,454.9,-19.4,371.0,0.0,7.333,0.0,0.0,0.0,0.242,11
R20220831_0246,2022-08-31,Horse_0112,Horse_0112,Jockey_017,2,牡,1600,芝,良,11,55.1,437.1,0.1,131.0,1.0,3.0,1.0,1.0,,0.387,10
R20220831_0246,2022-08-31,Horse_0689,Horse_0689,Jockey_021,3,牝,1600,芝,良,12,55.2,418.1,-9.3,61.0,2.0,5.0,0.0,0.0,0.0,0.2,6
R20220831_0246,2022-08-31,Horse_0277,Horse_0277,Jockey_064,6,牡,1600,芝,良,7,55.4,430.9,-3.3,50.0,2.0,4.667,0.4,0.0,0.333,0.175,5
R20220831_0246,2022-08-31,Horse_0265,Horse_0265,Jockey_019,2,牡,1600,芝,良,3,55.8,465.3,12.5,24.0,1.0,10.0,0.0,0.0,,0.189,8
R20220831_0246,2022-08-31,Horse_0787,Horse_0787,Jockey_079,2,牡,1600,芝,良,5,56.0,464.9,6.1,13.0,1.0,8.5,0.0,,0.0,0.15,3
R20220831_0246,2022-08-31,Horse_0464,Horse_0464,Jockey_048,7,せん,1600,芝,良,9,53.0,427.2,-10.4,161.0,1.0,12.667,0.0,0.0,0.0,0.194,9
R20220831_0246,2022-08-31,Horse_0314,Horse_0314,Jockey_055,4,牝,1600,芝,良,10,55.0,457.4,-18.2,162.0,1.0,6.667,0.0,0.0,0.0,0.205,12
R20220831_0246,2022-08-31,Horse_0832,Horse_0832,Jockey_028,7,牡,1600,芝,良,4,54.9,394.6,13.6,181.0,0.0,5.5,0.5,1.0,0.5,0.267,7
R20220831_0246,2022-08-31,Horse_0033,Horse_0033,Jockey_078,2,牝,1600,芝,良,1,52.4,458.8,,,0.0,,,,,0.184,2
R20220903_0247,2022-09-03,Horse_0725,Horse_0725,Jockey_078,8,牡,1800,ダート,良,8,53.2,479.0,-2.8,21.0,1.0,6.0,0.0,,,0.205,7
R20220903_0247,2022-09-03,Horse_0278,Horse_0278,Jockey_030,5,せん,1800,ダート,良,2,55.0,455.7,-4.2,152.0,1.0,10.667,0.333,0.0,0.0,0.125,10
R20220903_0247,2022-09-03,Horse_0509,Horse_0509,Jockey_018,3,牝,1800,ダート,良,10,53.2,496.9,1.5,147.0,2.0,3.333,0.5,,0.5,0.406,2
R20220903_0247,2022-09-03,Horse_0124,Horse_0124,Jockey_009,7,牡,1800,ダート,良,15,52.4,458.9,6.6,65.0,1.0,7.0,0.0,,,0.343,6
R20220903_0247,2022-09-03,Horse_0502,Horse_0502,Jockey_014,6,牝,1800,ダート,良,12,53.5,504.7,10.4,550.0,0.0,13.667,0.0,,0.0,0.15,15
R20220903_0247,2022-09-03,Horse_0655,Horse_0655,Jockey_067,6,牡,1800,ダート,良,5,54.6,519.3,7.0,10.0,1.0,2.0,1.0,,1.0,0.26,4
R20220903_0247,2022-09-03,Horse_0755,Horse_0755,Jockey_075,6,牝,1800,ダート,良,11,53.7,479.8,-12.1,401.0,0.0,7.0,0.5,,,0.326,11
R20220903_0247,2022-09-03,Horse_0587,Horse_0587,Jockey_074,2,牡,1800,ダート,良,7,57.7,518.5,13.1,59.0,1.0,7.5,0.0,0.0,0.0,0.324,5
R20220903_0247,2022-09-03,Horse_0831,Horse_0831,Jockey_061,2,牝,1800,ダート,良,3,51.4,476.0,2.3,61.0,2.0,1.0,1.0,,,0.333,3
R20220903_0247,2022-09-03,Horse_0879,Horse_0879,Jockey_043,8,牡,1800,ダート,良,4,57.3,478.4,1.9,135.0,1.0,9.0,0.2,,0.25,0.133,9
R20220903_0247,2022-09-03,Horse_0404,Horse_0404,Jockey_071,3,牡,1800,ダート,良,6,57.1,452.7,12.1,44.0,1.0,2.0,0.667,0.0,0.5,0.257,1
R20220903_0247,2022-09-03,Horse_0673,Horse_0673,Jockey_036,4,牡,1800,ダート,良,16,52.9,494.4,-0.3,495.0,0.0,3.0,1.0,,,0.35,8
R20220903_0247,2022-09-03,Horse_0144,Horse_0144,Jockey_070,3,牡,1800,ダート,良,9,55.3,475.7,17.1,358.0,0.0,12.333,0.0,0.0,0.0,0.209,14
R20220903_0247,2022-09-03,Horse_0898,Horse_0898,Jockey_007,4,牝,1800,ダート,良,1,54.5,495.7,16.1,381.0,0.0,10.0,0.0,,0.0,0.184,16
R20220903_0247,2022-09-03,Horse_0368,Horse_0368,Jockey_073,6,牝,1800,ダート,良,13,53.1,426.7,-1.5,90.0,1.0,11.667,0.0,,0.0,0.222,12
R20220903_0247,2022-09-03,Horse_0726,Horse_0726,Jockey_048,6,牡,1800,ダート,良,14,52.9,526.8,0.6,435.0,0.0,10.0,0.0,,,0.189,13
R20220905_0248,2022-09-05,Horse_0056,Horse_0056,Jockey_005,6,牝,1600,芝,重,8,55.2,476.5,-12.4,280.0,0.0,7.5,0.0,,0.0,0.512,1
R20220905_0248,2022-09-05,Horse_0199,Horse_0199,Jockey_008,2,牡,1600,芝,重,6,54.2,542.7,3.2,195.0,0.0,11.0,0.0,,,0.154,6
R20220905_0248,2022-09-05,Horse_0202,Horse_0202,Jockey_017,6,牝,1600,芝,重,7,54.9,519.9,-6.2,383.0,0.0,7.667,0.0,0.0,0.0,0.375,8
R20220905_0248,2022-09-05,Horse_0336,Horse_0336,Jockey_070,6,せん,1600,芝,重,1,54.2,472.8,18.6,75.0,1.0,7.333,0.0,0.0,0.0,0.205,2
R20220905_0248,2022-09-05,Horse_0121,Horse_0121,Jockey_016,2,牝,1600,芝,重,3,55.0,414.6,3.7,46.0,3.0,6.0,0.0,0.0,0.0,0.31,4
R20220905_0248,2022-09-05,Horse_0869,Horse_0869,Jockey_053,5,牝,1600,芝,重,2,54.4,460.8,2.9,387.0,0.0,9.0,0.0,0.0,0.0,0.116,7
R20220905_0248,2022-09-05,Horse_0691,Horse_0691,Jockey_079,2,牝,1600,芝,重,5,55.6,444.9,-11.2,106.0,1.0,6.0,0.0,,0.0,0.171,5
R20220905_0248,2022-09-05,Horse_0130,Horse_0130,Jockey_042,3,牡,1600,芝,重,4,56.1,485.6,1.4,149.0,1.0,6.667,0.333,,0.0,0.311,3
R20220908_0249,2022-09-08,Horse_0674,Horse_0674,Jockey_014,4,牝,1800,芝,不良,1,55.8,449.6,2.4,65.0,1.0,6.667,0.25,,0.5,0.146,4
R20220908_0249,2022-09-08,Horse_0801,Horse_0801,Jockey_049,7,牝,1800,芝,不良,2,54.6,489.7,9.9,29.0,2.0,9.333,0.4,0.333,0.667,0.268,5
R20220908_0249,2022-09-08,Horse_0737,Horse_0737,Jockey_054,8,牝,1800,芝,不良,3,53.3,432.5,-7.4,112.0,1.0,10.333,0.0,0.0,0.0,0.2,7
R20220908_0249,2022-09-08,Horse_0276,Horse_0276,Jockey_008,6,牝,1800,芝,不良,4,54.1,518.5,-9.1,144.0,2.0,4.667,0.6,,0.5,0.148,1
R20220908_0249,2022-09-08,Horse_0499,Horse_0499,Jockey_016,3,牝,1800,芝,不良,5,55.5,494.7,10.3,481.0,0.0,12.0,0.0,,0.0,0.3,8
R20220908_0249,2022-09-08,Horse_0154,Horse_0154,Jockey_058,6,牝,1800,芝,不良,6,53.5,451.6,0.8,24.0,2.0,7.667,0.2,,0.25,0.28,2
R20220908_0249,2022-09-08,Horse_0442,Horse_0442,Jockey_006,3,牝,1800,芝,不良,9,54.7,501.6,-5.7,208.0,0.0,6.667,0.0,,0.0,0.314,9
R20220908_0249,2022-09-08,Horse_0298,Horse_0298,Jockey_050,4,牡,1800,芝,不良,7,56.9,522.5,-1.1,126.0,2.0,7.5,0.0,,0.0,0.27,6
R20220908_0249,2022-09-08,Horse_0254,Horse_0254,Jockey_028,7,牝,1800,芝,不良,8,54.0,424.4,-5.0,74.0,2.0,5.667,0.2,,0.0,0.258,3
R20220912_0250,2022-09-12,Horse_0876,Horse_0876,Jockey_026,7,牡,1800,ダート,良,9,56.0,499.0,14.2,59.0,2.0,7.333,0.0,,0.0,0.262,4
R20220912_0250,2022-09-12,Horse_0324,Horse_0324,Jockey_013,2,牝,1800,ダート,良,13,55.0,501.8,1.1,179.0,1.0,5.0,0.0,,,0.114,12
R20220912_0250,2022-09-12,Horse_0487,Horse_0487,Jockey_022,8,牝,1800,ダート,良,1,53.8,526.5,6.5,594.0,0.0,1.0,1.0,,,0.186,14
R20220912_0250,2022-09-12,Horse_0257,Horse_0257,Jockey_058,3,せん,1800,ダート,良,4,53.0,455.8,8.6,82.0,1.0,9.333,0.0,,0.0,0.3,6
R20220912_0250,2022-09-12,Horse_0382,Horse_0382,Jockey_018,8,牡,1800,ダート,良,5,54.8,474.3,0.5,105.0,2.0,10.0,0.0,,0.0,0.424,3
R20220912_0250,2022-09-12,Horse_0110,Horse_0110,Jockey_048,4,牡,1800,ダート,良,7,57.0,497.6,27.8,62.0,2.0,5.0,0.25,,0.0,0.184,1
R20220912_0250,2022-09-12,Horse_0401,Horse_0401,Jockey_010,3,牝,1800,ダート,良,10,55.3,472.9,6.4,132.0,2.0,8.0,0.25,0.0,0.0,0.279,9
R20220912_0250,2022-09-12,Horse_0323,Horse_0323,Jockey_011,5,牝,1800,ダート,良,8,56.5,494.2,7.4,33.0,1.0,4.667,0.333,0.0,0.0,0.094,2
R20220912_0250,2022-09-12,Horse_0116,Horse_0116,Jockey_016,6,牝,1800,ダート,良,12,54.3,492.3,8.2,40.0,2.0,7.667,0.2,,0.5,0.29,10
R20220912_0250,2022-09-12,Horse_0601,Horse_0601,Jockey_002,7,牡,1800,ダート,良,11,53.3,473.5,-8.0,52.0,2.0,8.0,0.0,0.0,0.0,0.395,5
R20220912_0250,2022-09-12,Horse_0713,Horse_0713,Jockey_003,5,牡,1800,ダート,良,6,54.3,482.8,7.5,33.0,1.0,6.333,0.0,0.0,0.0,0.278,8
R20220912_0250,2022-09-12,Horse_0193,Horse_0193,Jockey_067,2,牝,1800,ダート,良,14,52.8,486.7,1.5,62.0,2.0,7.5,0.0,,0.0,0.26,7
R20220912_0250,2022-09-12,Horse_0778,Horse_0778,Jockey_053,4,牝,1800,ダート,良,2,54.2,456.6,-6.3,208.0,0.0,8.667,0.0,,0.0,0.114,11
R20220912_0250,2022-09-12,Horse_0181,Horse_0181,Jockey_079,6,牝,1800,ダート,良,3,54.2,458.5,-10.4,144.0,1.0,9.333,0.0,0.0,0.0,0.167,13
R20220915_0251,2022-09-15,Horse_0658,Horse_0658,Jockey_051,8,せん,1800,ダート,良,7,53.3,497.3,0.2,25.0,4.0,6.0,0.0,0.0,0.0,0.235,4
R20220915_0251,2022-09-15,Horse_0688,Horse_0688,Jockey_038,2,牡,1800,ダート,良,9,53.9,513.8,-3.5,55.0,1.0,9.0,0.0,0.0,0.0,0.238,6
R20220915_0251,2022-09-15,Horse_0619,Horse_0619,Jockey_055,6,牡,1800,ダート,良,2,54.0,506.6,-7.4,270.0,0.0,10.333,0.0,,0.0,0.2,8
R20220915_0251,2022-09-15,Horse_0256,Horse_0256,Jockey_040,6,牝,1800,ダート,良,1,55.6,507.5,5.2,33.0,2.0,5.667,0.75,,0.5,0.405,3
R20220915_0251,2022-09-15,Horse_0142,Horse_0142,Jockey_039,3,牡,1800,ダート,良,10,53.4,428.1,3.0,25.0,2.0,8.667,0.25,0.0,0.0,0.25,7
R20220915_0251,2022-09-15,Horse_0343,Horse_0343,Jockey_068,6,牡,1800,ダート,良,5,55.1,462.3,1.2,76.0,1.0,2.333,0.6,,0.5,0.306,1
R20220915_0251,2022-09-15,Horse_0192,Horse_0192,Jockey_071,7,牝,1800,ダート,良,6,53.0,498.4,3.0,33.0,3.0,2.333,0.6,,0.0,0.278,2
R20220915_0251,2022-09-15,Horse_0686,Horse_0686,Jockey_048,8,牡,1800,ダート,良,8,54.6,429.9,-8.3,151.0,1.0,10.0,0.2,0.0,0.0,0.205,10
R20220915_0251,2022-09-15,Horse_0055,Horse_0055,Jockey_007,5,せん,1800,ダート,良,3,55.1,484.2,0.5,201.0,0.0,2.0,0.8,1.0,0.333,0.179,9
R20220915_0251,2022-09-15,Horse_0900,Horse_0900,Jockey_008,4,牝,1800,ダート,良,11,58.7,407.1,4.2,562.0,0.0,3.0,1.0,,1.0,0.179,11
R20220915_0251,2022-09-15,Horse_0458,Horse_0458,Jockey_078,3,牡,1800,ダート,良,4,55.8,481.2,0.4,263.0,0.0,6.667,0.0,0.0,0.0,0.2,5
R20220919_0252,2022-09-19,Horse_0608,Horse_0608,Jockey_017,8,牝,1200,芝,重,6,57.1,414.2,10.0,47.0,2.0,7.0,0.4,0.0,0.333,0.364,8
R20220919_0252,2022-09-19,Horse_0745,Horse_0745,Jockey_018,5,牝,1200,芝,重,4,54.9,449.8,-8.1,362.0,0.0,6.5,0.0,,,0.441,7
R20220919_0252,2022-09-19,Horse_0435,Horse_0435,Jockey_050,4,牝,1200,芝,重,2,54.7,469.9,-6.6,109.0,1.0,10.333,0.0,0.0,0.0,0.263,4
R20220919_0252,2022-09-19,Horse_0032,Horse_0032,Jockey_055,4,牝,1200,芝,重,7,55.8,525.9,-5.7,34.0,3.0,5.667,0.0,0.0,0.0,0.195,6
R20220919_0252,2022-09-19,Horse_0197,Horse_0197,Jockey_064,4,牡,1200,芝,重,8,55.6,484.7,2.5,80.0,1.0,5.0,0.25,,0.0,0.171,5
R20220919_0252,2022-09-19,Horse_0663,Horse_0663,Jockey_065,3,牝,1200,芝,重,3,55.0,469.5,-4.9,111.0,2.0,3.0,0.6,,0.5,0.28,3
R20220919_0252,2022-09-19,Horse_0386,Horse_0386,Jockey_040,2,牝,1200,芝,重,5,54.9,446.4,,,0.0,,,,,0.421,1
R20220919_0252,2022-09-19,Horse_0895,Horse_0895,Jockey_077,7,牝,1200,芝,重,1,54.2,499.4,-7.1,76.0,3.0,6.333,0.2,0.0,0.0,0.029,9
R20220919_0252,2022-09-19,Horse_0780,Horse_0780,Jockey_022,2,牝,1200,芝,重,9,55.5,442.8,8.1,29.0,1.0,2.0,1.0,,,0.182,2
R20220922_0253,2022-09-22,Horse_0852,Horse_0852,Jockey_008,8,牡,1400,芝,重,5,57.0,430.9,-12.9,37.0,3.0,8.667,0.0,0.0,0.0,0.172,7
R20220922_0253,2022-09-22,Horse_0101,Horse_0101,Jockey_002,8,牝,1400,芝,重,4,56.2,489.4,1.5,143.0,1.0,4.333,0.4,,0.25,0.385,1
R20220922_0253,2022-09-22,Horse_0597,Horse_0597,Jockey_044,4,牝,1400,芝,重,6,54.1,464.1,-2.9,62.0,1.0,10.333,0.0,,0.0,0.273,6
R20220922_0253,2022-09-22,Horse_0828,Horse_0828,Jockey_045,7,牡,1400,芝,重,7,54.5,504.4,-7.1,46.0,3.0,5.0,0.0,,0.0,0.324,4
R20220922_0253,2022-09-22,Horse_0709,Horse_0709,Jockey_031,8,牡,1400,芝,重,3,55.8,500.8,-15.0,132.0,1.0,3.0,1.0,1.0,1.0,0.27,5
R20220922_0253,2022-09-22,Horse_0154,Horse_0154,Jockey_072,6,牝,1400,芝,重,2,55.0,448.5,-3.1,14.0,3.0,5.333,0.4,0.0,0.4,0.333,8
R20220922_0253,2022-09-22,Horse_0819,Horse_0819,Jockey_078,8,牝,1400,芝,重,1,53.9,438.6,4.8,39.0,1.0,8.333,0.4,,0.6,0.195,3
R20220922_0253,2022-09-22,Horse_0198,Horse_0198,Jockey_035,4,牡,1400,芝,重,8,53.9,450.3,1.8,101.0,1.0,8.333,0.0,0.0,0.0,0.323,2
R20220924_0254,2022-09-24,Horse_0167,Horse_0167,Jockey_046,2,せん,1200,芝,重,16,56.8,464.1,-8.5,214.0,0.0,9.0,0.0,0.0,,0.167,3
R20220924_0254,2022-09-24,Horse_0848,Horse_0848,Jockey_042,4,牝,1200,芝,重,13,55.2,414.0,-4.1,65.0,1.0,10.667,0.0,0.0,0.0,0.326,5
R20220924_0254,2022-09-24,Horse_0236,Horse_0236,Jockey_053,4,牝,1200,芝,重,7,52.4,475.7,-14.0,80.0,1.0,6.333,0.0,0.0,0.0,0.111,14
R20220924_0254,2022-09-24,Horse_0682,Horse_0682,Jockey_058,8,牡,1200,芝,重,10,55.0,474.2,-2.7,446.0,0.0,8.5,0.0,,,0.28,11
R20220924_0254,2022-09-24,Horse_0407,Horse_0407,Jockey_026,6,牝,1200,芝,重,8,54.4,444.6,-2.8,326.0,0.0,7.0,0.333,,0.0,0.256,7
R20220924_0254,2022-09-24,Horse_0548,Horse_0548,Jockey_049,6,牡,1200,芝,重,9,51.1,477.4,12.0,107.0,1.0,5.333,0.0,0.0,0.0,0.262,9
R20220924_0254,2022-09-24,Horse_0477,Horse_0477,Jockey_052,6,牡,1200,芝,重,12,54.8,485.5,-12.1,80.0,2.0,6.0,0.0,,0.0,0.289,6
R20220924_0254,2022-09-24,Horse_0601,Horse_0601,Jockey_021,7,牡,1200,芝,重,2,55.6,471.7,-1.8,12.0,3.0,6.333,0.0,0.0,0.0,0.194,13
R20220924_0254,2022-09-24,Horse_0138,Horse_0138,Jockey_048,6,牡,1200,芝,重,1,55.0,465.7,-13.5,168.0,1.0,10.333,0.0,,0.0,0.2,12
R20220924_0254,2022-09-24,Horse_0638,Horse_0638,Jockey_045,5,せん,1200,芝,重,6,56.4,457.0,4.8,162.0,1.0,9.667,0.0,,0.0,0.316,8
R20220924_0254,2022-09-24,Horse_0235,Horse_0235,Jockey_075,5,せん,1200,芝,重,15,56.0,517.5,-2.8,34.0,4.0,3.667,0.2,0.0,0.0,0.319,2
R20220924_0254,2022-09-24,Horse_0164,Horse_0164,Jockey_064,4,牡,1200,芝,重,4,55.7,471.7,15.7,27.0,3.0,7.0,0.5,,0.0,0.167,10
R20220924_0254,2022-09-24,Horse_0774,Horse_0774,Jockey_005,8,牝,1200,芝,重,11,55.4,463.8,-8.5,276.0,0.0,4.0,0.75,0.0,1.0,0.524,4
R20220924_0254,2022-09-24,Horse_0897,Horse_0897,Jockey_051,6,牡,1200,芝,重,3,52.4,416.5,-3.0,64.0,1.0,12.333,0.0,,0.0,0.229,15
R20220924_0254,2022-09-24,Horse_0008,Horse_0008,Jockey_072,4,牝,1200,芝,重,14,54.8,456.9,6.2,65.0,1.0,8.0,0.2,,0.0,0.324,1
R20220924_0254,2022-09-24,Horse_0415,Horse_0415,Jockey_016,8,牡,1200,芝,重,5,55.0,493.0,-5.0,450.0,0.0,2.0,1.0,1.0,,0.281,16
R20220926_0255,2022-09-26,Horse_0531,Horse_0531,Jockey_057,5,牡,1600,ダート,良,9,54.4,488.4,-15.5,54.0,2.0,7.0,0.0,0.0,0.0,0.368,3
R20220926_0255,2022-09-26,Horse_0012,Horse_0012,Jockey_019,2,牡,1600,ダート,良,1,56.1,462.4,,,0.0,,,,,0.184,1
R20220926_0255,2022-09-26,Horse_0299,Horse_0299,Jockey_038,5,牡,1600,ダート,良,5,54.9,406.5,-0.1,270.0,0.0,12.5,0.0,,0.0,0.233,12
R20220926_0255,2022-09-26,Horse_0144,Horse_0144,Jockey_022,3,牡,1600,ダート,良,2,54.9,460.0,-15.7,23.0,1.0,11.667,0.0,0.0,0.0,0.2,9
R20220926_0255,2022-09-26,Horse_0592,Horse_0592,Jockey_069,3,牡,1600,ダート,良,10,58.7,516.5,-6.7,83.0,3.0,8.333,0.2,0.0,0.5,0.359,5
R20220926_0255,2022-09-26,Horse_0886,Horse_0886,Jockey_031,2,牝,1600,ダート,良,8,55.3,451.7,10.0,29.0,3.0,2.667,0.75,,0.0,0.263,2
R20220926_0255,2022-09-26,Horse_0150,Horse_0150,Jockey_029,3,牝,1600,ダート,良,4,55.4,389.3,-3.8,226.0,0.0,7.333,0.4,1.0,1.0,0.242,8
R20220926_0255,2022-09-26,Horse_0308,Horse_0308,Jockey_018,8,牡,1600,ダート,良,7,56.2,455.6,-6.3,41.0,1.0,4.0,0.0,,0.0,0.429,6
R20220926_0255,2022-09-26,Horse_0532,Horse_0532,Jockey_061,4,牝,1600,ダート,良,6,53.9,483.4,-5.1,380.0,0.0,3.667,0.25,0.0,0.0,0.349,13
R20220926_0255,2022-09-26,Horse_0868,Horse_0868,Jockey_068,6,牝,1600,ダート,良,13,55.4,465.1,4.2,39.0,2.0,6.333,0.0,0.0,0.0,0.32,7
R20220926_0255,2022-09-26,Horse_0708,Horse_0708,Jockey_009,6,牡,1600,ダート,良,12,55.2,471.5,0.4,156.0,1.0,3.333,0.6,,0.5,0.333,4
R20220926_0255,2022-09-26,Horse_0331,Horse_0331,Jockey_052,5,牝,1600,ダート,良,11,52.6,471.3,1.8,185.0,0.0,7.0,0.5,0.5,0.0,0.282,10
R20220926_0255,2022-09-26,Horse_0716,Horse_0716,Jockey_053,2,牝,1600,ダート,良,3,55.7,387.7,-1.6,253.0,0.0,2.0,1.0,,1.0,0.109,11
R20220927_0256,2022-09-27,Horse_0499,Horse_0499,Jockey_034,3,牝,1800,ダート,良,3,53.8,488.2,-6.5,19.0,1.0,10.0,0.0,0.0,,0.243,7
R20220927_0256,2022-09-27,Horse_0587,Horse_0587,Jockey_073,2,牡,1800,ダート,良,8,55.2,519.6,1.1,24.0,2.0,6.667,0.0,0.0,0.0,0.216,8
R20220927_0256,2022-09-27,Horse_0571,Horse_0571,Jockey_076,7,せん,1800,ダート,良,6,55.9,454.1,4.6,325.0,0.0,9.5,0.0,0.0,,0.278,10
R20220927_0256,2022-09-27,Horse_0874,Horse_0874,Jockey_077,4,牝,1800,ダート,良,1,55.1,517.9,7.8,223.0,0.0,9.667,0.0,0.0,0.0,0.029,9
R20220927_0256,2022-09-27,Horse_0843,Horse_0843,Jockey_049,5,牝,1800,ダート,良,9,53.6,464.6,-4.5,267.0,0.0,7.333,0.0,,0.0,0.256,6
R20220927_0256,2022-09-27,Horse_0089,Horse_0089,Jockey_051,6,牡,1800,ダート,良,7,54.0,476.3,6.0,43.0,2.0,8.0,0.0,,0.0,0.222,5
R20220927_0256,2022-09-27,Horse_0171,Horse_0171,Jockey_056,3,牡,1800,ダート,良,2,55.0,437.6,11.7,51.0,1.0,10.0,0.0,,0.0,0.364,2
R20220927_0256,2022-09-27,Horse_0165,Horse_0165,Jockey_032,8,牡,1800,ダート,良,5,54.5,468.8,-10.0,367.0,0.0,10.333,0.0,0.0,0.0,0.241,11
R20220927_0256,2022-09-27,Horse_0202,Horse_0202,Jockey_016,6,牝,1800,ダート,良,11,53.1,533.5,13.6,22.0,1.0,8.0,0.0,,0.0,0.273,1
R20220927_0256,2022-09-27,Horse_0769,Horse_0769,Jockey_057,7,牡,1800,ダート,良,4,52.6,472.2,13.0,393.0,0.0,6.667,0.2,0.0,0.0,0.385,3
R20220927_0256,2022-09-27,Horse_0578,Horse_0578,Jockey_033,2,牡,1800,ダート,良,10,53.3,513.4,-2.9,267.0,0.0,2.0,1.0,,1.0,0.333,4
R20220929_0257,2022-09-29,Horse_0812,Horse_0812,Jockey_015,6,牡,1400,芝,稍重,5,52.4,507.2,-5.9,57.0,1.0,7.333,0.0,0.0,0.0,0.062,5
R20220929_0257,2022-09-29,Horse_0671,Horse_0671,Jockey_061,6,牡,1400,芝,稍重,8,54.6,497.1,6.9,421.0,0.0,3.0,0.6,0.5,0.5,0.341,6
R20220929_0257,2022-09-29,Horse_0463,Horse_0463,Jockey_030,6,牡,1400,芝,稍重,7,54.0,502.1,-14.9,481.0,0.0,10.0,0.0,,0.0,0.121,13
R20220929_0257,2022-09-29,Horse_0541,Horse_0541,Jockey_062,6,牝,1400,芝,稍重,2,54.0,439.1,12.5,70.0,1.0,8.333,0.2,,0.0,0.189,7
R20220929_0257,2022-09-29,Horse_0569,Horse_0569,Jockey_075,5,牡,1400,芝,稍重,3,56.0,505.8,7.7,95.0,2.0,7.333,0.333,0.0,0.0,0.333,4
R20220929_0257,2022-09-29,Horse_0298,Horse_0298,Jockey_039,4,牡,1400,芝,稍重,9,55.4,520.2,-2.3,21.0,2.0,7.0,0.0,,0.0,0.244,3
R20220929_0257,2022-09-29,Horse_0561,Horse_0561,Jockey_060,7,牝,1400,芝,稍重,13,53.9,473.8,-0.1,53.0,2.0,9.667,0.0,,0.0,0.088,9
R20220929_0257,2022-09-29,Horse_0881,Horse_0881,Jockey_002,6,牡,1400,芝,稍重,11,52.3,491.9,-9.0,539.0,0.0,10.0,0.0,,0.0,0.4,11
R20220929_0257,2022-09-29,Horse_0344,Horse_0344,Jockey_008,3,牡,1400,芝,稍重,6,54.7,480.1,-12.7,171.0,1.0,7.667,0.0,,0.0,0.167,8
R20220929_0257,2022-09-29,Horse_0338,Horse_0338,Jockey_014,8,牡,1400,芝,稍重,12,56.3,439.9,-7.1,243.0,0.0,6.667,0.25,0.0,0.0,0.143,10
R20220929_0257,2022-09-29,Horse_0647,Horse_0647,Jockey_042,3,牡,1400,芝,稍重,4,53.7,449.9,0.4,72.0,1.0,3.0,0.6,1.0,0.333,0.319,2
R20220929_0257,2022-09-29,Horse_0835,Horse_0835,Jockey_066,7,せん,1400,芝,稍重,10,56.9,470.2,-5.4,42.0,1.0,4.0,0.5,,0.667,0.278,1
R20220929_0257,2022-09-29,Horse_0844,Horse_0844,Jockey_044,3,牡,1400,芝,稍重,1,54.1,552.8,-11.0,396.0,0.0,12.0,0.0,,,0.265,12
R20220930_0258,2022-09-30,Horse_0496,Horse_0496,Jockey_069,6,牡,1400,ダート,良,5,53.2,431.5,-11.7,48.0,3.0,10.667,0.2,0.0,0.5,0.35,5
R20220930_0258,2022-09-30,Horse_0166,Horse_0166,Jockey_013,4,せん,1400,ダート,良,6,56.9,489.9,5.2,77.0,2.0,12.0,0.0,0.0,,0.111,8
R20220930_0258,2022-09-30,Horse_0551,Horse_0551,Jockey_010,3,牡,1400,ダート,良,2,54.9,480.9,9.2,71.0,3.0,8.667,0.25,0.0,0.0,0.273,3
R20220930_0258,2022-09-30,Horse_0535,Horse_0535,Jockey_015,5,せん,1400,ダート,良,7,56.6,512.6,16.2,285.0,0.0,5.667,0.0,0.0,0.0,0.061,6
R20220930_0258,2022-09-30,Horse_0454,Horse_0454,Jockey_018,5,牡,1400,ダート,良,3,54.0,460.2,-9.4,249.0,0.0,7.0,0.0,0.0,0.0,0.417,4
R20220930_0258,2022-09-30,Horse_0091,Horse_0091,Jockey_033,3,牡,1400,ダート,良,8,54.5,466.3,-2.7,45.0,1.0,6.667,0.2,0.0,0.5,0.321,1
R20220930_0258,2022-09-30,Horse_0369,Horse_0369,Jockey_075,8,牡,1400,ダート,良,1,52.8,460.5,-2.6,489.0,0.0,8.0,0.0,,0.0,0.327,7
R20220930_0258,2022-09-30,Horse_0137,Horse_0137,Jockey_052,6,牡,1400,ダート,良,4,56.9,437.0,-4.4,88.0,2.0,8.0,0.0,0.0,0.0,0.275,2
R20221003_0259,2022-10-03,Horse_0516,Horse_0516,Jockey_028,5,牡,2000,芝,良,2,56.4,475.9,-12.6,88.0,2.0,4.333,0.4,1.0,0.333,0.281,2
R20221003_0259,2022-10-03,Horse_0784,Horse_0784,Jockey_061,6,牝,2000,芝,良,8,53.7,400.6,-4.0,175.0,1.0,5.333,0.0,0.0,0.0,0.333,6
R20221003_0259,2022-10-03,Horse_0170,Horse_0170,Jockey_026,2,牡,2000,芝,良,1,54.2,517.9,8.6,165.0,2.0,5.667,0.333,0.0,0.0,0.25,5
R20221003_0259,2022-10-03,Horse_0386,Horse_0386,Jockey_063,2,牝,2000,芝,良,6,56.1,442.4,-4.0,14.0,1.0,1.0,1.0,,1.0,0.162,3
R20221003_0259,2022-10-03,Horse_0123,Horse_0123,Jockey_005,6,牝,2000,芝,良,3,53.9,538.6,-1.5,192.0,0.0,2.0,0.5,0.0,0.5,0.512,1
R20221003_0259,2022-10-03,Horse_0259,Horse_0259,Jockey_020,7,せん,2000,芝,良,5,57.2,479.4,-13.4,478.0,0.0,8.0,0.0,0.0,0.0,0.281,7
R20221003_0259,2022-10-03,Horse_0358,Horse_0358,Jockey_001,5,牝,2000,芝,良,9,55.8,469.4,-4.6,237.0,0.0,13.333,0.0,,0.0,0.229,9
R20221003_0259,2022-10-03,Horse_0768,Horse_0768,Jockey_058,6,牝,2000,芝,良,7,52.4,440.2,-4.4,182.0,0.0,6.667,0.0,,0.0,0.28,4
R20221003_0259,2022-10-03,Horse_0852,Horse_0852,Jockey_014,8,牡,2000,芝,良,4,54.9,429.1,-1.8,11.0,4.0,7.0,0.0,0.0,0.0,0.14,8
R20221005_0260,2022-10-05,Horse_0235,Horse_0235,Jockey_028,5,せん,1200,ダート,良,11,55.4,520.8,3.3,11.0,5.0,3.0,0.4,0.5,0.333,0.303,7
R20221005_0260,2022-10-05,Horse_0013,Horse_0013,Jockey_072,3,牡,1200,ダート,良,12,55.7,429.5,-11.2,153.0,1.0,9.0,0.0,0.0,,0.342,14
R20221005_0260,2022-10-05,Horse_0799,Horse_0799,Jockey_080,2,牝,1200,ダート,良,13,55.3,505.5,10.4,97.0,1.0,9.0,0.0,,,0.256,13
R20221005_0260,2022-10-05,Horse_0017,Horse_0017,Jockey_061,7,牝,1200,ダート,良,6,55.8,482.1,-17.9,38.0,1.0,8.0,0.0,0.0,0.0,0.326,3
R20221005_0260,2022-10-05,Horse_0668,Horse_0668,Jockey_052,7,せん,1200,ダート,良,9,53.8,473.2,11.0,245.0,0.0,11.333,0.2,0.5,0.0,0.293,12
R20221005_0260,2022-10-05,Horse_0787,Horse_0787,Jockey_029,2,牡,1200,ダート,良,5,53.4,463.4,-1.5,35.0,2.0,6.667,0.333,0.0,0.0,0.235,6
R20221005_0260,2022-10-05,Horse_0080,Horse_0080,Jockey_051,5,牡,1200,ダート,良,2,53.3,461.9,-2.4,50.0,2.0,11.333,0.0,,0.0,0.216,8
R20221005_0260,2022-10-05,Horse_0762,Horse_0762,Jockey_041,6,せん,1200,ダート,良,14,53.1,489.2,12.8,118.0,1.0,3.667,0.6,,0.5,0.263,1
R20221005_0260,2022-10-05,Horse_0441,Horse_0441,Jockey_024,4,牝,1200,ダート,良,10,55.7,461.9,-3.8,225.0,0.0,8.333,0.0,0.0,0.0,0.171,4
R20221005_0260,2022-10-05,Horse_0027,Horse_0027,Jockey_054,6,牝,1200,ダート,良,8,56.3,459.0,-0.5,71.0,1.0,9.667,0.0,,0.0,0.194,2
R20221005_0260,2022-10-05,Horse_0619,Horse_0619,Jockey_014,6,牡,1200,ダート,良,4,53.7,505.3,-1.3,20.0,1.0,10.333,0.0,0.0,0.0,0.136,11
R20221005_0260,2022-10-05,Horse_0745,Horse_0745,Jockey_045,5,牝,1200,ダート,良,3,55.0,449.9,0.1,16.0,1.0,6.667,0.0,0.0,0.0,0.308,5
R20221005_0260,2022-10-05,Horse_0747,Horse_0747,Jockey_026,6,牝,1200,ダート,良,7,54.0,479.1,-4.6,69.0,1.0,9.667,0.0,,0.0,0.244,10
R20221005_0260,2022-10-05,Horse_0545,Horse_0545,Jockey_057,6,牡,1200,ダート,良,1,56.3,467.1,-19.6,150.0,1.0,8.0,0.0,0.0,,0.4,9
R20221008_0261,2022-10-08,Horse_0568,Horse_0568,Jockey_034,6,牝,1600,ダート,良,1,55.2,511.6,0.1,397.0,0.0,8.667,0.0,,,0.237,13
R20221008_0261,2022-10-08,Horse_0239,Horse_0239,Jockey_045,5,牡,1600,ダート,良,10,54.0,471.2,1.2,128.0,2.0,12.667,0.0,0.0,0.0,0.3,10
R20221008_0261,2022-10-08,Horse_0175,Horse_0175,Jockey_024,2,せん,1600,ダート,良,13,54.8,507.6,,,0.0,,,,,0.167,6
R20221008_0261,2022-10-08,Horse_0811,Horse_0811,Jockey_038,3,牝,1600,ダート,良,6,55.2,467.3,10.0,130.0,1.0,6.0,0.0,0.0,0.0,0.227,11
R20221008_0261,2022-10-08,Horse_0197,Horse_0197,Jockey_005,4,牡,1600,ダート,良,8,54.4,495.0,10.3,19.0,2.0,4.667,0.2,,1.0,0.523,5
R20221008_0261,2022-10-08,Horse_0744,Horse_0744,Jockey_052,4,牝,1600,ダート,良,2,54.8,484.1,,,0.0,,,,,0.286,4
R20221008_0261,2022-10-08,Horse_0367,Horse_0367,Jockey_017,6,牡,1600,ダート,良,12,53.8,468.7,2.3,85.0,1.0,3.333,0.6,0.0,,0.353,3
R20221008_0261,2022-10-08,Horse_0786,Horse_0786,Jockey_037,6,牝,1600,ダート,良,3,53.8,453.4,4.2,94.0,1.0,5.0,0.333,,0.333,0.19,8
R20221008_0261,2022-10-08,Horse_0083,Horse_0083,Jockey_043,4,牡,1600,ダート,良,5,52.3,466.4,-0.7,70.0,1.0,9.667,0.0,0.0,0.0,0.129,9
R20221008_0261,2022-10-08,Horse_0826,Horse_0826,Jockey_029,7,牝,1600,ダート,良,9,53.6,465.6,19.2,401.0,0.0,4.667,0.5,1.0,0.5,0.229,12
R20221008_0261,2022-10-08,Horse_0301,Horse_0301,Jockey_059,7,牡,1600,ダート,良,7,54.0,479.0,-1.7,148.0,1.0,9.667,0.0,,0.0,0.417,2
R20221008_0261,2022-10-08,Horse_0631,Horse_0631,Jockey_062,6,牝,1600,ダート,良,11,54.6,451.1,2.0,88.0,1.0,8.333,0.0,0.0,0.0,0.184,7
R20221008_0261,2022-10-08,Horse_0255,Horse_0255,Jockey_021,2,牝,1600,ダート,良,4,52.4,513.7,,,0.0,,,,,0.189,1
R20221012_0262,2022-10-12,Horse_0670,Horse_0670,Jockey_001,2,牝,1400,ダート,良,6,54.8,441.9,2.7,271.0,0.0,1.0,1.0,1.0,,0.222,8
R20221012_0262,2022-10-12,Horse_0404,Horse_0404,Jockey_011,3,牡,1400,ダート,良,3,55.5,451.9,-0.8,39.0,2.0,1.0,0.75,,0.667,0.121,2
R20221012_0262,2022-10-12,Horse_0316,Horse_0316,Jockey_044,8,牡,1400,ダート,良,2,57.0,490.2,-2.6,112.0,1.0,2.333,0.8,0.0,0.5,0.257,1
R20221012_0262,2022-10-12,Horse_0276,Horse_0276,Jockey_060,6,牝,1400,ダート,良,10,56.4,516.0,-2.5,34.0,2.0,2.333,0.6,0.0,1.0,0.086,9
R20221012_0262,2022-10-12,Horse_0573,Horse_0573,Jockey_019,6,牡,1400,ダート,良,5,54.4,474.4,-7.8,108.0,1.0,6.333,0.5,,1.0,0.205,11
R20221012_0262,2022-10-12,Horse_0630,Horse_0630,Jockey_030,4,牡,1400,ダート,良,7,55.4,432.1,3.9,49.0,1.0,5.0,0.2,,0.0,0.118,5
R20221012_0262,2022-10-12,Horse_0392,Horse_0392,Jockey_008,4,牡,1400,ダート,良,11,54.4,425.2,8.0,152.0,2.0,5.0,0.333,0.0,,0.161,10
R20221012_0262,2022-10-12,Horse_0650,Horse_0650,Jockey_005,6,牡,1400,ダート,良,1,56.6,432.8,-1.8,45.0,1.0,5.333,0.4,0.5,0.25,0.511,4
R20221012_0262,2022-10-12,Horse_0153,Horse_0153,Jockey_063,3,牝,1400,ダート,良,4,54.1,421.2,11.5,191.0,0.0,7.667,0.0,0.0,0.0,0.184,6
R20221012_0262,2022-10-12,Horse_0423,Horse_0423,Jockey_078,5,牝,1400,ダート,良,8,53.2,415.7,-12.9,82.0,2.0,2.667,0.667,1.0,0.0,0.214,3
R20221012_0262,2022-10-12,Horse_0531,Horse_0531,Jockey_052,5,牡,1400,ダート,良,9,54.4,491.0,2.6,16.0,3.0,5.333,0.2,0.0,0.25,0.279,7
R20221015_0263,2022-10-15,Horse_0158,Horse_0158,Jockey_019,7,牡,1400,芝,不良,1,56.5,467.0,-9.3,124.0,1.0,5.667,0.4,0.0,0.667,0.2,8
R20221015_0263,2022-10-15,Horse_0550,Horse_0550,Jockey_003,6,せん,1400,芝,不良,4,55.0,456.5,-9.3,465.0,0.0,10.667,0.0,,0.0,0.27,11
R20221015_0263,2022-10-15,Horse_0764,Horse_0764,Jockey_042,4,牝,1400,芝,不良,6,53.3,440.9,7.1,226.0,0.0,8.667,0.25,0.0,0.333,0.333,10
R20221015_0263,2022-10-15,Horse_0164,Horse_0164,Jockey_078,4,牡,1400,芝,不良,8,52.2,465.8,-5.9,21.0,4.0,6.667,0.4,,0.0,0.233,3
R20221015_0263,2022-10-15,Horse_0728,Horse_0728,Jockey_011,2,牡,1400,芝,不良,2,54.3,493.9,-0.2,228.0,0.0,1.0,1.0,,1.0,0.147,9
R20221015_0263,2022-10-15,Horse_0498,Horse_0498,Jockey_056,3,牝,1400,芝,不良,10,55.1,457.6,9.7,61.0,3.0,4.333,0.6,0.0,0.0,0.382,7
R20221015_0263,2022-10-15,Horse_0752,Horse_0752,Jockey_057,3,牡,1400,芝,不良,5,54.6,481.0,-0.2,77.0,1.0,3.333,0.667,,1.0,0.39,6
R20221015_0263,2022-10-15,Horse_0237,Horse_0237,Jockey_073,6,牝,1400,芝,不良,9,53.5,427.0,4.8,158.0,1.0,1.667,1.0,1.0,1.0,0.211,2
R20221015_0263,2022-10-15,Horse_0407,Horse_0407,Jockey_040,6,牝,1400,芝,不良,11,52.1,446.0,1.4,21.0,1.0,7.667,0.25,0.0,0.0,0.436,4
R20221015_0263,2022-10-15,Horse_0235,Horse_0235,Jockey_049,5,せん,1400,芝,不良,7,52.7,513.3,-7.5,10.0,6.0,4.333,0.4,0.0,0.167,0.25,1
R20221015_0263,2022-10-15,Horse_0867,Horse_0867,Jockey_035,6,牡,1400,芝,不良,3,54.7,437.2,7.1,174.0,1.0,8.0,0.25,,,0.344,5
R20221017_0264,2022-10-17,Horse_0884,Horse_0884,Jockey_022,4,牝,1400,ダート,良,15,54.4,489.7,,,0.0,,,,,0.196,1
R20221017_0264,2022-10-17,Horse_0484,Horse_0484,Jockey_053,7,牡,1400,ダート,良,6,54.8,441.6,-3.7,60.0,2.0,1.667,1.0,,1.0,0.106,3
R20221017_0264,2022-10-17,Horse_0463,Horse_0463,Jockey_054,6,牡,1400,ダート,良,2,57.1,513.0,10.9,18.0,1.0,11.0,0.0,0.0,0.0,0.216,9
R20221017_0264,2022-10-17,Horse_0186,Horse_0186,Jockey_038,6,せん,1400,ダート,良,12,56.2,430.9,-6.8,148.0,1.0,4.667,0.333,,0.0,0.222,15
R20221017_0264,2022-10-17,Horse_0133,Horse_0133,Jockey_021,3,牡,1400,ダート,良,10,54.0,463.4,5.5,90.0,1.0,7.0,0.5,,1.0,0.211,12
R20221017_0264,2022-10-17,Horse_0259,Horse_0259,Jockey_011,7,せん,1400,ダート,良,14,54.8,488.9,9.5,14.0,1.0,8.0,0.0,,0.0,0.143,2
R20221017_0264,2022-10-17,Horse_0779,Horse_0779,Jockey_007,8,牡,1400,ダート,良,1,57.2,475.3,-15.7,94.0,1.0,3.0,0.75,1.0,1.0,0.175,5
R20221017_0264,2022-10-17,Horse_0846,Horse_0846,Jockey_063,3,牝,1400,ダート,良,3,55.3,455.1,-1.0,50.0,2.0,3.667,0.4,0.333,0.0,0.179,8
R20221017_0264,2022-10-17,Horse_0649,Horse_0649,Jockey_055,5,牝,1400,ダート,良,4,55.0,495.1,0.7,160.0,1.0,7.0,0.2,0.0,0.0,0.19,11
R20221017_0264,2022-10-17,Horse_0852,Horse_0852,Jockey_024,8,牡,1400,ダート,良,13,54.4,433.2,4.1,14.0,5.0,8.0,0.0,0.0,0.0,0.162,6
R20221017_0264,2022-10-17,Horse_0113,Horse_0113,Jockey_075,8,せん,1400,ダート,良,8,55.8,446.1,8.7,90.0,1.0,7.667,0.333,,0.0,0.32,7
R20221017_0264,2022-10-17,Horse_0479,Horse_0479,Jockey_013,8,牡,1400,ダート,良,9,54.2,467.8,-1.7,228.0,0.0,11.667,0.0,0.0,0.0,0.109,14
R20221017_0264,2022-10-17,Horse_0632,Horse_0632,Jockey_036,5,牝,1400,ダート,良,5,53.6,461.1,8.2,438.0,0.0,5.333,0.333,1.0,0.0,0.341,13
R20221017_0264,2022-10-17,Horse_0495,Horse_0495,Jockey_029,8,牡,1400,ダート,良,16,55.3,416.8,,,0.0,,,,,0.222,4
R20221017_0264,2022-10-17,Horse_0281,Horse_0281,Jockey_015,3,せん,1400,ダート,良,7,53.5,468.6,3.7,160.0,2.0,7.0,0.0,,0.0,0.059,16
R20221017_0264,2022-10-17,Horse_0890,Horse_0890,Jockey_057,3,牡,1400,ダート,良,11,55.8,491.1,-3.9,251.0,0.0,6.667,0.2,,0.333,0.381,10
R20221020_0265,2022-10-20,Horse_0877,Horse_0877,Jockey_023,5,牡,1800,ダート,稍重,3,56.7,428.7,-8.2,211.0,0.0,2.0,0.4,0.0,0.5,0.033,8
R20221020_0265,2022-10-20,Horse_0028,Horse_0028,Jockey_080,6,牡,1800,ダート,稍重,15,53.3,436.4,4.0,116.0,1.0,14.667,0.0,0.0,0.0,0.25,12
R20221020_0265,2022-10-20,Horse_0127,Horse_0127,Jockey_058,5,牝,1800,ダート,稍重,10,52.7,447.8,6.5,186.0,0.0,8.333,0.0,,0.0,0.28,5
R20221020_0265,2022-10-20,Horse_0372,Horse_0372,Jockey_024,3,牝,1800,ダート,稍重,2,55.8,436.3,6.0,147.0,1.0,7.333,0.0,,0.0,0.158,7
R20221020_0265,2022-10-20,Horse_0871,Horse_0871,Jockey_074,4,牝,1800,ダート,稍重,8,53.2,495.3,-4.8,325.0,0.0,12.0,0.0,,,0.314,15
R20221020_0265,2022-10-20,Horse_0089,Horse_0089,Jockey_013,6,牡,1800,ダート,稍重,11,55.0,475.2,-1.1,23.0,3.0,7.0,0.0,0.0,0.0,0.106,13
R20221020_0265,2022-10-20,Horse_0386,Horse_0386,Jockey_005,2,牝,1800,ダート,稍重,9,54.6,448.5,6.1,17.0,2.0,2.0,1.0,,,0.5,2
R20221020_0265,2022-10-20,Horse_0511,Horse_0511,Jockey_067,6,牡,1800,ダート,稍重,7,55.0,468.2,-17.4,137.0,1.0,9.0,0.0,,0.0,0.26,9
R20221020_0265,2022-10-20,Horse_0831,Horse_0831,Jockey_012,2,牝,1800,ダート,稍重,1,56.5,487.6,11.6,47.0,3.0,1.667,1.0,1.0,1.0,0.194,4
R20221020_0265,2022-10-20,Horse_0227,Horse_0227,Jockey_061,3,牝,1800,ダート,稍重,6,53.8,476.3,-3.6,116.0,1.0,11.333,0.4,0.0,0.0,0.34,11
R20221020_0265,2022-10-20,Horse_0474,Horse_0474,Jockey_059,7,牝,1800,ダート,稍重,4,54.9,472.5,-8.0,65.0,2.0,3.667,0.4,1.0,0.5,0.432,1
R20221020_0265,2022-10-20,Horse_0179,Horse_0179,Jockey_066,4,牝,1800,ダート,稍重,12,53.5,440.9,-9.3,192.0,0.0,6.5,0.0,,0.0,0.297,6
R20221020_0265,2022-10-20,Horse_0750,Horse_0750,Jockey_043,6,牝,1800,ダート,稍重,5,54.8,483.0,3.8,366.0,0.0,7.0,0.0,0.0,0.0,0.125,14
R20221020_0265,2022-10-20,Horse_0559,Horse_0559,Jockey_051,3,牝,1800,ダート,稍重,14,54.3,503.7,2.8,132.0,1.0,4.333,0.4,,0.333,0.211,10
R20221020_0265,2022-10-20,Horse_0563,Horse_0563,Jockey_072,8,牡,1800,ダート,稍重,13,54.4,489.6,-0.1,57.0,1.0,5.667,0.25,,0.0,0.333,3
R20221021_0266,2022-10-21,Horse_0758,Horse_0758,Jockey_032,7,牝,1200,ダート,良,5,54.0,480.2,-4.0,322.0,0.0,6.5,0.5,,0.0,0.233,9
R20221021_0266,2022-10-21,Horse_0600,Horse_0600,Jockey_013,3,牝,1200,ダート,良,3,55.9,522.1,12.9,161.0,2.0,2.667,0.4,0.0,,0.104,7
R20221021_0266,2022-10-21,Horse_0181,Horse_0181,Jockey_001,6,牝,1200,ダート,良,4,54.1,452.4,-6.1,39.0,1.0,11.333,0.0,0.0,0.0,0.216,2
R20221021_0266,2022-10-21,Horse_0708,Horse_0708,Jockey_010,6,牡,1200,ダート,良,11,55.3,468.6,-2.9,25.0,1.0,3.667,0.4,1.0,0.333,0.289,3
R20221021_0266,2022-10-21,Horse_0239,Horse_0239,Jockey_068,5,牡,1200,ダート,良,8,54.8,464.9,-6.3,13.0,3.0,11.333,0.0,,0.0,0.32,6
R20221021_0266,2022-10-21,Horse_0442,Horse_0442,Jockey_045,3,牝,1200,ダート,良,6,54.9,512.5,10.9,43.0,1.0,7.333,0.0,0.0,,0.293,10
R20221021_0266,2022-10-21,Horse_0753,Horse_0753,Jockey_070,2,牡,1200,ダート,良,12,53.8,511.5,-0.7,77.0,2.0,7.667,0.333,1.0,0.5,0.222,5
R20221021_0266,2022-10-21,Horse_0170,Horse_0170,Jockey_012,2,牡,1200,ダート,良,7,55.5,510.5,-7.4,18.0,1.0,6.667,0.25,,1.0,0.189,1
R20221021_0266,2022-10-21,Horse_0023,Horse_0023,Jockey_008,7,牝,1200,ダート,良,1,52.9,454.1,-10.5,353.0,0.0,6.333,0.0,,0.0,0.156,12
R20221021_0266,2022-10-21,Horse_0692,Horse_0692,Jockey_037,3,牡,1200,ダート,良,10,52.8,463.6,-12.6,232.0,0.0,11.333,0.0,,0.0,0.186,8
R20221021_0266,2022-10-21,Horse_0837,Horse_0837,Jockey_049,8,牡,1200,ダート,良,2,56.9,490.8,10.9,83.0,1.0,4.0,0.2,,0.5,0.267,4
R20221021_0266,2022-10-21,Horse_0508,Horse_0508,Jockey_042,3,牝,1200,ダート,良,9,55.4,483.6,-4.2,401.0,0.0,6.333,0.25,1.0,0.333,0.327,11
R20221025_0267,2022-10-25,Horse_0729,Horse_0729,Jockey_055,7,せん,1600,芝,良,3,53.8,485.3,6.6,91.0,2.0,6.333,0.2,0.0,0.2,0.186,2
R20221025_0267,2022-10-25,Horse_0080,Horse_0080,Jockey_051,5,牡,1600,芝,良,11,55.1,465.0,3.1,20.0,3.0,9.667,0.0,0.0,0.0,0.205,1
R20221025_0267,2022-10-25,Horse_0166,Horse_0166,Jockey_054,4,せん,1600,芝,良,8,55.3,477.0,-12.9,25.0,3.0,10.0,0.0,0.0,0.0,0.211,11
R20221025_0267,2022-10-25,Horse_0592,Horse_0592,Jockey_011,3,牡,1600,芝,良,6,54.7,525.7,9.2,29.0,3.0,6.333,0.2,0.0,0.0,0.167,10
R20221025_0267,2022-10-25,Horse_0230,Horse_0230,Jockey_036,2,牡,1600,芝,良,12,54.9,511.5,-22.3,199.0,0.0,4.0,0.0,,,0.333,7
R20221025_0267,2022-10-25,Horse_0394,Horse_0394,Jockey_019,4,牝,1600,芝,良,2,55.1,475.4,-12.1,96.0,1.0,3.667,0.75,0.5,0.75,0.195,3
R20221025_0267,2022-10-25,Horse_0377,Horse_0377,Jockey_009,8,牡,1600,芝,良,1,55.8,432.9,0.6,245.0,0.0,10.333,0.0,0.0,0.0,0.324,12
R20221025_0267,2022-10-25,Horse_0715,Horse_0715,Jockey_039,3,牝,1600,芝,良,4,53.3,532.4,5.2,313.0,0.0,2.667,0.4,0.5,0.0,0.262,6
R20221025_0267,2022-10-25,Horse_0104,Horse_0104,Jockey_025,5,牡,1600,芝,良,9,55.3,466.1,-8.7,96.0,1.0,10.333,0.0,0.0,0.0,0.395,9
R20221025_0267,2022-10-25,Horse_0360,Horse_0360,Jockey_008,6,牝,1600,芝,良,7,54.7,434.9,-6.1,98.0,2.0,8.0,0.2,0.0,0.5,0.152,5
R20221025_0267,2022-10-25,Horse_0026,Horse_0026,Jockey_045,3,牡,1600,芝,良,5,56.4,472.0,-6.5,324.0,0.0,12.5,0.0,,0.0,0.286,8
R20221025_0267,2022-10-25,Horse_0568,Horse_0568,Jockey_037,6,牝,1600,芝,良,10,53.8,507.3,-4.3,17.0,1.0,10.667,0.0,0.0,0.0,0.182,4
R20221028_0268,2022-10-28,Horse_0875,Horse_0875,Jockey_041,7,牝,1600,芝,良,7,53.3,443.6,-4.7,86.0,1.0,9.5,0.0,,,0.282,2
R20221028_0268,2022-10-28,Horse_0245,Horse_0245,Jockey_056,4,牡,1600,芝,良,3,55.1,468.9,0.4,61.0,1.0,9.0,0.2,0.0,0.0,0.371,7
R20221028_0268,2022-10-28,Horse_0355,Horse_0355,Jockey_027,3,牡,1600,芝,良,4,55.6,454.2,-6.5,73.0,3.0,4.667,0.4,0.0,0.0,0.143,3
R20221028_0268,2022-10-28,Horse_0548,Horse_0548,Jockey_065,6,牡,1600,芝,良,8,56.7,474.9,-2.5,34.0,2.0,6.333,0.0,0.0,0.0,0.308,1
R20221028_0268,2022-10-28,Horse_0393,Horse_0393,Jockey_074,3,牝,1600,芝,良,2,53.3,446.7,-5.0,243.0,0.0,10.333,0.25,0.0,,0.306,8
R20221028_0268,2022-10-28,Horse_0675,Horse_0675,Jockey_034,7,せん,1600,芝,良,5,54.9,447.8,3.1,494.0,0.0,13.0,0.0,0.0,0.0,0.231,9
R20221028_0268,2022-10-28,Horse_0645,Horse_0645,Jockey_019,3,牝,1600,芝,良,9,53.3,517.3,-4.0,207.0,0.0,6.0,0.0,0.0,0.0,0.214,5
R20221028_0268,2022-10-28,Horse_0102,Horse_0102,Jockey_042,6,牝,1600,芝,良,10,54.0,467.1,-19.0,531.0,0.0,11.0,0.0,,0.0,0.32,10
R20221028_0268,2022-10-28,Horse_0024,Horse_0024,Jockey_044,7,牡,1600,芝,良,1,53.6,460.8,3.8,141.0,1.0,7.667,0.0,0.0,0.0,0.278,4
R20221028_0268,2022-10-28,Horse_0282,Horse_0282,Jockey_003,6,牡,1600,芝,良,6,55.6,446.3,-1.8,173.0,1.0,5.333,0.2,0.5,0.0,0.263,6
R20221030_0269,2022-10-30,Horse_0663,Horse_0663,Jockey_049,3,牝,1600,ダート,良,10,55.9,477.8,8.3,41.0,2.0,2.667,0.6,1.0,1.0,0.261,10
R20221030_0269,2022-10-30,Horse_0680,Horse_0680,Jockey_057,2,牡,1600,ダート,良,12,53.7,470.4,-6.6,185.0,0.0,5.0,0.0,,,0.372,3
R20221030_0269,2022-10-30,Horse_0071,Horse_0071,Jockey_079,2,牡,1600,ダート,良,9,52.6,475.5,8.5,100.0,1.0,4.5,0.5,,0.5,0.163,4
R20221030_0269,2022-10-30,Horse_0184,Horse_0184,Jockey_043,8,牝,1600,ダート,良,8,54.8,466.5,-8.5,75.0,1.0,4.5,0.0,,0.0,0.121,2
R20221030_0269,2022-10-30,Horse_0577,Horse_0577,Jockey_040,2,牡,1600,ダート,良,4,55.2,492.1,-10.3,142.0,1.0,6.0,0.333,,0.0,0.425,8
R20221030_0269,2022-10-30,Horse_0083,Horse_0083,Jockey_058,4,牡,1600,ダート,良,7,52.5,468.6,2.2,22.0,2.0,8.667,0.0,0.0,0.0,0.28,5
R20221030_0269,2022-10-30,Horse_0297,Horse_0297,Jockey_006,6,牡,1600,ダート,良,3,56.5,424.2,-13.2,496.0,0.0,11.0,0.0,0.0,,0.306,12
R20221030_0269,2022-10-30,Horse_0559,Horse_0559,Jockey_066,3,牝,1600,ダート,良,1,53.2,496.3,-7.4,10.0,2.0,6.0,0.2,0.5,0.25,0.289,7
R20221030_0269,2022-10-30,Horse_0060,Horse_0060,Jockey_010,2,牡,1600,ダート,良,11,57.0,443.3,,,0.0,,,,,0.304,6
R20221030_0269,2022-10-30,Horse_0549,Horse_0549,Jockey_036,2,せん,1600,ダート,良,2,51.3,485.4,-6.5,77.0,2.0,9.5,0.0,0.0,,0.326,11
R20221030_0269,2022-10-30,Horse_0435,Horse_0435,Jockey_008,4,牝,1600,ダート,良,6,54.6,477.1,7.2,41.0,2.0,10.333,0.0,,0.0,0.147,9
R20221030_0269,2022-10-30,Horse_0484,Horse_0484,Jockey_051,7,牡,1600,ダート,良,5,54.6,439.7,-1.9,13.0,3.0,1.667,1.0,1.0,1.0,0.225,1
R20221031_0270,2022-10-31,Horse_0608,Horse_0608,Jockey_038,8,牝,1400,芝,稍重,8,55.2,409.8,-4.4,42.0,2.0,8.667,0.4,0.0,0.25,0.217,10
R20221031_0270,2022-10-31,Horse_0625,Horse_0625,Jockey_070,3,牡,1400,芝,稍重,1,54.8,496.3,5.6,154.0,1.0,2.333,0.6,1.0,0.667,0.217,3
R20221031_0270,2022-10-31,Horse_0884,Horse_0884,Jockey_041,4,牝,1400,芝,稍重,7,54.8,480.3,-9.4,14.0,1.0,1.0,1.0,1.0,,0.3,1
R20221031_0270,2022-10-31,Horse_0668,Horse_0668,Jockey_077,7,せん,1400,芝,稍重,9,55.0,462.7,-10.5,26.0,1.0,11.333,0.2,0.0,0.4,0.028,7
R20221031_0270,2022-10-31,Horse_0295,Horse_0295,Jockey_069,5,牝,1400,芝,稍重,4,54.7,454.8,0.3,127.0,1.0,8.667,0.2,0.0,0.333,0.341,9
R20221031_0270,2022-10-31,Horse_0406,Horse_0406,Jockey_026,7,せん,1400,芝,稍重,6,53.3,435.5,-1.6,102.0,1.0,10.0,0.0,,0.0,0.239,12
R20221031_0270,2022-10-31,Horse_0651,Horse_0651,Jockey_015,5,牡,1400,芝,稍重,3,54.8,466.9,-13.6,89.0,1.0,5.667,0.0,0.0,0.2,0.057,4
R20221031_0270,2022-10-31,Horse_0479,Horse_0479,Jockey_074,8,牡,1400,芝,稍重,11,56.8,467.3,-0.5,14.0,1.0,12.0,0.0,0.0,0.0,0.297,5
R20221031_0270,2022-10-31,Horse_0158,Horse_0158,Jockey_013,7,牡,1400,芝,稍重,12,55.1,469.6,2.6,16.0,2.0,7.0,0.2,0.0,0.5,0.102,2
R20221031_0270,2022-10-31,Horse_0801,Horse_0801,Jockey_008,7,牝,1400,芝,稍重,5,54.0,490.5,0.8,53.0,3.0,6.0,0.4,1.0,0.5,0.143,6
R20221031_0270,2022-10-31,Horse_0500,Horse_0500,Jockey_052,4,牝,1400,芝,稍重,2,56.8,438.0,-10.5,336.0,0.0,5.667,0.2,,0.167,0.273,8
R20221031_0270,2022-10-31,Horse_0283,Horse_0283,Jockey_029,8,牝,1400,芝,稍重,10,55.0,536.6,7.6,235.0,0.0,8.667,0.0,0.0,0.0,0.216,11
R20221102_0271,2022-11-02,Horse_0388,Horse_0388,Jockey_045,8,牝,1600,芝,稍重,5,54.9,451.1,-2.5,76.0,1.0,10.333,0.0,0.0,0.0,0.279,5
R20221102_0271,2022-11-02,Horse_0183,Horse_0183,Jockey_031,2,牝,1600,芝,稍重,6,53.4,503.5,1.2,121.0,1.0,6.0,0.0,,0.0,0.282,3
R20221102_0271,2022-11-02,Horse_0886,Horse_0886,Jockey_073,2,牝,1600,芝,稍重,3,54.7,454.3,2.6,37.0,3.0,1.333,0.8,1.0,1.0,0.231,2
R20221102_0271,2022-11-02,Horse_0369,Horse_0369,Jockey_022,8,牡,1600,芝,稍重,7,54.5,470.5,10.0,33.0,1.0,7.667,0.0,0.0,0.0,0.213,7
R20221102_0271,2022-11-02,Horse_0169,Horse_0169,Jockey_061,5,牝,1600,芝,稍重,1,52.2,477.8,-5.5,244.0,0.0,11.0,0.0,0.0,0.0,0.333,10
R20221102_0271,2022-11-02,Horse_0132,Horse_0132,Jockey_065,8,牡,1600,芝,稍重,8,55.9,475.1,11.4,97.0,1.0,8.0,0.0,0.0,0.0,0.333,8
R20221102_0271,2022-11-02,Horse_0538,Horse_0538,Jockey_006,2,牝,1600,芝,稍重,9,55.2,522.9,-5.9,184.0,0.0,1.667,1.0,1.0,1.0,0.297,4
R20221102_0271,2022-11-02,Horse_0374,Horse_0374,Jockey_058,5,せん,1600,芝,稍重,10,54.0,502.7,15.1,133.0,2.0,4.0,0.667,,0.5,0.28,1
R20221102_0271,2022-11-02,Horse_0129,Horse_0129,Jockey_016,5,牡,1600,芝,稍重,2,55.3,546.2,-3.1,199.0,0.0,7.0,0.0,0.0,0.0,0.294,9
R20221102_0271,2022-11-02,Horse_0739,Horse_0739,Jockey_046,8,牡,1600,芝,稍重,4,53.7,414.1,-2.5,114.0,1.0,9.667,0.0,0.0,0.0,0.189,6
R20221103_0272,2022-11-03,Horse_0042,Horse_0042,Jockey_059,5,牡,1800,芝,重,1,56.2,450.2,7.4,257.0,0.0,7.5,0.5,,0.0,0.447,9
R20221103_0272,2022-11-03,Horse_0298,Horse_0298,Jockey_024,4,牡,1800,芝,重,3,55.7,513.7,-6.5,35.0,2.0,5.667,0.25,0.0,0.333,0.154,4
R20221103_0272,2022-11-03,Horse_0630,Horse_0630,Jockey_031,4,牡,1800,芝,重,4,55.1,435.9,3.8,22.0,2.0,5.667,0.2,0.0,0.333,0.3,5
R20221103_0272,2022-11-03,Horse_0013,Horse_0013,Jockey_053,3,牡,1800,芝,重,5,56.0,429.6,0.1,29.0,1.0,11.5,0.0,,0.0,0.125,6
R20221103_0272,2022-11-03,Horse_0689,Horse_0689,Jockey_015,3,牝,1800,芝,重,2,52.7,425.2,7.1,64.0,3.0,5.667,0.0,,0.0,0.056,3
R20221103_0272,2022-11-03,Horse_0264,Horse_0264,Jockey_007,2,牡,1800,芝,重,9,58.3,449.7,-8.5,161.0,1.0,3.5,0.5,,0.5,0.171,7
R20221103_0272,2022-11-03,Horse_0762,Horse_0762,Jockey_046,6,せん,1800,芝,重,7,54.6,493.4,4.2,29.0,2.0,3.0,0.6,0.5,0.667,0.184,2
R20221103_0272,2022-11-03,Horse_0619,Horse_0619,Jockey_058,6,牡,1800,芝,重,8,56.3,508.3,3.0,29.0,2.0,10.0,0.0,0.0,0.0,0.3,8
R20221103_0272,2022-11-03,Horse_0673,Horse_0673,Jockey_018,4,牡,1800,芝,重,6,52.9,488.7,-5.7,61.0,1.0,5.5,0.5,0.0,1.0,0.405,1
R20221104_0273,2022-11-04,Horse_0522,Horse_0522,Jockey_019,7,牝,2000,ダート,良,8,55.1,473.5,4.9,261.0,0.0,10.0,0.0,,0.0,0.209,13
R20221104_0273,2022-11-04,Horse_0566,Horse_0566,Jockey_040,5,牝,2000,ダート,良,3,54.7,443.3,2.7,340.0,0.0,6.0,0.5,,1.0,0.415,7
R20221104_0273,2022-11-04,Horse_0736,Horse_0736,Jockey_006,4,牡,2000,ダート,良,7,56.8,441.9,5.2,327.0,0.0,6.0,0.333,,0.0,0.289,5
R20221104_0273,2022-11-04,Horse_0409,Horse_0409,Jockey_027,5,牡,2000,ダート,良,13,55.1,492.7,6.0,196.0,0.0,9.667,0.0,,0.0,0.172,10
R20221104_0273,2022-11-04,Horse_0703,Horse_0703,Jockey_062,4,牡,2000,ダート,良,12,55.1,455.4,-0.4,135.0,1.0,12.667,0.0,,0.0,0.179,8
R20221104_0273,2022-11-04,Horse_0252,Horse_0252,Jockey_024,7,牝,2000,ダート,良,1,54.3,476.5,-6.9,269.0,0.0,4.0,0.5,,0.0,0.15,6
R20221104_0273,2022-11-04,Horse_0761,Horse_0761,Jockey_018,5,牡,2000,ダート,良,6,52.7,509.0,0.8,226.0,0.0,1.333,0.8,1.0,0.714,0.421,2
R20221104_0273,2022-11-04,Horse_0679,Horse_0679,Jockey_035,8,牡,2000,ダート,良,11,55.5,397.2,-8.3,83.0,1.0,10.0,0.0,,,0.333,11
R20221104_0273,2022-11-04,Horse_0753,Horse_0753,Jockey_075,2,牡,2000,ダート,良,10,56.0,497.1,-14.4,14.0,3.0,5.333,0.25,,0.333,0.32,4
R20221104_0273,2022-11-04,Horse_0220,Horse_0220,Jockey_078,7,牝,2000,ダート,良,9,55.2,527.9,8.9,105.0,1.0,9.333,0.0,,0.0,0.25,12
R20221104_0273,2022-11-04,Horse_0215,Horse_0215,Jockey_003,5,牡,2000,ダート,良,5,54.5,481.7,7.4,126.0,2.0,4.0,0.6,0.0,0.0,0.256,1
R20221104_0273,2022-11-04,Horse_0423,Horse_0423,Jockey_055,5,牝,2000,ダート,良,2,56.4,429.9,14.2,23.0,2.0,3.0,0.75,,0.5,0.205,3
R20221104_0273,2022-11-04,Horse_0364,Horse_0364,Jockey_030,5,牡,2000,ダート,良,4,55.7,432.5,-2.3,121.0,1.0,5.0,0.4,0.5,0.25,0.114,9
R20221107_0274,2022-11-07,Horse_0418,Horse_0418,Jockey_004,5,牡,1600,ダート,稍重,7,56.1,435.0,-6.0,94.0,1.0,2.667,0.4,0.333,0.5,0.216,2
R20221107_0274,2022-11-07,Horse_0139,Horse_0139,Jockey_020,2,牡,1600,ダート,稍重,12,56.9,393.2,-12.3,161.0,1.0,11.0,0.0,,,0.273,9
R20221107_0274,2022-11-07,Horse_0786,Horse_0786,Jockey_057,6,牝,1600,ダート,稍重,5,54.5,453.5,0.1,30.0,2.0,4.667,0.25,0.0,0.25,0.386,1
R20221107_0274,2022-11-07,Horse_0259,Horse_0259,Jockey_010,7,せん,1600,ダート,稍重,10,55.6,491.7,2.8,21.0,2.0,5.667,0.2,,0.5,0.298,3
R20221107_0274,2022-11-07,Horse_0280,Horse_0280,Jockey_014,7,せん,1600,ダート,稍重,3,56.8,467.8,5.7,217.0,0.0,6.5,0.5,0.5,1.0,0.133,6
R20221107_0274,2022-11-07,Horse_0291,Horse_0291,Jockey_008,5,牝,1600,ダート,稍重,8,55.1,440.9,-0.5,134.0,1.0,6.333,0.4,0.0,0.0,0.139,8
R20221107_0274,2022-11-07,Horse_0659,Horse_0659,Jockey_022,2,牡,1600,ダート,稍重,6,54.1,453.4,-16.1,134.0,1.0,10.5,0.0,,0.0,0.208,10
R20221107_0274,2022-11-07,Horse_0851,Horse_0851,Jockey_069,6,せん,1600,ダート,稍重,1,53.6,494.1,1.7,94.0,1.0,8.667,0.0,,0.0,0.333,11
R20221107_0274,2022-11-07,Horse_0665,Horse_0665,Jockey_068,6,牝,1600,ダート,稍重,4,53.6,516.5,9.3,253.0,0.0,10.667,0.0,,0.0,0.32,4
R20221107_0274,2022-11-07,Horse_0370,Horse_0370,Jockey_076,8,牝,1600,ダート,稍重,11,53.3,489.1,7.9,264.0,0.0,8.0,0.0,0.0,0.0,0.27,7
R20221107_0274,2022-11-07,Horse_0662,Horse_0662,Jockey_060,7,牡,1600,ダート,稍重,9,52.8,447.8,-6.3,100.0,1.0,10.5,0.0,0.0,0.0,0.083,12
R20221107_0274,2022-11-07,Horse_0806,Horse_0806,Jockey_043,4,牝,1600,ダート,稍重,2,55.1,458.6,-12.1,151.0,1.0,10.333,0.0,,,0.147,5
R20221110_0275,2022-11-10,Horse_0265,Horse_0265,Jockey_016,2,牡,1800,芝,重,2,55.3,450.0,-15.3,71.0,2.0,9.0,0.0,,0.0,0.286,5
R20221110_0275,2022-11-10,Horse_0122,Horse_0122,Jockey_067,3,牝,1800,芝,重,1,54.3,475.8,-2.2,238.0,0.0,7.667,0.0,,0.0,0.26,11
R20221110_0275,2022-11-10,Horse_0818,Horse_0818,Jockey_077,7,牝,1800,芝,重,9,56.4,419.2,-0.2,264.0,0.0,11.333,0.0,,0.0,0.027,10
R20221110_0275,2022-11-10,Horse_0636,Horse_0636,Jockey_068,8,牝,1800,芝,重,7,53.8,524.3,6.8,133.0,1.0,9.333,0.0,,0.0,0.32,8
R20221110_0275,2022-11-10,Horse_0682,Horse_0682,Jockey_042,8,牡,1800,芝,重,5,55.8,472.3,-1.9,47.0,1.0,9.333,0.0,,0.0,0.3,6
R20221110_0275,2022-11-10,Horse_0228,Horse_0228,Jockey_041,4,牡,1800,芝,重,11,56.2,547.6,-0.1,127.0,2.0,4.0,0.2,1.0,0.0,0.317,3
R20221110_0275,2022-11-10,Horse_0011,Horse_0011,Jockey_027,2,牝,1800,芝,重,4,54.3,462.0,4.9,81.0,1.0,9.0,0.0,,0.0,0.167,4
R20221110_0275,2022-11-10,Horse_0644,Horse_0644,Jockey_055,7,牡,1800,芝,重,10,57.7,531.4,9.1,146.0,1.0,4.333,0.2,,0.333,0.222,1
R20221110_0275,2022-11-10,Horse_0632,Horse_0632,Jockey_074,5,牝,1800,芝,重,8,54.1,457.7,-3.4,24.0,1.0,9.0,0.25,,1.0,0.289,7
R20221110_0275,2022-11-10,Horse_0324,Horse_0324,Jockey_021,2,牝,1800,芝,重,3,54.7,506.3,4.5,59.0,1.0,8.5,0.0,0.0,0.0,0.205,2
R20221110_0275,2022-11-10,Horse_0599,Horse_0599,Jockey_057,5,牡,1800,芝,重,6,54.9,464.6,-6.3,462.0,0.0,6.667,0.2,,0.5,0.4,9
R20221113_0276,2022-11-13,Horse_0619,Horse_0619,Jockey_036,6,牡,1600,芝,良,10,55.5,515.5,7.2,10.0,3.0,9.0,0.0,0.0,0.0,0.318,11
R20221113_0276,2022-11-13,Horse_0848,Horse_0848,Jockey_020,4,牝,1600,芝,良,11,54.3,418.6,4.6,50.0,2.0,7.333,0.0,0.0,0.0,0.265,9
R20221113_0276,2022-11-13,Horse_0373,Horse_0373,Jockey_070,6,牡,1600,芝,良,2,54.0,471.7,2.7,257.0,0.0,6.333,0.0,,0.0,0.234,13
R20221113_0276,2022-11-13,Horse_0089,Horse_0089,Jockey_017,6,牡,1600,芝,良,13,53.7,475.6,0.4,24.0,4.0,8.0,0.0,,0.0,0.371,5
R20221113_0276,2022-11-13,Horse_0651,Horse_0651,Jockey_038,5,牡,1600,芝,良,6,53.1,470.2,3.3,13.0,2.0,5.667,0.0,0.0,0.167,0.213,7
R20221113_0276,2022-11-13,Horse_0068,Horse_0068,Jockey_055,3,牡,1600,芝,良,5,54.2,513.2,9.3,233.0,0.0,3.333,0.4,0.333,0.25,0.239,8
R20221113_0276,2022-11-13,Horse_0558,Horse_0558,Jockey_053,7,牡,1600,芝,良,7,57.6,461.2,-0.2,194.0,0.0,6.667,0.25,0.0,0.333,0.122,1
R20221113_0276,2022-11-13,Horse_0884,Horse_0884,Jockey_010,4,牝,1600,芝,良,9,55.9,480.4,0.1,13.0,2.0,1.0,1.0,,1.0,0.312,2
R20221113_0276,2022-11-13,Horse_0018,Horse_0018,Jockey_029,5,せん,1600,芝,良,4,54.5,438.1,-2.9,77.0,2.0,8.0,0.0,,0.0,0.211,6
R20221113_0276,2022-11-13,Horse_0350,Horse_0350,Jockey_028,4,牡,1600,芝,良,1,55.1,455.4,-10.1,506.0,0.0,7.0,0.0,,0.0,0.294,15
R20221113_0276,2022-11-13,Horse_0311,Horse_0311,Jockey_057,2,牝,1600,芝,良,8,53.1,492.1,,,0.0,,,,,0.391,3
R20221113_0276,2022-11-13,Horse_0039,Horse_0039,Jockey_007,7,牝,1600,芝,良,15,53.9,443.3,8.5,441.0,0.0,3.0,0.667,0.667,1.0,0.167,12
R20221113_0276,2022-11-13,Horse_0110,Horse_0110,Jockey_013,4,牡,1600,芝,良,12,55.5,478.1,-19.5,62.0,3.0,4.667,0.4,0.5,0.5,0.12,4
R20221113_0276,2022-11-13,Horse_0261,Horse_0261,Jockey_063,4,牝,1600,芝,良,14,57.4,464.5,-3.9,140.0,1.0,5.667,0.4,1.0,0.333,0.175,10
R20221113_0276,2022-11-13,Horse_0248,Horse_0248,Jockey_040,8,牝,1600,芝,良,3,54.2,459.9,-7.3,275.0,0.0,12.333,0.0,0.0,0.0,0.405,14
R20221116_0277,2022-11-16,Horse_0347,Horse_0347,Jockey_067,5,せん,1800,ダート,良,9,56.1,455.0,-11.3,195.0,0.0,3.667,0.6,,0.5,0.26,3
R20221116_0277,2022-11-16,Horse_0389,Horse_0389,Jockey_010,2,牡,1800,ダート,良,5,53.4,459.8,8.9,117.0,1.0,2.0,1.0,1.0,1.0,0.327,4
R20221116_0277,2022-11-16,Horse_0194,Horse_0194,Jockey_013,8,牡,1800,ダート,良,10,55.1,482.5,12.8,92.0,1.0,6.0,0.25,,0.0,0.12,7
R20221116_0277,2022-11-16,Horse_0256,Horse_0256,Jockey_055,6,牝,1800,ダート,良,1,54.6,493.2,-14.3,62.0,3.0,6.333,0.8,1.0,0.667,0.234,2
R20221116_0277,2022-11-16,Horse_0746,Horse_0746,Jockey_030,5,牝,1800,ダート,良,4,53.2,448.0,4.6,149.0,1.0,5.667,0.667,,,0.111,1
R20221116_0277,2022-11-16,Horse_0318,Horse_0318,Jockey_036,6,牝,1800,ダート,良,6,55.1,505.1,11.5,132.0,2.0,6.0,0.2,,0.0,0.311,6
R20221116_0277,2022-11-16,Horse_0898,Horse_0898,Jockey_071,4,牝,1800,ダート,良,7,55.5,495.5,-0.2,74.0,1.0,13.0,0.0,0.0,0.0,0.297,5
R20221116_0277,2022-11-16,Horse_0177,Horse_0177,Jockey_012,5,牡,1800,ダート,良,3,56.6,443.7,-3.5,349.0,0.0,10.333,0.0,0.0,0.0,0.211,10
R20221116_0277,2022-11-16,Horse_0595,Horse_0595,Jockey_001,8,牡,1800,ダート,良,8,55.5,432.5,1.8,318.0,0.0,7.0,0.0,,,0.237,9
R20221116_0277,2022-11-16,Horse_0579,Horse_0579,Jockey_051,3,牡,1800,ダート,良,2,53.2,452.6,7.0,247.0,0.0,13.667,0.0,,0.0,0.244,8
R20221118_0278,2022-11-18,Horse_0243,Horse_0243,Jockey_054,6,牡,1600,芝,重,3,54.8,485.1,-10.1,302.0,0.0,5.333,0.25,0.0,0.0,0.205,8
R20221118_0278,2022-11-18,Horse_0726,Horse_0726,Jockey_016,6,牡,1600,芝,重,8,56.4,530.2,3.4,76.0,1.0,11.5,0.0,,0.0,0.278,5
R20221118_0278,2022-11-18,Horse_0753,Horse_0753,Jockey_009,2,牡,1600,芝,重,6,56.3,504.2,7.1,14.0,4.0,3.333,0.2,,0.0,0.316,2
R20221118_0278,2022-11-18,Horse_0806,Horse_0806,Jockey_001,4,牝,1600,芝,重,4,54.3,473.5,14.9,11.0,2.0,9.0,0.0,0.0,0.0,0.231,1
R20221118_0278,2022-11-18,Horse_0205,Horse_0205,Jockey_024,2,牡,1600,芝,重,1,56.1,427.1,14.6,208.0,0.0,3.0,1.0,,,0.146,6
R20221118_0278,2022-11-18,Horse_0288,Horse_0288,Jockey_042,8,牡,1600,芝,重,5,55.2,459.8,-9.1,236.0,0.0,3.333,0.5,,0.5,0.3,4
R20221118_0278,2022-11-18,Horse_0007,Horse_0007,Jockey_041,3,牡,1600,芝,重,7,57.7,496.5,-0.7,297.0,0.0,6.333,0.333,0.333,0.0,0.333,7
R20221118_0278,2022-11-18,Horse_0700,Horse_0700,Jockey_017,2,牡,1600,芝,重,2,57.1,506.2,-0.2,197.0,0.0,6.333,0.0,0.0,0.0,0.361,3
R20221120_0279,2022-11-20,Horse_0101,Horse_0101,Jockey_008,8,牝,2400,芝,重,4,55.1,486.8,-2.6,59.0,1.0,4.333,0.4,,0.4,0.135,3
R20221120_0279,2022-11-20,Horse_0262,Horse_0262,Jockey_050,7,牡,2400,芝,重,10,55.2,508.7,-13.7,418.0,0.0,8.0,0.0,,0.0,0.256,16
R20221120_0279,2022-11-20,Horse_0164,Horse_0164,Jockey_031,4,牡,2400,芝,重,12,55.4,460.8,-5.0,36.0,4.0,6.667,0.4,,0.25,0.293,4
R20221120_0279,2022-11-20,Horse_0769,Horse_0769,Jockey_021,7,牡,2400,芝,重,7,55.9,482.0,9.8,54.0,1.0,4.667,0.2,,0.25,0.225,11
R20221120_0279,2022-11-20,Horse_0020,Horse_0020,Jockey_057,5,牝,2400,芝,重,5,55.1,515.1,-1.6,251.0,0.0,4.0,0.5,0.0,0.333,0.404,9
R20221120_0279,2022-11-20,Horse_0601,Horse_0601,Jockey_042,7,牡,2400,芝,重,9,53.3,468.1,-3.6,57.0,4.0,7.667,0.0,,0.0,0.3,8
R20221120_0279,2022-11-20,Horse_0456,Horse_0456,Jockey_037,2,牡,2400,芝,重,11,53.1,449.7,-9.9,121.0,1.0,8.5,0.0,,0.0,0.178,14
R20221120_0279,2022-11-20,Horse_0892,Horse_0892,Jockey_059,8,牡,2400,芝,重,8,54.0,469.2,-0.4,107.0,1.0,9.0,0.0,,0.0,0.436,15
R20221120_0279,2022-11-20,Horse_0055,Horse_0055,Jockey_017,5,せん,2400,芝,重,13,56.2,474.8,-9.4,66.0,1.0,4.333,0.8,0.667,1.0,0.378,1
R20221120_0279,2022-11-20,Horse_0693,Horse_0693,Jockey_056,7,せん,2400,芝,重,14,55.8,431.8,3.5,147.0,1.0,1.333,1.0,,1.0,0.361,10
R20221120_0279,2022-11-20,Horse_0613,Horse_0613,Jockey_020,5,牡,2400,芝,重,6,54.4,428.5,-11.8,131.0,2.0,1.333,0.8,0.5,0.6,0.257,6
R20221120_0279,2022-11-20,Horse_0819,Horse_0819,Jockey_072,8,牝,2400,芝,重,3,50.4,440.4,1.8,59.0,2.0,4.0,0.6,0.5,0.667,0.35,2
R20221120_0279,2022-11-20,Horse_0828,Horse_0828,Jockey_028,7,牡,2400,芝,重,15,57.3,517.4,13.0,59.0,3.0,4.0,0.0,0.0,0.0,0.286,5
R20221120_0279,2022-11-20,Horse_0319,Horse_0319,Jockey_030,6,牝,2400,芝,重,1,54.0,474.7,10.0,153.0,1.0,3.667,0.4,0.0,0.667,0.135,13
R20221120_0279,2022-11-20,Horse_0137,Horse_0137,Jockey_065,6,牡,2400,芝,重,16,52.4,443.5,6.5,51.0,2.0,5.333,0.2,0.0,0.0,0.321,7
R20221120_0279,2022-11-20,Horse_0331,Horse_0331,Jockey_043,5,牝,2400,芝,重,2,51.9,459.9,-11.4,55.0,1.0,8.0,0.333,,1.0,0.143,12
R20221121_0280,2022-11-21,Horse_0379,Horse_0379,Jockey_018,3,牝,1800,芝,稍重,2,54.0,521.0,-0.3,103.0,3.0,4.333,0.4,1.0,0.333,0.436,3
R20221121_0280,2022-11-21,Horse_0894,Horse_0894,Jockey_080,4,牝,1800,芝,稍重,8,55.8,484.0,-7.2,118.0,2.0,3.667,0.4,,0.4,0.244,6
R20221121_0280,2022-11-21,Horse_0562,Horse_0562,Jockey_040,6,牝,1800,芝,稍重,11,55.1,531.7,1.7,174.0,1.0,6.0,0.333,1.0,0.0,0.395,12
R20221121_0280,2022-11-21,Horse_0218,Horse_0218,Jockey_075,8,牝,1800,芝,稍重,5,54.5,462.8,-12.7,265.0,0.0,9.667,0.0,0.0,0.0,0.3,11
R20221121_0280,2022-11-21,Horse_0768,Horse_0768,Jockey_034,6,牝,1800,芝,稍重,9,56.9,425.0,-15.2,49.0,1.0,5.333,0.0,0.0,0.0,0.225,8
R20221121_0280,2022-11-21,Horse_0114,Horse_0114,Jockey_012,3,牡,1800,芝,稍重,10,55.7,457.9,2.5,179.0,1.0,2.0,1.0,,1.0,0.205,2
R20221121_0280,2022-11-21,Horse_0852,Horse_0852,Jockey_006,8,牡,1800,芝,稍重,1,55.0,438.5,5.3,35.0,6.0,7.0,0.0,0.0,0.0,0.282,7
R20221121_0280,2022-11-21,Horse_0145,Horse_0145,Jockey_036,5,牡,1800,芝,稍重,3,53.8,496.1,-5.8,110.0,1.0,6.0,0.25,,,0.304,5
R20221121_0280,2022-11-21,Horse_0463,Horse_0463,Jockey_008,6,牡,1800,芝,稍重,6,55.3,507.3,-5.7,35.0,2.0,10.667,0.0,0.0,0.0,0.158,10
R20221121_0280,2022-11-21,Horse_0818,Horse_0818,Jockey_029,7,牝,1800,芝,稍重,12,52.7,415.9,-3.3,11.0,1.0,9.333,0.0,0.0,0.0,0.205,9
R20221121_0280,2022-11-21,Horse_0265,Horse_0265,Jockey_059,2,牡,1800,芝,稍重,7,53.9,455.9,5.9,11.0,3.0,7.667,0.0,0.0,0.0,0.425,4
R20221121_0280,2022-11-21,Horse_0131,Horse_0131,Jockey_063,7,牝,1800,芝,稍重,4,53.2,425.3,6.7,110.0,1.0,3.0,0.75,,1.0,0.171,1
R20221122_0281,2022-11-22,Horse_0255,Horse_0255,Jockey_059,2,牝,1800,芝,重,8,54.3,515.9,2.2,45.0,1.0,1.0,1.0,,,0.415,1
R20221122_0281,2022-11-22,Horse_0008,Horse_0008,Jockey_024,4,牝,1800,芝,重,10,53.7,465.1,8.2,59.0,2.0,7.667,0.4,,0.5,0.143,4
R20221122_0281,2022-11-22,Horse_0548,Horse_0548,Jockey_076,6,牡,1800,芝,重,11,55.2,475.6,0.7,25.0,3.0,5.0,0.2,,0.167,0.263,11
R20221122_0281,2022-11-22,Horse_0167,Horse_0167,Jockey_030,2,せん,1800,芝,重,1,55.7,466.2,2.1,59.0,1.0,6.0,0.5,,1.0,0.132,5
R20221122_0281,2022-11-22,Horse_0716,Horse_0716,Jockey_071,2,牝,1800,芝,重,5,54.3,395.9,8.2,57.0,1.0,6.5,0.5,,,0.289,6
R20221122_0281,2022-11-22,Horse_0673,Horse_0673,Jockey_005,4,牡,1800,芝,重,3,54.6,493.6,4.9,19.0,2.0,4.0,0.667,0.5,1.0,0.511,2
R20221122_0281,2022-11-22,Horse_0264,Horse_0264,Jockey_013,2,牡,1800,芝,重,2,54.2,458.9,9.2,19.0,2.0,4.667,0.333,0.0,0.333,0.12,9
R20221122_0281,2022-11-22,Horse_0489,Horse_0489,Jockey_009,3,牡,1800,芝,重,4,54.2,504.3,11.4,253.0,0.0,7.667,0.25,,0.0,0.333,12
R20221122_0281,2022-11-22,Horse_0717,Horse_0717,Jockey_058,8,牡,1800,芝,重,7,57.6,541.3,7.7,107.0,2.0,5.0,0.25,,0.5,0.3,8
R20221122_0281,2022-11-22,Horse_0329,Horse_0329,Jockey_046,6,牡,1800,芝,重,6,57.1,422.6,0.7,338.0,0.0,1.0,1.0,1.0,1.0,0.205,3
R20221122_0281,2022-11-22,Horse_0713,Horse_0713,Jockey_010,5,牡,1800,芝,重,9,55.5,476.4,-6.4,71.0,2.0,7.667,0.0,0.0,0.0,0.32,7
R20221122_0281,2022-11-22,Horse_0462,Horse_0462,Jockey_040,2,牡,1800,芝,重,12,55.4,471.1,0.0,109.0,1.0,7.5,0.0,,0.0,0.386,10
R20221125_0282,2022-11-25,Horse_0810,Horse_0810,Jockey_028,5,牝,1200,芝,稍重,8,54.7,446.6,9.6,269.0,0.0,5.0,0.2,0.0,0.0,0.278,4
R20221125_0282,2022-11-25,Horse_0635,Horse_0635,Jockey_016,3,牡,1200,芝,稍重,4,56.2,473.4,-4.4,122.0,1.0,1.0,1.0,,1.0,0.27,5
R20221125_0282,2022-11-25,Horse_0380,Horse_0380,Jockey_055,6,牡,1200,芝,稍重,1,55.3,487.9,8.2,216.0,0.0,5.0,0.0,0.0,0.0,0.25,6
R20221125_0282,2022-11-25,Horse_0741,Horse_0741,Jockey_037,5,牡,1200,芝,稍重,7,54.3,487.8,7.0,460.0,0.0,8.5,0.0,0.0,0.0,0.174,9
R20221125_0282,2022-11-25,Horse_0480,Horse_0480,Jockey_008,3,牝,1200,芝,稍重,6,56.7,494.6,13.0,474.0,0.0,10.0,0.0,0.0,0.0,0.154,8
R20221125_0282,2022-11-25,Horse_0417,Horse_0417,Jockey_018,5,牡,1200,芝,稍重,5,56.1,471.3,-9.2,206.0,0.0,5.667,0.5,,0.333,0.45,3
R20221125_0282,2022-11-25,Horse_0215,Horse_0215,Jockey_050,5,牡,1200,芝,稍重,9,54.2,474.2,-7.5,21.0,3.0,1.333,0.6,1.0,0.6,0.25,1
R20221125_0282,2022-11-25,Horse_0099,Horse_0099,Jockey_057,4,牡,1200,芝,稍重,2,55.8,486.0,-6.3,156.0,1.0,3.667,0.4,1.0,0.5,0.396,2
R20221125_0282,2022-11-25,Horse_0219,Horse_0219,Jockey_029,4,牡,1200,芝,稍重,3,55.0,442.3,-11.9,112.0,2.0,8.667,0.0,0.0,0.0,0.2,7
R20221129_0283,2022-11-29,Horse_0455,Horse_0455,Jockey_014,4,せん,1800,芝,稍重,4,56.3,475.2,-15.0,191.0,0.0,4.0,0.2,0.0,0.25,0.13,9
R20221129_0283,2022-11-29,Horse_0832,Horse_0832,Jockey_009,7,牡,1800,芝,稍重,1,54.5,386.7,-7.9,90.0,1.0,6.0,0.333,,0.333,0.325,2
R20221129_0283,2022-11-29,Horse_0040,Horse_0040,Jockey_021,8,せん,1800,芝,稍重,6,55.2,449.6,5.4,156.0,1.0,9.333,0.0,0.0,0.0,0.22,11
R20221129_0283,2022-11-29,Horse_0776,Horse_0776,Jockey_011,4,牡,1800,芝,稍重,11,53.2,475.7,-8.1,208.0,0.0,3.0,0.6,0.0,0.667,0.162,7
R20221129_0283,2022-11-29,Horse_0726,Horse_0726,Jockey_075,6,牡,1800,芝,稍重,12,56.2,527.3,-2.9,11.0,2.0,9.333,0.0,0.0,0.0,0.28,4
R20221129_0283,2022-11-29,Horse_0342,Horse_0342,Jockey_046,3,牝,1800,芝,稍重,5,53.8,447.7,-6.9,165.0,1.0,10.333,0.2,,0.25,0.225,14
R20221129_0283,2022-11-29,Horse_0670,Horse_0670,Jockey_037,2,牝,1800,芝,稍重,8,55.3,442.3,0.4,48.0,1.0,4.5,0.5,,1.0,0.17,5
R20221129_0283,2022-11-29,Horse_0022,Horse_0022,Jockey_067,5,牝,1800,芝,稍重,2,53.3,447.6,-7.7,183.0,0.0,8.333,0.0,0.0,0.0,0.26,8
R20221129_0283,2022-11-29,Horse_0679,Horse_0679,Jockey_064,8,牡,1800,芝,稍重,7,52.5,396.4,-0.8,25.0,2.0,11.333,0.0,,0.0,0.163,3
R20221129_0283,2022-11-29,Horse_0745,Horse_0745,Jockey_030,5,牝,1800,芝,稍重,10,54.6,450.0,0.1,55.0,2.0,7.0,0.0,,0.0,0.128,6
R20221129_0283,2022-11-29,Horse_0158,Horse_0158,Jockey_006,7,牡,1800,芝,稍重,14,54.7,464.0,-5.6,29.0,3.0,5.667,0.2,,0.6,0.275,1
R20221129_0283,2022-11-29,Horse_0750,Horse_0750,Jockey_020,6,牝,1800,芝,稍重,9,54.3,501.4,18.4,40.0,1.0,9.667,0.0,0.0,0.0,0.25,10
R20221129_0283,2022-11-29,Horse_0181,Horse_0181,Jockey_007,6,牝,1800,芝,稍重,13,54.6,460.2,7.8,39.0,2.0,8.0,0.2,0.0,0.0,0.163,13
R20221129_0283,2022-11-29,Horse_0838,Horse_0838,Jockey_032,6,牡,1800,芝,稍重,3,57.0,526.1,3.1,100.0,1.0,6.0,0.4,,0.667,0.226,12
R20221130_0284,2022-11-30,Horse_0143,Horse_0143,Jockey_080,2,牡,1400,ダート,良,7,53.7,442.6,-3.5,119.0,2.0,4.333,0.333,0.5,0.0,0.239,2
R20221130_0284,2022-11-30,Horse_0619,Horse_0619,Jockey_044,6,牡,1400,ダート,良,11,54.6,507.0,-8.5,17.0,4.0,10.0,0.0,0.0,0.0,0.27,3
R20221130_0284,2022-11-30,Horse_0753,Horse_0753,Jockey_002,2,牡,1400,ダート,良,8,52.6,515.5,11.3,12.0,5.0,3.667,0.4,,0.25,0.39,10
R20221130_0284,2022-11-30,Horse_0282,Horse_0282,Jockey_028,6,牡,1400,ダート,良,2,54.1,429.7,-16.6,33.0,1.0,5.667,0.2,,0.333,0.27,5
R20221130_0284,2022-11-30,Horse_0444,Horse_0444,Jockey_056,7,牝,1400,ダート,良,6,51.9,410.8,-5.3,106.0,1.0,13.333,0.0,,0.0,0.351,15
R20221130_0284,2022-11-30,Horse_0132,Horse_0132,Jockey_033,8,牡,1400,ダート,良,12,54.1,463.3,-11.8,28.0,2.0,8.0,0.0,,0.0,0.345,11
R20221130_0284,2022-11-30,Horse_0617,Horse_0617,Jockey_041,7,牡,1400,ダート,良,5,54.8,532.2,5.2,161.0,1.0,5.333,0.6,1.0,0.667,0.326,6
R20221130_0284,2022-11-30,Horse_0015,Horse_0015,Jockey_054,7,牝,1400,ダート,良,13,53.7,535.0,-7.7,148.0,1.0,1.333,1.0,,1.0,0.2,1
R20221130_0284,2022-11-30,Horse_0900,Horse_0900,Jockey_004,4,牝,1400,ダート,良,1,56.2,414.2,7.1,76.0,1.0,7.0,0.5,,0.5,0.237,7
R20221130_0284,2022-11-30,Horse_0610,Horse_0610,Jockey_014,4,牝,1400,ダート,良,14,55.6,423.7,-8.6,360.0,0.0,2.333,0.667,1.0,1.0,0.128,14
R20221130_0284,2022-11-30,Horse_0142,Horse_0142,Jockey_064,3,牡,1400,ダート,良,15,57.0,422.5,-5.6,76.0,2.0,9.0,0.2,0.0,0.0,0.182,13
R20221130_0284,2022-11-30,Horse_0250,Horse_0250,Jockey_042,4,牝,1400,ダート,良,9,52.0,430.1,-12.8,94.0,1.0,8.0,0.0,0.0,0.0,0.3,4
R20221130_0284,2022-11-30,Horse_0524,Horse_0524,Jockey_034,5,牝,1400,ダート,良,3,55.3,411.4,-8.8,107.0,1.0,8.333,0.0,,0.0,0.22,8
R20221130_0284,2022-11-30,Horse_0599,Horse_0599,Jockey_015,5,牡,1400,ダート,良,4,53.2,467.1,2.5,20.0,1.0,6.333,0.2,,0.0,0.081,12
R20221130_0284,2022-11-30,Horse_0534,Horse_0534,Jockey_061,2,牡,1400,ダート,良,10,54.5,520.5,9.1,161.0,1.0,7.0,0.0,0.0,0.0,0.327,9
R20221203_0285,2022-12-03,Horse_0684,Horse_0684,Jockey_029,5,牝,1800,ダート,稍重,4,56.4,418.4,-2.0,164.0,1.0,14.0,0.0,,0.0,0.195,10
R20221203_0285,2022-12-03,Horse_0147,Horse_0147,Jockey_012,8,牡,1800,ダート,稍重,11,54.5,453.9,-9.2,176.0,1.0,3.333,0.5,,1.0,0.225,3
R20221203_0285,2022-12-03,Horse_0851,Horse_0851,Jockey_037,6,せん,1800,ダート,稍重,1,54.5,487.2,-6.9,26.0,2.0,9.333,0.0,,0.0,0.167,8
R20221203_0285,2022-12-03,Horse_0193,Horse_0193,Jockey_009,2,牝,1800,ダート,稍重,5,54.2,483.6,-3.1,82.0,2.0,7.333,0.0,0.0,0.0,0.341,5
R20221203_0285,2022-12-03,Horse_0546,Horse_0546,Jockey_055,3,牝,1800,ダート,稍重,7,56.3,429.9,5.8,256.0,0.0,4.333,0.4,1.0,0.5,0.245,6
R20221203_0285,2022-12-03,Horse_0465,Horse_0465,Jockey_023,3,牡,1800,ダート,稍重,8,53.4,474.2,-8.7,122.0,1.0,6.0,0.2,,0.333,0.032,2
R20221203_0285,2022-12-03,Horse_0356,Horse_0356,Jockey_051,3,牝,1800,ダート,稍重,10,55.3,455.0,1.5,293.0,0.0,11.0,0.0,,0.0,0.238,11
R20221203_0285,2022-12-03,Horse_0139,Horse_0139,Jockey_057,2,牡,1800,ダート,稍重,2,55.6,396.1,2.9,26.0,1.0,10.0,0.0,,0.0,0.408,4
R20221203_0285,2022-12-03,Horse_0242,Horse_0242,Jockey_059,2,牡,1800,ダート,稍重,9,54.3,540.3,-6.3,97.0,1.0,6.0,0.0,,,0.429,1
R20221203_0285,2022-12-03,Horse_0106,Horse_0106,Jockey_016,8,牡,1800,ダート,稍重,3,56.0,388.5,-16.4,224.0,0.0,6.667,0.25,,0.0,0.263,7
R20221203_0285,2022-12-03,Horse_0486,Horse_0486,Jockey_020,2,牡,1800,ダート,稍重,6,55.0,453.4,11.0,280.0,0.0,7.0,0.0,0.0,,0.243,9
R20221205_0286,2022-12-05,Horse_0484,Horse_0484,Jockey_026,7,牡,1200,芝,不良,1,54.9,444.6,4.9,36.0,4.0,1.667,1.0,1.0,1.0,0.234,1
R20221205_0286,2022-12-05,Horse_0436,Horse_0436,Jockey_012,2,牡,1200,芝,不良,3,56.4,496.2,2.7,120.0,1.0,6.5,0.0,,,0.244,7
R20221205_0286,2022-12-05,Horse_0359,Horse_0359,Jockey_074,5,牝,1200,芝,不良,9,52.9,501.4,5.7,295.0,0.0,4.333,0.333,,0.333,0.282,5
R20221205_0286,2022-12-05,Horse_0656,Horse_0656,Jockey_018,7,牡,1200,芝,不良,5,54.1,486.7,12.7,193.0,0.0,9.333,0.0,,0.0,0.463,3
R20221205_0286,2022-12-05,Horse_0064,Horse_0064,Jockey_070,5,せん,1200,芝,不良,2,57.1,439.1,-2.6,216.0,0.0,6.0,0.5,,0.5,0.229,6
R20221205_0286,2022-12-05,Horse_0507,Horse_0507,Jockey_016,3,牝,1200,芝,不良,8,54.1,473.4,8.7,178.0,1.0,4.0,0.0,0.0,0.0,0.256,2
R20221205_0286,2022-12-05,Horse_0544,Horse_0544,Jockey_045,8,牝,1200,芝,不良,6,54.2,491.1,5.2,471.0,0.0,10.0,0.0,0.0,0.0,0.273,8
R20221205_0286,2022-12-05,Horse_0861,Horse_0861,Jockey_053,8,牡,1200,芝,不良,4,56.8,431.3,-4.9,398.0,0.0,10.0,0.0,0.0,,0.14,9
R20221205_0286,2022-12-05,Horse_0504,Horse_0504,Jockey_032,8,牝,1200,芝,不良,7,56.3,497.3,-4.0,158.0,1.0,4.0,0.4,,0.5,0.219,4
R20221206_0287,2022-12-06,Horse_0605,Horse_0605,Jockey_043,8,牡,2400,芝,良,1,57.8,496.0,9.3,163.0,1.0,8.0,0.2,0.0,0.2,0.139,7
R20221206_0287,2022-12-06,Horse_0787,Horse_0787,Jockey_051,2,牡,2400,芝,良,6,54.4,451.1,-12.3,62.0,3.0,6.333,0.25,0.0,0.5,0.233,2
R20221206_0287,2022-12-06,Horse_0549,Horse_0549,Jockey_020,2,せん,2400,芝,良,4,54.2,490.1,4.7,37.0,2.0,10.0,0.0,,0.0,0.237,8
R20221206_0287,2022-12-06,Horse_0107,Horse_0107,Jockey_071,3,牝,2400,芝,良,3,55.2,452.4,-3.1,114.0,1.0,6.0,0.0,0.0,0.0,0.282,5
R20221206_0287,2022-12-06,Horse_0502,Horse_0502,Jockey_060,6,牝,2400,芝,良,2,53.8,486.8,-17.9,94.0,1.0,13.333,0.0,,,0.081,6
R20221206_0287,2022-12-06,Horse_0415,Horse_0415,Jockey_013,8,牡,2400,芝,良,5,56.0,483.3,-9.7,73.0,1.0,9.0,0.5,,0.0,0.12,3
R20221206_0287,2022-12-06,Horse_0028,Horse_0028,Jockey_034,6,牡,2400,芝,良,7,52.8,431.4,-5.0,47.0,2.0,13.667,0.0,0.0,0.0,0.214,4
R20221206_0287,2022-12-06,Horse_0319,Horse_0319,Jockey_017,6,牝,2400,芝,良,8,55.2,463.0,-11.7,16.0,2.0,5.333,0.4,0.0,0.5,0.395,1
R20221210_0288,2022-12-10,Horse_0100,Horse_0100,Jockey_024,4,牝,2000,芝,重,4,53.2,465.4,-2.5,176.0,1.0,13.0,0.0,0.0,0.0,0.14,9
R20221210_0288,2022-12-10,Horse_0111,Horse_0111,Jockey_032,3,牡,2000,芝,重,9,54.0,452.6,5.7,413.0,0.0,10.0,0.0,,0.0,0.212,10
R20221210_0288,2022-12-10,Horse_0109,Horse_0109,Jockey_045,3,牡,2000,芝,重,5,53.5,504.8,3.4,226.0,0.0,5.0,0.5,0.0,0.0,0.267,4
R20221210_0288,2022-12-10,Horse_0571,Horse_0571,Jockey_053,7,せん,2000,芝,重,6,52.8,439.9,-14.2,74.0,1.0,9.667,0.0,0.0,0.0,0.14,7
R20221210_0288,2022-12-10,Horse_0010,Horse_0010,Jockey_019,4,牡,2000,芝,重,1,56.2,496.9,4.2,119.0,2.0,7.5,0.0,0.0,0.0,0.205,5
R20221210_0288,2022-12-10,Horse_0422,Horse_0422,Jockey_040,6,牝,2000,芝,重,2,55.4,489.7,8.6,216.0,0.0,5.333,0.2,0.0,0.167,0.378,6
R20221210_0288,2022-12-10,Horse_0226,Horse_0226,Jockey_058,5,牝,2000,芝,重,7,52.6,465.9,-9.8,202.0,0.0,6.333,0.333,0.0,0.5,0.3,2
R20221210_0288,2022-12-10,Horse_0352,Horse_0352,Jockey_025,4,牝,2000,芝,重,8,54.7,466.9,-8.1,652.0,0.0,2.0,1.0,,1.0,0.386,8
R20221210_0288,2022-12-10,Horse_0520,Horse_0520,Jockey_062,4,牡,2000,芝,重,10,55.5,497.6,14.3,141.0,1.0,2.667,0.75,1.0,1.0,0.175,1
R20221210_0288,2022-12-10,Horse_0495,Horse_0495,Jockey_051,8,牡,2000,芝,重,3,54.5,439.2,22.4,54.0,1.0,4.0,0.0,,,0.25,3
R20221212_0289,2022-12-12,Horse_0067,Horse_0067,Jockey_068,6,牡,1800,芝,良,3,55.6,486.0,2.8,265.0,0.0,10.333,0.0,0.0,0.0,0.32,12
R20221212_0289,2022-12-12,Horse_0144,Horse_0144,Jockey_058,3,牡,1800,芝,良,13,55.9,458.7,-1.3,77.0,2.0,11.333,0.0,0.0,0.0,0.32,9
R20221212_0289,2022-12-12,Horse_0757,Horse_0757,Jockey_017,4,牡,1800,芝,良,11,54.5,457.7,1.5,388.0,0.0,8.333,0.25,,0.25,0.41,10
R20221212_0289,2022-12-12,Horse_0249,Horse_0249,Jockey_044,8,牡,1800,芝,良,1,55.3,449.9,-12.8,175.0,1.0,10.0,0.0,,0.0,0.289,2
R20221212_0289,2022-12-12,Horse_0632,Horse_0632,Jockey_004,5,牝,1800,芝,良,12,54.5,454.7,-3.0,32.0,2.0,9.333,0.2,0.0,0.5,0.231,6
R20221212_0289,2022-12-12,Horse_0355,Horse_0355,Jockey_039,3,牡,1800,芝,良,6,55.4,467.2,13.0,45.0,3.0,4.0,0.6,0.0,0.2,0.256,5
R20221212_0289,2022-12-12,Horse_0583,Horse_0583,Jockey_067,7,せん,1800,芝,良,2,56.1,530.6,-12.9,382.0,0.0,6.0,0.0,,0.0,0.24,13
R20221212_0289,2022-12-12,Horse_0296,Horse_0296,Jockey_002,6,せん,1800,芝,良,5,53.3,446.7,-1.0,296.0,0.0,8.0,0.2,0.0,0.25,0.381,8
R20221212_0289,2022-12-12,Horse_0381,Horse_0381,Jockey_009,2,牡,1800,芝,良,7,54.3,448.2,3.9,131.0,2.0,11.0,0.0,0.0,0.0,0.333,11
R20221212_0289,2022-12-12,Horse_0347,Horse_0347,Jockey_021,5,せん,1800,芝,良,8,55.3,458.7,3.7,26.0,1.0,4.0,0.6,1.0,0.167,0.214,3
R20221212_0289,2022-12-12,Horse_0287,Horse_0287,Jockey_032,6,牡,1800,芝,良,10,56.9,470.9,19.5,279.0,0.0,5.333,0.2,,0.5,0.206,7
R20221212_0289,2022-12-12,Horse_0463,Horse_0463,Jockey_040,6,牡,1800,芝,良,4,54.1,504.2,-3.1,21.0,3.0,10.667,0.0,0.0,0.0,0.37,4
R20221212_0289,2022-12-12,Horse_0826,Horse_0826,Jockey_018,7,牝,1800,芝,良,9,55.9,459.4,-6.2,65.0,1.0,8.333,0.4,1.0,0.5,0.476,1
R20221213_0290,2022-12-13,Horse_0174,Horse_0174,Jockey_027,7,牡,1800,ダート,良,9,58.8,460.3,-6.8,140.0,1.0,7.667,0.0,,0.0,0.161,3
R20221213_0290,2022-12-13,Horse_0016,Horse_0016,Jockey_056,4,牡,1800,ダート,良,7,56.5,424.0,-2.3,515.0,0.0,5.333,0.333,,1.0,0.342,6
R20221213_0290,2022-12-13,Horse_0193,Horse_0193,Jockey_073,2,牝,1800,ダート,良,8,53.0,483.8,0.2,10.0,3.0,7.0,0.0,0.0,0.0,0.25,8
R20221213_0290,2022-12-13,Horse_0351,Horse_0351,Jockey_031,6,牝,1800,ダート,良,4,54.5,530.0,-3.8,219.0,0.0,6.333,0.5,,0.0,0.286,2
R20221213_0290,2022-12-13,Horse_0038,Horse_0038,Jockey_059,6,牡,1800,ダート,良,5,58.1,490.5,-6.7,271.0,0.0,4.667,0.2,,0.0,0.442,9
R20221213_0290,2022-12-13,Horse_0742,Horse_0742,Jockey_050,2,牡,1800,ダート,良,3,55.9,509.4,-8.7,294.0,0.0,4.0,0.5,,0.0,0.268,4
R20221213_0290,2022-12-13,Horse_0191,Horse_0191,Jockey_030,6,せん,1800,ダート,良,2,55.1,470.0,-12.6,151.0,1.0,2.333,0.8,1.0,1.0,0.125,7
R20221213_0290,2022-12-13,Horse_0012,Horse_0012,Jockey_004,2,牡,1800,ダート,良,1,56.1,455.9,-6.5,78.0,1.0,1.0,1.0,,1.0,0.225,1
R20221213_0290,2022-12-13,Horse_0538,Horse_0538,Jockey_043,2,牝,1800,ダート,良,6,54.4,534.1,11.2,41.0,1.0,2.667,0.75,,1.0,0.135,5
R20221214_0291,2022-12-14,Horse_0032,Horse_0032,Jockey_024,4,牝,1600,芝,良,4,55.0,517.9,-8.0,86.0,3.0,5.333,0.0,0.0,0.0,0.136,6
R20221214_0291,2022-12-14,Horse_0858,Horse_0858,Jockey_019,6,牝,1600,芝,良,6,56.5,492.4,0.2,129.0,1.0,3.333,0.8,0.5,0.5,0.2,3
R20221214_0291,2022-12-14,Horse_0474,Horse_0474,Jockey_073,7,牝,1600,芝,良,11,57.0,475.7,3.2,55.0,2.0,3.667,0.6,0.0,0.25,0.244,1
R20221214_0291,2022-12-14,Horse_0753,Horse_0753,Jockey_063,2,牡,1600,芝,良,3,52.9,533.8,18.3,14.0,6.0,5.333,0.4,1.0,0.5,0.19,8
R20221214_0291,2022-12-14,Horse_0739,Horse_0739,Jockey_042,8,牡,1600,芝,良,5,54.5,424.4,10.3,42.0,2.0,8.0,0.0,0.0,0.0,0.3,2
R20221214_0291,2022-12-14,Horse_0137,Horse_0137,Jockey_080,6,牡,1600,芝,良,9,54.1,435.2,-8.3,24.0,3.0,5.0,0.2,,0.0,0.255,7
R20221214_0291,2022-12-14,Horse_0830,Horse_0830,Jockey_047,4,牝,1600,芝,良,2,52.7,428.9,7.9,290.0,0.0,10.333,0.0,0.0,0.0,0.212,10
R20221214_0291,2022-12-14,Horse_0889,Horse_0889,Jockey_059,7,牡,1600,芝,良,7,55.2,509.9,4.3,129.0,1.0,7.333,0.0,0.0,0.0,0.432,4
R20221214_0291,2022-12-14,Horse_0770,Horse_0770,Jockey_049,5,牝,1600,芝,良,1,53.3,497.2,7.1,235.0,0.0,4.0,0.75,0.0,1.0,0.255,5
R20221214_0291,2022-12-14,Horse_0200,Horse_0200,Jockey_028,4,せん,1600,芝,良,10,54.6,454.7,18.7,313.0,0.0,9.333,0.0,,0.0,0.263,9
R20221214_0291,2022-12-14,Horse_0820,Horse_0820,Jockey_036,5,牝,1600,芝,良,8,50.7,508.9,-5.6,591.0,0.0,14.5,0.0,,0.0,0.298,11
R20221217_0292,2022-12-17,Horse_0066,Horse_0066,Jockey_072,7,牡,1200,芝,良,9,54.7,439.2,2.3,111.0,3.0,10.333,0.0,,0.0,0.366,2
R20221217_0292,2022-12-17,Horse_0758,Horse_0758,Jockey_012,7,牝,1200,芝,良,4,54.9,474.0,-6.2,57.0,1.0,7.333,0.333,0.0,1.0,0.238,4
R20221217_0292,2022-12-17,Horse_0881,Horse_0881,Jockey_018,6,牡,1200,芝,良,11,54.5,481.1,-10.8,79.0,1.0,10.5,0.0,,0.0,0.488,9
R20221217_0292,2022-12-17,Horse_0145,Horse_0145,Jockey_037,5,牡,1200,芝,良,5,55.2,500.7,4.6,26.0,2.0,6.0,0.2,0.0,0.0,0.163,3
R20221217_0292,2022-12-17,Horse_0379,Horse_0379,Jockey_075,3,牝,1200,芝,良,2,56.0,511.6,-9.4,26.0,3.0,2.333,0.6,0.0,0.5,0.28,5
R20221217_0292,2022-12-17,Horse_0068,Horse_0068,Jockey_009,3,牡,1200,芝,良,7,54.0,504.3,-8.9,34.0,1.0,5.0,0.4,1.0,0.2,0.326,1
R20221217_0292,2022-12-17,Horse_0339,Horse_0339,Jockey_055,8,牡,1200,芝,良,6,53.9,452.6,-10.0,195.0,0.0,4.333,0.4,0.5,0.167,0.24,11
R20221217_0292,2022-12-17,Horse_0878,Horse_0878,Jockey_052,8,せん,1200,芝,良,3,55.5,470.2,0.7,377.0,0.0,6.0,0.25,0.0,0.333,0.267,10
R20221217_0292,2022-12-17,Horse_0265,Horse_0265,Jockey_028,2,牡,1200,芝,良,10,55.6,461.3,5.4,26.0,4.0,5.667,0.0,,0.0,0.256,7
R20221217_0292,2022-12-17,Horse_0465,Horse_0465,Jockey_041,3,牡,1200,芝,良,8,55.5,487.7,13.5,14.0,2.0,4.0,0.4,0.0,0.0,0.318,8
R20221217_0292,2022-12-17,Horse_0751,Horse_0751,Jockey_051,7,牡,1200,芝,良,1,56.3,496.2,8.1,293.0,0.0,4.667,0.333,0.0,0.0,0.267,6
R20221219_0293,2022-12-19,Horse_0202,Horse_0202,Jockey_032,6,牝,1400,ダート,稍重,4,55.8,529.7,-3.8,83.0,2.0,5.667,0.2,0.0,0.25,0.2,9
R20221219_0293,2022-12-19,Horse_0821,Horse_0821,Jockey_055,2,牡,1400,ダート,稍重,11,55.2,423.1,9.6,110.0,2.0,4.0,0.2,0.0,,0.24,14
R20221219_0293,2022-12-19,Horse_0662,Horse_0662,Jockey_046,7,牡,1400,ダート,稍重,6,53.7,451.9,4.1,42.0,2.0,11.0,0.0,0.0,0.0,0.22,12
R20221219_0293,2022-12-19,Horse_0673,Horse_0673,Jockey_026,4,牡,1400,ダート,稍重,9,53.7,490.4,-3.2,27.0,3.0,3.667,0.75,,0.0,0.25,1
R20221219_0293,2022-12-19,Horse_0896,Horse_0896,Jockey_021,7,牝,1400,ダート,稍重,2,55.6,470.9,-0.9,271.0,0.0,8.667,0.0,0.0,0.0,0.233,13
R20221219_0293,2022-12-19,Horse_0854,Horse_0854,Jockey_006,4,牝,1400,ダート,稍重,15,57.1,450.5,4.9,240.0,0.0,7.333,0.0,,0.0,0.293,11
R20221219_0293,2022-12-19,Horse_0161,Horse_0161,Jockey_066,6,牝,1400,ダート,稍重,1,54.2,429.7,-4.0,447.0,0.0,2.0,0.75,1.0,0.5,0.282,8
R20221219_0293,2022-12-19,Horse_0475,Horse_0475,Jockey_042,8,牡,1400,ダート,稍重,8,55.0,459.6,13.9,125.0,2.0,3.667,0.6,,0.667,0.3,6
R20221219_0293,2022-12-19,Horse_0269,Horse_0269,Jockey_028,4,牝,1400,ダート,稍重,3,56.5,461.0,-2.0,161.0,1.0,1.667,1.0,1.0,1.0,0.25,2
R20221219_0293,2022-12-19,Horse_0791,Horse_0791,Jockey_075,5,牡,1400,ダート,稍重,14,56.3,452.5,-16.7,458.0,0.0,4.667,0.667,0.5,0.5,0.28,15
R20221219_0293,2022-12-19,Horse_0776,Horse_0776,Jockey_008,4,牡,1400,ダート,稍重,10,56.2,486.8,11.1,20.0,1.0,3.333,0.6,,0.333,0.15,4
R20221219_0293,2022-12-19,Horse_0853,Horse_0853,Jockey_060,8,牡,1400,ダート,稍重,13,54.5,455.2,-9.0,197.0,0.0,6.667,0.2,0.0,0.0,0.079,10
R20221219_0293,2022-12-19,Horse_0407,Horse_0407,Jockey_080,6,牝,1400,ダート,稍重,12,53.9,447.9,1.9,65.0,2.0,4.667,0.2,0.0,1.0,0.25,7
R20221219_0293,2022-12-19,Horse_0899,Horse_0899,Jockey_057,4,牝,1400,ダート,稍重,5,55.8,492.3,2.7,172.0,1.0,6.667,0.2,0.0,,0.4,3
R20221219_0293,2022-12-19,Horse_0812,Horse_0812,Jockey_041,6,牡,1400,ダート,稍重,7,55.0,506.1,-1.1,81.0,2.0,7.333,0.0,0.0,0.0,0.311,5
R20221223_0294,2022-12-23,Horse_0686,Horse_0686,Jockey_043,8,牡,1400,ダート,稍重,14,54.3,428.9,-1.0,99.0,1.0,9.333,0.0,0.0,0.0,0.132,11
R20221223_0294,2022-12-23,Horse_0721,Horse_0721,Jockey_079,2,牡,1400,ダート,稍重,5,54.1,427.7,2.9,180.0,1.0,5.667,0.333,0.5,1.0,0.159,6
R20221223_0294,2022-12-23,Horse_0895,Horse_0895,Jockey_027,7,牝,1400,ダート,稍重,3,53.0,499.8,0.4,95.0,2.0,8.333,0.2,,0.667,0.188,12
R20221223_0294,2022-12-23,Horse_0385,Horse_0385,Jockey_008,7,せん,1400,ダート,稍重,12,53.6,481.1,-7.6,234.0,0.0,5.667,0.2,,0.0,0.146,5
R20221223_0294,2022-12-23,Horse_0083,Horse_0083,Jockey_073,4,牡,1400,ダート,稍重,6,52.4,459.3,-9.3,54.0,3.0,7.667,0.0,0.0,0.0,0.262,9
R20221223_0294,2022-12-23,Horse_0355,Horse_0355,Jockey_041,3,牡,1400,ダート,稍重,2,56.4,469.0,1.8,11.0,4.0,3.667,0.4,,1.0,0.304,10
R20221223_0294,2022-12-23,Horse_0276,Horse_0276,Jockey_018,6,牝,1400,ダート,稍重,9,55.4,517.8,1.8,72.0,2.0,5.0,0.4,0.0,0.667,0.477,2
R20221223_0294,2022-12-23,Horse_0767,Horse_0767,Jockey_021,3,牡,1400,ダート,稍重,11,55.3,447.5,-11.2,227.0,0.0,9.0,0.0,0.0,0.0,0.227,13
R20221223_0294,2022-12-23,Horse_0080,Horse_0080,Jockey_069,5,牡,1400,ダート,稍重,13,55.3,466.6,1.6,59.0,3.0,7.0,0.2,0.0,0.0,0.326,7
R20221223_0294,2022-12-23,Horse_0277,Horse_0277,Jockey_024,6,牡,1400,ダート,稍重,8,52.8,432.5,1.6,114.0,2.0,5.0,0.2,0.0,0.333,0.133,3
R20221223_0294,2022-12-23,Horse_0464,Horse_0464,Jockey_054,7,せん,1400,ダート,稍重,10,54.6,432.1,4.9,114.0,1.0,10.667,0.0,0.0,0.0,0.22,14
R20221223_0294,2022-12-23,Horse_0797,Horse_0797,Jockey_059,8,せん,1400,ダート,稍重,1,55.7,485.7,5.8,193.0,0.0,3.333,0.4,1.0,1.0,0.422,4
R20221223_0294,2022-12-23,Horse_0784,Horse_0784,Jockey_022,6,牝,1400,ダート,稍重,4,53.6,386.8,-13.8,81.0,1.0,5.333,0.0,,0.0,0.204,8
R20221223_0294,2022-12-23,Horse_0296,Horse_0296,Jockey_045,6,せん,1400,ダート,稍重,7,54.0,438.9,-7.8,11.0,1.0,6.667,0.2,0.5,0.333,0.261,1
R20221224_0295,2022-12-24,Horse_0892,Horse_0892,Jockey_060,8,牡,2000,芝,重,4,55.3,461.1,-8.1,34.0,2.0,11.333,0.0,,0.0,0.077,15
R20221224_0295,2022-12-24,Horse_0002,Horse_0002,Jockey_037,7,牝,2000,芝,重,2,55.4,468.8,-2.3,141.0,1.0,3.333,0.6,0.667,0.5,0.18,4
R20221224_0295,2022-12-24,Horse_0119,Horse_0119,Jockey_034,5,牝,2000,芝,重,13,55.0,409.8,2.7,198.0,0.0,4.667,0.4,,0.75,0.209,5
R20221224_0295,2022-12-24,Horse_0524,Horse_0524,Jockey_065,5,牝,2000,芝,重,5,53.9,408.6,-2.8,24.0,2.0,9.0,0.0,0.0,,0.31,2
R20221224_0295,2022-12-24,Horse_0813,Horse_0813,Jockey_080,2,牡,2000,芝,重,7,56.6,451.8,,,0.0,,,,,0.245,12
R20221224_0295,2022-12-24,Horse_0508,Horse_0508,Jockey_021,3,牝,2000,芝,重,9,54.1,481.5,-2.1,64.0,1.0,5.667,0.2,,0.0,0.222,7
R20221224_0295,2022-12-24,Horse_0270,Horse_0270,Jockey_075,4,牡,2000,芝,重,15,55.3,434.4,-0.4,398.0,0.0,6.0,0.2,0.0,0.25,0.28,8
R20221224_0295,2022-12-24,Horse_0101,Horse_0101,Jockey_053,8,牝,2000,芝,重,8,54.8,486.9,0.1,34.0,2.0,4.0,0.6,,0.5,0.14,1
R20221224_0295,2022-12-24,Horse_0366,Horse_0366,Jockey_020,5,牡,2000,芝,重,3,55.7,452.7,5.8,131.0,2.0,3.667,0.6,1.0,0.667,0.231,9
R20221224_0295,2022-12-24,Horse_0353,Horse_0353,Jockey_047,2,牝,2000,芝,重,11,54.8,425.5,-5.4,205.0,0.0,9.0,0.0,0.0,0.0,0.206,6
R20221224_0295,2022-12-24,Horse_0875,Horse_0875,Jockey_070,7,牝,2000,芝,重,1,54.0,439.6,-4.0,57.0,2.0,7.0,0.333,,1.0,0.224,13
R20221224_0295,2022-12-24,Horse_0764,Horse_0764,Jockey_062,4,牝,2000,芝,重,10,55.8,428.8,-12.1,70.0,1.0,10.667,0.2,1.0,0.25,0.195,3
R20221224_0295,2022-12-24,Horse_0809,Horse_0809,Jockey_026,5,牡,2000,芝,重,12,54.7,535.0,-4.0,348.0,0.0,4.333,0.6,,1.0,0.265,14
R20221224_0295,2022-12-24,Horse_0085,Horse_0085,Jockey_015,6,牡,2000,芝,重,14,53.5,458.8,0.4,130.0,1.0,11.0,0.0,0.0,0.0,0.079,11
R20221224_0295,2022-12-24,Horse_0763,Horse_0763,Jockey_007,3,牝,2000,芝,重,6,54.0,538.0,-1.4,132.0,1.0,8.667,0.0,0.0,0.0,0.159,10
R20221228_0296,2022-12-28,Horse_0655,Horse_0655,Jockey_008,6,牡,1400,芝,稍重,2,55.0,523.2,3.9,116.0,2.0,3.0,0.8,,1.0,0.143,5
R20221228_0296,2022-12-28,Horse_0786,Horse_0786,Jockey_033,6,牝,1400,芝,稍重,5,54.9,464.7,11.2,51.0,3.0,4.667,0.4,,,0.333,7
R20221228_0296,2022-12-28,Horse_0754,Horse_0754,Jockey_080,6,牡,1400,芝,稍重,9,54.0,482.3,6.7,375.0,0.0,8.0,0.333,,1.0,0.24,11
R20221228_0296,2022-12-28,Horse_0713,Horse_0713,Jockey_023,5,牡,1400,芝,稍重,10,54.9,472.8,-3.6,36.0,3.0,7.0,0.0,0.0,0.0,0.062,1
R20221228_0296,2022-12-28,Horse_0221,Horse_0221,Jockey_071,8,牝,1400,芝,稍重,11,55.5,516.2,-1.2,143.0,2.0,2.333,0.667,,,0.275,3
R20221228_0296,2022-12-28,Horse_0196,Horse_0196,Jockey_060,6,牝,1400,芝,稍重,8,54.4,502.3,1.9,122.0,1.0,7.667,0.2,1.0,0.25,0.075,9
R20221228_0296,2022-12-28,Horse_0175,Horse_0175,Jockey_037,2,せん,1400,芝,稍重,4,53.2,506.7,-0.9,81.0,1.0,6.0,0.0,,,0.18,6
R20221228_0296,2022-12-28,Horse_0738,Horse_0738,Jockey_056,6,牝,1400,芝,稍重,3,56.3,423.5,-4.7,610.0,0.0,12.0,0.0,,,0.333,13
R20221228_0296,2022-12-28,Horse_0556,Horse_0556,Jockey_032,4,せん,1400,芝,稍重,13,54.1,524.4,0.8,122.0,1.0,12.5,0.0,,0.0,0.194,12
R20221228_0296,2022-12-28,Horse_0066,Horse_0066,Jockey_052,7,牡,1400,芝,稍重,12,53.4,438.8,-0.4,11.0,3.0,7.667,0.2,0.0,0.1,0.261,8
R20221228_0296,2022-12-28,Horse_0804,Horse_0804,Jockey_078,2,牝,1400,芝,稍重,7,53.4,494.2,12.9,220.0,0.0,4.0,0.5,,0.0,0.244,2
R20221228_0296,2022-12-28,Horse_0629,Horse_0629,Jockey_027,6,牡,1400,芝,稍重,6,55.1,493.2,-11.5,314.0,0.0,3.667,0.4,0.0,0.2,0.182,10
R20221228_0296,2022-12-28,Horse_0706,Horse_0706,Jockey_068,2,牝,1400,芝,稍重,1,51.7,457.8,-2.6,122.0,1.0,4.5,0.5,,1.0,0.3,4
R20221230_0297,2022-12-30,Horse_0291,Horse_0291,Jockey_052,5,牝,2000,ダート,良,10,53.8,428.5,-12.4,53.0,1.0,8.333,0.4,1.0,0.0,0.255,4
R20221230_0297,2022-12-30,Horse_0677,Horse_0677,Jockey_012,8,せん,2000,ダート,良,7,55.1,505.7,4.7,252.0,0.0,14.0,0.0,0.0,0.0,0.233,9
R20221230_0297,2022-12-30,Horse_0041,Horse_0041,Jockey_016,5,牡,2000,ダート,良,9,58.1,503.3,3.1,139.0,1.0,4.333,0.0,0.0,0.0,0.275,3
R20221230_0297,2022-12-30,Horse_0292,Horse_0292,Jockey_079,8,牡,2000,ダート,良,4,54.0,465.7,-5.3,225.0,0.0,10.0,0.0,,0.0,0.156,7
R20221230_0297,2022-12-30,Horse_0626,Horse_0626,Jockey_063,4,せん,2000,ダート,良,1,56.4,443.9,-6.3,433.0,0.0,1.667,1.0,0.0,1.0,0.186,10
R20221230_0297,2022-12-30,Horse_0166,Horse_0166,Jockey_038,4,せん,2000,ダート,良,6,54.4,481.0,4.0,66.0,3.0,9.0,0.0,0.0,0.0,0.208,8
R20221230_0297,2022-12-30,Horse_0193,Horse_0193,Jockey_014,2,牝,2000,ダート,良,8,53.9,491.1,7.3,17.0,4.0,6.667,0.0,0.0,0.0,0.125,6
R20221230_0297,2022-12-30,Horse_0817,Horse_0817,Jockey_054,2,せん,2000,ダート,良,3,54.8,418.4,,,0.0,,,,,0.214,1
R20221230_0297,2022-12-30,Horse_0602,Horse_0602,Jockey_034,8,せん,2000,ダート,良,5,54.4,508.0,2.5,246.0,0.0,7.0,0.0,0.0,0.0,0.205,2
R20221230_0297,2022-12-30,Horse_0297,Horse_0297,Jockey_039,6,牡,2000,ダート,良,2,54.3,423.1,-1.1,61.0,1.0,11.5,0.0,,0.0,0.25,5
R20230103_0298,2023-01-03,Horse_0513,Horse_0513,Jockey_042,7,牝,1800,芝,良,4,55.0,466.4,-0.7,235.0,0.0,6.667,0.4,0.0,0.333,0.3,6
R20230103_0298,2023-01-03,Horse_0147,Horse_0147,Jockey_072,9,牡,1800,芝,良,2,55.7,452.9,-1.0,31.0,1.0,3.0,0.6,1.0,0.333,0.381,1
R20230103_0298,2023-01-03,Horse_0627,Horse_0627,Jockey_056,5,牡,1800,芝,良,5,56.1,476.8,6.1,138.0,1.0,8.0,0.2,1.0,0.0,0.325,8
R20230103_0298,2023-01-03,Horse_0030,Horse_0030,Jockey_043,8,牡,1800,芝,良,1,55.4,466.2,-3.2,245.0,0.0,4.667,0.2,0.0,0.25,0.128,7
R20230103_0298,2023-01-03,Horse_0641,Horse_0641,Jockey_012,4,牝,1800,芝,良,6,53.0,516.8,4.9,344.0,0.0,8.5,0.0,,0.0,0.227,4
R20230103_0298,2023-01-03,Horse_0267,Horse_0267,Jockey_004,8,牡,1800,芝,良,3,54.6,435.5,2.1,450.0,0.0,1.333,1.0,1.0,1.0,0.244,3
R20230103_0298,2023-01-03,Horse_0636,Horse_0636,Jockey_076,9,牝,1800,芝,良,8,53.2,502.7,-21.6,54.0,1.0,10.333,0.0,0.0,0.0,0.256,5
R20230103_0298,2023-01-03,Horse_0622,Horse_0622,Jockey_057,3,牡,1800,芝,良,7,54.9,468.8,-2.4,142.0,3.0,5.667,0.2,,0.25,0.4,2
R20230106_0299,2023-01-06,Horse_0337,Horse_0337,Jockey_004,7,牝,2000,ダート,重,1,54.7,480.8,-7.0,215.0,0.0,9.0,0.0,,0.0,0.262,4
R20230106_0299,2023-01-06,Horse_0483,Horse_0483,Jockey_071,5,牡,2000,ダート,重,5,54.4,524.5,-9.3,323.0,0.0,6.0,0.4,0.0,0.4,0.293,11
R20230106_0299,2023-01-06,Horse_0190,Horse_0190,Jockey_008,6,牡,2000,ダート,重,7,54.8,478.1,0.1,327.0,0.0,14.667,0.0,0.0,0.0,0.14,8
R20230106_0299,2023-01-06,Horse_0623,Horse_0623,Jockey_029,2,牡,2000,ダート,重,11,52.6,498.3,,,0.0,,,,,0.19,3
R20230106_0299,2023-01-06,Horse_0565,Horse_0565,Jockey_003,5,牝,2000,ダート,重,3,54.8,478.5,23.6,128.0,1.0,8.333,0.0,,0.0,0.275,5
R20230106_0299,2023-01-06,Horse_0092,Horse_0092,Jockey_015,8,牝,2000,ダート,重,2,53.1,478.7,-13.6,285.0,0.0,7.0,0.333,1.0,,0.077,9
R20230106_0299,2023-01-06,Horse_0425,Horse_0425,Jockey_021,7,牝,2000,ダート,重,6,55.0,480.2,-6.9,145.0,1.0,6.333,0.333,,0.0,0.217,10
R20230106_0299,2023-01-06,Horse_0509,Horse_0509,Jockey_048,4,牝,2000,ダート,重,4,55.6,498.6,1.7,125.0,1.0,2.0,0.6,,0.667,0.195,1
R20230106_0299,2023-01-06,Horse_0091,Horse_0091,Jockey_010,4,牡,2000,ダート,重,9,55.2,457.6,-8.7,98.0,2.0,5.667,0.4,0.0,0.667,0.32,6
R20230106_0299,2023-01-06,Horse_0543,Horse_0543,Jockey_035,9,牡,2000,ダート,重,8,52.7,497.3,1.1,332.0,0.0,2.667,0.4,,0.2,0.324,7
R20230106_0299,2023-01-06,Horse_0095,Horse_0095,Jockey_049,9,せん,2000,ダート,重,10,55.8,494.0,4.1,185.0,0.0,9.333,0.0,,0.0,0.25,2
R20230108_0300,2023-01-08,Horse_0737,Horse_0737,Jockey_030,9,牝,1200,ダート,良,8,53.6,436.1,3.6,122.0,1.0,8.0,0.0,0.0,0.0,0.122,7
R20230108_0300,2023-01-08,Horse_0063,Horse_0063,Jockey_054,9,牝,1200,ダート,良,3,53.9,505.1,4.8,154.0,1.0,5.333,0.0,,0.0,0.233,3
R20230108_0300,2023-01-08,Horse_0885,Horse_0885,Jockey_032,2,牡,1200,ダート,良,4,56.2,494.1,,,0.0,,,,,0.189,2
R20230108_0300,2023-01-08,Horse_0535,Horse_0535,Jockey_066,6,せん,1200,ダート,良,7,55.3,501.2,-11.4,100.0,1.0,5.667,0.0,,0.0,0.275,4
R20230108_0300,2023-01-08,Horse_0317,Horse_0317,Jockey_060,5,牡,1200,ダート,良,1,53.6,413.0,-8.4,156.0,2.0,7.333,0.0,0.0,0.0,0.073,8
R20230108_0300,2023-01-08,Horse_0388,Horse_0388,Jockey_003,9,牝,1200,ダート,良,2,56.5,446.5,-4.6,67.0,2.0,8.0,0.0,,0.0,0.268,6
R20230108_0300,2023-01-08,Horse_0625,Horse_0625,Jockey_010,4,牡,1200,ダート,良,5,54.0,499.2,2.9,69.0,1.0,2.333,0.8,1.0,0.667,0.32,1
R20230108_0300,2023-01-08,Horse_0079,Horse_0079,Jockey_074,6,牡,1200,ダート,良,6,53.4,466.6,-5.8,191.0,0.0,4.333,0.4,0.0,0.333,0.275,5
R20230110_0301,2023-01-10,Horse_0663,Horse_0663,Jockey_050,4,牝,1600,ダート,良,1,53.3,471.4,-6.4,72.0,2.0,5.0,0.6,0.5,0.5,0.262,5
R20230110_0301,2023-01-10,Horse_0384,Horse_0384,Jockey_035,8,牝,1600,ダート,良,3,55.2,478.9,8.1,621.0,0.0,4.0,0.0,0.0,0.0,0.314,12
R20230110_0301,2023-01-10,Horse_0043,Horse_0043,Jockey_079,6,牡,1600,ダート,良,11,52.9,499.2,-8.0,514.0,0.0,12.667,0.0,0.0,0.0,0.152,13
R20230110_0301,2023-01-10,Horse_0313,Horse_0313,Jockey_068,6,牡,1600,ダート,良,13,52.8,475.3,-14.7,219.0,0.0,6.333,0.6,0.0,0.375,0.3,11
R20230110_0301,2023-01-10,Horse_0768,Horse_0768,Jockey_012,7,牝,1600,ダート,良,2,54.7,453.5,28.5,50.0,2.0,6.667,0.0,0.0,0.0,0.222,8
R20230110_0301,2023-01-10,Horse_0854,Horse_0854,Jockey_003,5,牝,1600,ダート,良,7,55.5,450.4,-0.1,22.0,1.0,7.667,0.0,0.0,0.0,0.262,9
R20230110_0301,2023-01-10,Horse_0601,Horse_0601,Jockey_009,8,牡,1600,ダート,良,5,57.0,488.2,20.1,51.0,4.0,8.667,0.0,0.0,0.0,0.341,7
R20230110_0301,2023-01-10,Horse_0106,Horse_0106,Jockey_052,9,牡,1600,ダート,良,8,55.7,391.2,2.7,38.0,1.0,8.0,0.2,0.5,0.0,0.25,2
R20230110_0301,2023-01-10,Horse_0040,Horse_0040,Jockey_025,9,せん,1600,ダート,良,10,55.1,454.1,4.5,42.0,1.0,10.333,0.0,0.0,0.0,0.378,3
R20230110_0301,2023-01-10,Horse_0508,Horse_0508,Jockey_043,4,牝,1600,ダート,良,4,53.9,484.8,3.3,17.0,2.0,7.333,0.2,0.0,0.25,0.125,4
R20230110_0301,2023-01-10,Horse_0741,Horse_0741,Jockey_038,6,牡,1600,ダート,良,6,56.1,500.5,12.7,46.0,1.0,8.667,0.0,0.0,0.0,0.204,6
R20230110_0301,2023-01-10,Horse_0115,Horse_0115,Jockey_039,3,牡,1600,ダート,良,9,56.3,475.4,-3.6,179.0,1.0,1.0,1.0,1.0,,0.244,1
R20230110_0301,2023-01-10,Horse_0289,Horse_0289,Jockey_046,8,牡,1600,ダート,良,12,58.1,438.9,-10.4,207.0,0.0,10.333,0.0,,,0.214,10
R20230111_0302,2023-01-11,Horse_0549,Horse_0549,Jockey_048,3,せん,2400,ダート,稍重,5,51.9,490.2,0.1,36.0,3.0,8.0,0.0,0.0,0.0,0.214,10
R20230111_0302,2023-01-11,Horse_0577,Horse_0577,Jockey_070,3,牡,2400,ダート,稍重,9,53.9,506.3,14.2,73.0,1.0,7.667,0.25,,0.0,0.22,1
R20230111_0302,2023-01-11,Horse_0752,Horse_0752,Jockey_026,4,牡,2400,ダート,稍重,11,55.3,478.5,-2.5,88.0,2.0,4.333,0.5,,0.5,0.26,2
R20230111_0302,2023-01-11,Horse_0870,Horse_0870,Jockey_042,4,せん,2400,ダート,稍重,2,55.0,513.1,-12.1,569.0,0.0,9.667,0.0,,0.0,0.3,13
R20230111_0302,2023-01-11,Horse_0765,Horse_0765,Jockey_029,3,牡,2400,ダート,稍重,13,55.4,416.4,21.4,165.0,1.0,1.0,1.0,,1.0,0.209,4
R20230111_0302,2023-01-11,Horse_0265,Horse_0265,Jockey_054,3,牡,2400,ダート,稍重,4,56.7,443.5,-17.8,25.0,5.0,5.333,0.0,,0.0,0.25,11
R20230111_0302,2023-01-11,Horse_0372,Horse_0372,Jockey_024,4,牝,2400,ダート,稍重,8,57.2,426.3,-10.0,83.0,1.0,6.667,0.0,,0.0,0.152,9
R20230111_0302,2023-01-11,Horse_0780,Horse_0780,Jockey_049,3,牝,2400,ダート,稍重,1,54.4,458.0,15.2,114.0,2.0,2.0,1.0,,1.0,0.265,6
R20230111_0302,2023-01-11,Horse_0128,Horse_0128,Jockey_056,2,牡,2400,ダート,稍重,12,55.8,510.0,,,0.0,,,,,0.317,8
R20230111_0302,2023-01-11,Horse_0850,Horse_0850,Jockey_020,2,牝,2400,ダート,稍重,3,54.4,472.3,,,0.0,,,,,0.225,7
R20230111_0302,2023-01-11,Horse_0656,Horse_0656,Jockey_051,8,牡,2400,ダート,稍重,10,57.4,487.1,0.4,37.0,1.0,6.0,0.25,,0.0,0.261,5
R20230111_0302,2023-01-11,Horse_0866,Horse_0866,Jockey_067,7,牝,2400,ダート,稍重,6,57.7,464.5,5.0,333.0,0.0,8.0,0.0,0.0,,0.24,12
R20230111_0302,2023-01-11,Horse_0450,Horse_0450,Jockey_010,4,牝,2400,ダート,稍重,7,56.5,507.9,3.2,212.0,0.0,7.0,0.25,,0.0,0.34,3
R20230114_0303,2023-01-14,Horse_0897,Horse_0897,Jockey_014,7,牡,2000,芝,良,13,53.9,424.6,8.1,112.0,2.0,14.0,0.0,0.0,0.0,0.122,11
R20230114_0303,2023-01-14,Horse_0767,Horse_0767,Jockey_072,4,牡,2000,芝,良,2,55.0,468.4,20.9,22.0,1.0,10.333,0.0,,0.0,0.395,12
R20230114_0303,2023-01-14,Horse_0477,Horse_0477,Jockey_043,7,牡,2000,芝,良,1,56.6,488.2,2.7,112.0,1.0,6.0,0.0,,0.0,0.122,4
R20230114_0303,2023-01-14,Horse_0871,Horse_0871,Jockey_025,5,牝,2000,芝,良,7,57.2,491.0,-4.3,86.0,1.0,13.0,0.0,0.0,0.0,0.391,5
R20230114_0303,2023-01-14,Horse_0781,Horse_0781,Jockey_035,8,牡,2000,芝,良,10,55.3,460.7,11.1,303.0,0.0,1.667,1.0,1.0,1.0,0.306,8
R20230114_0303,2023-01-14,Horse_0442,Horse_0442,Jockey_042,4,牝,2000,芝,良,11,53.3,500.9,-11.6,85.0,2.0,9.0,0.0,,0.0,0.28,14
R20230114_0303,2023-01-14,Horse_0439,Horse_0439,Jockey_057,6,牝,2000,芝,良,4,55.6,425.2,1.5,176.0,1.0,5.333,0.2,0.0,0.0,0.42,9
R20230114_0303,2023-01-14,Horse_0200,Horse_0200,Jockey_018,5,せん,2000,芝,良,6,53.7,433.1,-21.6,31.0,1.0,8.667,0.0,0.0,0.0,0.489,13
R20230114_0303,2023-01-14,Horse_0891,Horse_0891,Jockey_017,3,牝,2000,芝,良,8,54.7,513.3,,,0.0,,,,,0.4,7
R20230114_0303,2023-01-14,Horse_0192,Horse_0192,Jockey_069,8,牝,2000,芝,良,3,54.7,502.4,4.0,121.0,3.0,2.0,0.8,0.0,0.667,0.318,6
R20230114_0303,2023-01-14,Horse_0631,Horse_0631,Jockey_023,7,牝,2000,芝,良,15,55.9,447.7,-3.4,98.0,1.0,8.667,0.0,0.5,0.25,0.091,10
R20230114_0303,2023-01-14,Horse_0018,Horse_0018,Jockey_053,6,せん,2000,芝,良,12,54.4,443.9,5.8,62.0,2.0,6.0,0.0,0.0,0.0,0.16,3
R20230114_0303,2023-01-14,Horse_0249,Horse_0249,Jockey_062,9,牡,2000,芝,良,5,55.1,464.3,14.4,33.0,1.0,8.333,0.2,,0.2,0.214,2
R20230114_0303,2023-01-14,Horse_0585,Horse_0585,Jockey_077,5,牡,2000,芝,良,14,54.2,461.4,2.8,399.0,0.0,3.5,0.5,0.0,,0.026,15
R20230114_0303,2023-01-14,Horse_0030,Horse_0030,Jockey_009,8,牡,2000,芝,良,9,53.4,470.7,4.5,11.0,1.0,5.333,0.2,,0.2,0.333,1
R20230117_0304,2023-01-17,Horse_0052,Horse_0052,Jockey_024,6,牝,1400,芝,稍重,3,53.6,490.9,-5.6,211.0,0.0,5.0,0.5,0.0,0.5,0.149,13
R20230117_0304,2023-01-17,Horse_0260,Horse_0260,Jockey_005,6,牡,1400,芝,稍重,13,52.9,440.5,-7.7,180.0,1.0,5.0,0.4,0.0,0.5,0.521,2
R20230117_0304,2023-01-17,Horse_0330,Horse_0330,Jockey_052,6,牡,1400,芝,稍重,8,54.1,446.2,-16.9,146.0,1.0,9.0,0.0,,0.0,0.265,8
R20230117_0304,2023-01-17,Horse_0775,Horse_0775,Jockey_033,3,牡,1400,芝,稍重,10,55.6,484.3,0.9,189.0,0.0,1.0,1.0,,,0.323,6
R20230117_0304,2023-01-17,Horse_0669,Horse_0669,Jockey_010,4,牡,1400,芝,稍重,14,53.2,494.2,0.6,149.0,1.0,5.667,0.2,0.0,0.0,0.34,5
R20230117_0304,2023-01-17,Horse_0157,Horse_0157,Jockey_003,2,牡,1400,芝,稍重,2,53.7,427.1,,,0.0,,,,,0.256,12
R20230117_0304,2023-01-17,Horse_0831,Horse_0831,Jockey_014,3,牝,1400,芝,稍重,9,53.6,485.7,-1.9,89.0,2.0,2.667,0.75,1.0,1.0,0.12,3
R20230117_0304,2023-01-17,Horse_0531,Horse_0531,Jockey_060,6,牡,1400,芝,稍重,6,52.2,503.1,12.1,97.0,3.0,5.0,0.2,0.0,0.0,0.071,10
R20230117_0304,2023-01-17,Horse_0896,Horse_0896,Jockey_030,8,牝,1400,芝,稍重,12,56.0,473.1,2.2,29.0,1.0,8.667,0.0,0.0,0.0,0.119,9
R20230117_0304,2023-01-17,Horse_0548,Horse_0548,Jockey_042,7,牡,1400,芝,稍重,4,57.5,472.2,-3.4,56.0,3.0,7.0,0.2,0.0,0.143,0.28,11
R20230117_0304,2023-01-17,Horse_0042,Horse_0042,Jockey_045,6,牡,1400,芝,稍重,5,53.7,441.9,-8.3,75.0,1.0,8.0,0.333,1.0,0.0,0.277,4
R20230117_0304,2023-01-17,Horse_0792,Horse_0792,Jockey_040,2,牝,1400,芝,稍重,11,56.2,456.5,,,0.0,,,,,0.362,7
R20230117_0304,2023-01-17,Horse_0615,Horse_0615,Jockey_080,4,牝,1400,芝,稍重,1,54.2,522.3,-12.3,201.0,0.0,10.0,0.0,0.0,0.0,0.24,14
R20230117_0304,2023-01-17,Horse_0274,Horse_0274,Jockey_061,2,牡,1400,芝,稍重,7,55.9,462.9,,,0.0,,,,,0.32,1
R20230120_0305,2023-01-20,Horse_0848,Horse_0848,Jockey_080,5,牝,1400,芝,良,5,55.3,420.9,2.3,68.0,2.0,6.333,0.0,,0.0,0.24,6
R20230120_0305,2023-01-20,Horse_0579,Horse_0579,Jockey_037,4,牡,1400,芝,良,2,55.0,439.3,-13.3,65.0,1.0,12.333,0.0,0.0,0.0,0.18,4
R20230120_0305,2023-01-20,Horse_0399,Horse_0399,Jockey_006,8,牡,1400,芝,良,4,55.5,462.4,-9.3,641.0,0.0,5.0,0.0,,,0.286,9
R20230120_0305,2023-01-20,Horse_0453,Horse_0453,Jockey_053,6,牡,1400,芝,良,1,56.6,435.5,-0.5,246.0,0.0,10.0,0.0,0.0,0.0,0.18,8
R20230120_0305,2023-01-20,Horse_0581,Horse_0581,Jockey_046,3,牡,1400,芝,良,6,53.6,466.8,,,0.0,,,,,0.209,2
R20230120_0305,2023-01-20,Horse_0229,Horse_0229,Jockey_035,3,牡,1400,芝,良,8,53.2,516.4,,,0.0,,,,,0.297,1
R20230120_0305,2023-01-20,Horse_0328,Horse_0328,Jockey_063,6,牡,1400,芝,良,3,55.5,517.4,5.4,375.0,0.0,5.667,0.5,0.0,0.0,0.182,5
R20230120_0305,2023-01-20,Horse_0129,Horse_0129,Jockey_040,6,牡,1400,芝,良,7,57.2,546.9,0.7,79.0,1.0,8.667,0.0,0.0,0.0,0.354,3
R20230120_0305,2023-01-20,Horse_0449,Horse_0449,Jockey_030,6,牝,1400,芝,良,9,53.1,469.4,-9.0,249.0,0.0,5.667,0.25,1.0,0.5,0.116,7
R20230122_0306,2023-01-22,Horse_0035,Horse_0035,Jockey_030,2,牡,1200,ダート,稍重,11,56.5,418.9,,,0.0,,,,,0.114,2
R20230122_0306,2023-01-22,Horse_0017,Horse_0017,Jockey_071,8,牝,1200,ダート,稍重,10,53.8,487.4,5.3,109.0,2.0,7.0,0.25,0.5,0.5,0.286,3
R20230122_0306,2023-01-22,Horse_0622,Horse_0622,Jockey_027,3,牡,1200,ダート,稍重,6,57.2,477.0,8.2,19.0,2.0,5.0,0.4,,0.0,0.176,6
R20230122_0306,2023-01-22,Horse_0843,Horse_0843,Jockey_021,6,牝,1200,ダート,稍重,5,52.7,464.0,-0.6,117.0,1.0,7.667,0.0,0.0,0.0,0.213,11
R20230122_0306,2023-01-22,Horse_0357,Horse_0357,Jockey_066,3,牡,1200,ダート,稍重,7,53.6,434.5,,,0.0,,,,,0.268,12
R20230122_0306,2023-01-22,Horse_0752,Horse_0752,Jockey_061,4,牡,1200,ダート,稍重,2,52.1,483.3,4.8,11.0,3.0,4.667,0.6,1.0,0.667,0.34,4
R20230122_0306,2023-01-22,Horse_0258,Horse_0258,Jockey_007,5,牡,1200,ダート,稍重,14,55.6,429.4,0.4,201.0,0.0,8.333,0.2,0.0,0.0,0.156,14
R20230122_0306,2023-01-22,Horse_0882,Horse_0882,Jockey_079,7,牝,1200,ダート,稍重,3,56.3,444.3,-1.0,206.0,0.0,8.667,0.333,,1.0,0.149,7
R20230122_0306,2023-01-22,Horse_0498,Horse_0498,Jockey_023,4,牝,1200,ダート,稍重,12,54.9,442.6,-15.0,99.0,2.0,5.333,0.4,0.0,1.0,0.088,8
R20230122_0306,2023-01-22,Horse_0270,Horse_0270,Jockey_052,5,牡,1200,ダート,稍重,1,55.2,440.7,6.3,29.0,1.0,7.333,0.0,,0.0,0.26,1
R20230122_0306,2023-01-22,Horse_0830,Horse_0830,Jockey_032,5,牝,1200,ダート,稍重,13,57.6,428.5,-0.4,39.0,1.0,10.667,0.0,,0.0,0.211,10
R20230122_0306,2023-01-22,Horse_0762,Horse_0762,Jockey_074,7,せん,1200,ダート,稍重,9,55.9,478.6,-14.8,80.0,2.0,1.333,0.8,1.0,0.667,0.268,9
R20230122_0306,2023-01-22,Horse_0339,Horse_0339,Jockey_026,9,牡,1200,ダート,稍重,4,54.9,471.5,18.9,36.0,1.0,5.333,0.4,0.333,0.5,0.28,13
R20230122_0306,2023-01-22,Horse_0001,Horse_0001,Jockey_029,9,牡,1200,ダート,稍重,8,53.9,439.8,-6.1,187.0,0.0,4.667,0.6,1.0,1.0,0.205,5
R20230125_0307,2023-01-25,Horse_0834,Horse_0834,Jockey_080,3,牝,1600,芝,良,10,54.1,409.4,-5.5,222.0,0.0,2.5,0.5,,0.5,0.24,4
R20230125_0307,2023-01-25,Horse_0482,Horse_0482,Jockey_035,4,牡,1600,芝,良,3,57.4,461.0,10.9,267.0,0.0,2.667,0.75,1.0,0.0,0.316,7
R20230125_0307,2023-01-25,Horse_0545,Horse_0545,Jockey_023,7,牡,1600,芝,良,5,56.1,474.9,7.8,112.0,1.0,8.0,0.0,0.0,0.0,0.086,8
R20230125_0307,2023-01-25,Horse_0881,Horse_0881,Jockey_054,7,牡,1600,芝,良,1,55.4,493.7,12.6,39.0,2.0,10.0,0.0,0.0,0.0,0.244,6
R20230125_0307,2023-01-25,Horse_0750,Horse_0750,Jockey_024,7,牝,1600,芝,良,13,53.7,482.9,-18.5,57.0,2.0,10.0,0.0,0.0,0.0,0.146,14
R20230125_0307,2023-01-25,Horse_0413,Horse_0413,Jockey_041,4,牝,1600,芝,良,11,53.6,450.5,-9.1,426.0,0.0,6.5,0.0,0.0,0.0,0.298,11
R20230125_0307,2023-01-25,Horse_0441,Horse_0441,Jockey_079,5,牝,1600,芝,良,9,55.3,468.8,6.9,112.0,1.0,7.333,0.0,,0.0,0.146,13
R20230125_0307,2023-01-25,Horse_0715,Horse_0715,Jockey_064,4,牝,1600,芝,良,6,55.5,537.0,4.6,92.0,1.0,3.333,0.4,0.333,0.0,0.178,1
R20230125_0307,2023-01-25,Horse_0474,Horse_0474,Jockey_019,8,牝,1600,芝,良,14,54.4,472.1,-3.6,42.0,3.0,1.333,0.8,0.5,0.4,0.217,3
R20230125_0307,2023-01-25,Horse_0062,Horse_0062,Jockey_016,4,せん,1600,芝,良,8,53.9,482.4,-2.7,226.0,0.0,2.667,0.5,,0.0,0.293,12
R20230125_0307,2023-01-25,Horse_0181,Horse_0181,Jockey_007,7,牝,1600,芝,良,12,51.8,458.7,-1.5,57.0,3.0,9.333,0.2,,0.0,0.152,10
R20230125_0307,2023-01-25,Horse_0795,Horse_0795,Jockey_039,2,牝,1600,芝,良,4,56.6,421.6,,,0.0,,,,,0.261,2
R20230125_0307,2023-01-25,Horse_0039,Horse_0039,Jockey_075,8,牝,1600,芝,良,2,54.1,439.4,-3.9,73.0,1.0,6.667,0.5,0.5,0.667,0.26,5
R20230125_0307,2023-01-25,Horse_0892,Horse_0892,Jockey_048,9,牡,1600,芝,良,7,53.0,459.2,-1.9,32.0,3.0,12.667,0.0,0.0,0.0,0.209,9
R20230129_0308,2023-01-29,Horse_0573,Horse_0573,Jockey_080,7,牡,1600,芝,良,6,55.6,465.6,-8.8,109.0,1.0,6.333,0.4,1.0,0.333,0.24,10
R20230129_0308,2023-01-29,Horse_0748,Horse_0748,Jockey_058,6,せん,1600,芝,良,2,57.0,446.0,-3.5,581.0,0.0,2.0,1.0,,1.0,0.32,12
R20230129_0308,2023-01-29,Horse_0799,Horse_0799,Jockey_048,3,牝,1600,芝,良,10,54.3,493.5,-12.0,116.0,1.0,11.0,0.0,,0.0,0.205,9
R20230129_0308,2023-01-29,Horse_0710,Horse_0710,Jockey_055,6,せん,1600,芝,良,13,55.7,441.2,3.7,427.0,0.0,3.667,0.2,0.0,0.0,0.24,11
R20230129_0308,2023-01-29,Horse_0336,Horse_0336,Jockey_065,7,せん,1600,芝,良,9,55.0,470.8,-2.0,146.0,1.0,5.333,0.2,0.5,0.333,0.333,4
R20230129_0308,2023-01-29,Horse_0323,Horse_0323,Jockey_020,6,牝,1600,芝,良,11,54.2,500.4,6.2,139.0,2.0,5.0,0.5,0.0,0.5,0.22,5
R20230129_0308,2023-01-29,Horse_0178,Horse_0178,Jockey_027,8,牝,1600,芝,良,8,54.1,472.7,6.9,312.0,0.0,14.333,0.0,0.0,0.0,0.171,13
R20230129_0308,2023-01-29,Horse_0751,Horse_0751,Jockey_043,8,牡,1600,芝,良,3,56.9,482.5,-13.7,43.0,1.0,4.0,0.25,,0.0,0.119,8
R20230129_0308,2023-01-29,Horse_0797,Horse_0797,Jockey_011,9,せん,1600,芝,良,1,54.5,486.6,0.9,37.0,1.0,2.667,0.4,,0.25,0.158,2
R20230129_0308,2023-01-29,Horse_0432,Horse_0432,Jockey_033,2,牡,1600,芝,良,4,55.0,468.8,,,0.0,,,,,0.312,6
R20230129_0308,2023-01-29,Horse_0191,Horse_0191,Jockey_076,7,せん,1600,芝,良,5,56.3,470.0,-0.0,47.0,1.0,4.0,0.8,0.667,0.6,0.25,3
R20230129_0308,2023-01-29,Horse_0630,Horse_0630,Jockey_037,5,牡,1600,芝,良,12,54.0,435.8,-0.1,87.0,3.0,5.0,0.2,,0.25,0.16,7
R20230129_0308,2023-01-29,Horse_0161,Horse_0161,Jockey_069,7,牝,1600,芝,良,7,56.1,433.0,3.3,41.0,1.0,3.333,0.6,1.0,1.0,0.311,1
R20230201_0309,2023-02-01,Horse_0329,Horse_0329,Jockey_073,7,牡,2000,芝,良,6,52.3,422.1,-0.5,71.0,1.0,1.667,1.0,,1.0,0.256,5
R20230201_0309,2023-02-01,Horse_0720,Horse_0720,Jockey_007,9,牝,2000,芝,良,8,53.5,415.8,-10.3,209.0,0.0,4.333,0.4,0.5,0.5,0.149,12
R20230201_0309,2023-02-01,Horse_0828,Horse_0828,Jockey_055,8,牡,2000,芝,良,2,56.2,506.5,-10.9,73.0,3.0,4.333,0.0,,0.0,0.24,2
R20230201_0309,2023-02-01,Horse_0421,Horse_0421,Jockey_053,2,牝,2000,芝,良,5,53.8,433.7,,,0.0,,,,,0.18,3
R20230201_0309,2023-02-01,Horse_0002,Horse_0002,Jockey_074,8,牝,2000,芝,良,3,55.5,468.6,-0.2,39.0,2.0,2.667,0.4,0.5,0.4,0.262,4
R20230201_0309,2023-02-01,Horse_0440,Horse_0440,Jockey_075,7,牡,2000,芝,良,1,54.4,523.9,-15.0,186.0,0.0,6.667,0.2,,0.0,0.26,6
R20230201_0309,2023-02-01,Horse_0026,Horse_0026,Jockey_012,4,牡,2000,芝,良,10,52.8,489.2,17.2,99.0,1.0,11.0,0.0,0.0,0.0,0.217,10
R20230201_0309,2023-02-01,Horse_0029,Horse_0029,Jockey_019,2,せん,2000,芝,良,7,53.3,478.6,,,0.0,,,,,0.234,1
R20230201_0309,2023-02-01,Horse_0492,Horse_0492,Jockey_070,2,牝,2000,芝,良,11,52.6,442.3,,,0.0,,,,,0.24,11
R20230201_0309,2023-02-01,Horse_0708,Horse_0708,Jockey_020,7,牡,2000,芝,良,9,54.9,467.3,-1.3,103.0,2.0,3.333,0.6,,0.667,0.214,7
R20230201_0309,2023-02-01,Horse_0811,Horse_0811,Jockey_028,4,牝,2000,芝,良,12,52.8,469.3,2.0,116.0,1.0,7.333,0.0,,0.0,0.268,9
R20230201_0309,2023-02-01,Horse_0787,Horse_0787,Jockey_041,3,牡,2000,芝,良,4,55.3,462.4,11.3,57.0,4.0,3.667,0.4,,0.667,0.292,8
R20230202_0310,2023-02-02,Horse_0647,Horse_0647,Jockey_057,4,牡,1800,ダート,良,2,55.0,447.0,-2.9,126.0,1.0,3.333,0.6,0.0,1.0,0.4,2
R20230202_0310,2023-02-02,Horse_0848,Horse_0848,Jockey_070,5,牝,1800,ダート,良,10,53.9,413.1,-7.8,13.0,3.0,6.667,0.0,,,0.24,6
R20230202_0310,2023-02-02,Horse_0814,Horse_0814,Jockey_032,7,牝,1800,ダート,良,1,53.3,427.6,3.1,230.0,0.0,9.333,0.0,,0.0,0.205,11
R20230202_0310,2023-02-02,Horse_0242,Horse_0242,Jockey_041,3,牡,1800,ダート,良,5,56.0,551.0,10.7,61.0,2.0,3.5,0.5,1.0,1.0,0.286,7
R20230202_0310,2023-02-02,Horse_0738,Horse_0738,Jockey_009,7,牝,1800,ダート,良,6,55.6,432.7,9.2,36.0,1.0,12.5,0.0,,0.0,0.348,5
R20230202_0310,2023-02-02,Horse_0401,Horse_0401,Jockey_029,4,牝,1800,ダート,良,9,52.7,477.6,4.7,143.0,1.0,10.0,0.2,0.0,0.0,0.2,3
R20230202_0310,2023-02-02,Horse_0423,Horse_0423,Jockey_014,6,牝,1800,ダート,良,4,54.7,420.8,-9.1,90.0,2.0,3.333,0.8,0.0,0.667,0.14,4
R20230202_0310,2023-02-02,Horse_0786,Horse_0786,Jockey_078,7,牝,1800,ダート,良,3,56.0,453.1,-11.6,36.0,3.0,5.333,0.4,0.0,0.4,0.261,8
R20230202_0310,2023-02-02,Horse_0831,Horse_0831,Jockey_045,3,牝,1800,ダート,良,11,53.5,487.8,2.1,16.0,3.0,3.333,0.8,0.5,0.5,0.271,1
R20230202_0310,2023-02-02,Horse_0310,Horse_0310,Jockey_046,3,牝,1800,ダート,良,8,53.9,488.9,,,0.0,,,,,0.227,10
R20230202_0310,2023-02-02,Horse_0661,Horse_0661,Jockey_079,5,牝,1800,ダート,良,7,56.8,537.8,-0.4,213.0,0.0,6.0,0.5,,0.0,0.143,9
R20230206_0311,2023-02-06,Horse_0152,Horse_0152,Jockey_036,2,牝,2000,芝,良,1,55.4,501.6,,,0.0,,,,,0.292,6
R20230206_0311,2023-02-06,Horse_0818,Horse_0818,Jockey_056,8,牝,2000,芝,良,2,53.8,423.0,7.1,77.0,2.0,8.667,0.0,,0.0,0.31,7
R20230206_0311,2023-02-06,Horse_0778,Horse_0778,Jockey_052,5,牝,2000,芝,良,5,55.7,466.5,9.9,147.0,1.0,10.0,0.0,0.0,0.0,0.28,8
R20230206_0311,2023-02-06,Horse_0324,Horse_0324,Jockey_040,3,牝,2000,芝,良,8,54.0,489.9,-16.4,88.0,2.0,6.333,0.333,,0.5,0.367,2
R20230206_0311,2023-02-06,Horse_0044,Horse_0044,Jockey_072,6,牝,2000,芝,良,3,53.5,550.9,-7.5,352.0,0.0,3.333,0.6,0.0,0.5,0.386,4
R20230206_0311,2023-02-06,Horse_0622,Horse_0622,Jockey_078,3,牡,2000,芝,良,6,53.2,462.6,-14.4,15.0,3.0,3.333,0.4,0.0,0.4,0.255,5
R20230206_0311,2023-02-06,Horse_0128,Horse_0128,Jockey_030,2,牡,2000,芝,良,4,56.8,513.9,3.9,26.0,1.0,8.0,0.0,,,0.133,3
R20230206_0311,2023-02-06,Horse_0459,Horse_0459,Jockey_014,2,牝,2000,芝,良,7,52.5,394.9,,,0.0,,,,,0.14,1
R20230209_0312,2023-02-09,Horse_0519,Horse_0519,Jockey_008,2,牝,1600,芝,稍重,3,55.2,440.7,,,0.0,,,,,0.136,10
R20230209_0312,2023-02-09,Horse_0109,Horse_0109,Jockey_045,4,牡,1600,芝,稍重,2,56.2,501.9,-2.9,61.0,1.0,4.667,0.333,,0.0,0.286,8
R20230209_0312,2023-02-09,Horse_0354,Horse_0354,Jockey_070,3,牡,1600,芝,稍重,10,52.1,431.7,-14.2,172.0,1.0,6.667,0.0,0.0,0.0,0.24,11
R20230209_0312,2023-02-09,Horse_0372,Horse_0372,Jockey_011,4,牝,1600,芝,稍重,4,53.0,439.2,12.9,29.0,2.0,7.0,0.0,0.0,0.0,0.179,4
R20230209_0312,2023-02-09,Horse_0172,Horse_0172,Jockey_010,2,牡,1600,芝,稍重,5,53.1,406.8,,,0.0,,,,,0.34,1
R20230209_0312,2023-02-09,Horse_0274,Horse_0274,Jockey_067,2,牡,1600,芝,稍重,11,55.5,455.4,-7.5,23.0,1.0,1.0,1.0,,1.0,0.24,5
R20230209_0312,2023-02-09,Horse_0133,Horse_0133,Jockey_025,4,牡,1600,芝,稍重,9,56.2,471.1,7.7,115.0,1.0,8.667,0.333,,0.0,0.383,3
R20230209_0312,2023-02-09,Horse_0014,Horse_0014,Jockey_071,2,牡,1600,芝,稍重,7,54.6,407.4,,,0.0,,,,,0.302,2
R20230209_0312,2023-02-09,Horse_0667,Horse_0667,Jockey_029,6,牡,1600,芝,稍重,8,56.1,472.9,1.0,255.0,0.0,3.333,0.4,0.0,0.5,0.217,12
R20230209_0312,2023-02-09,Horse_0164,Horse_0164,Jockey_050,5,牡,1600,芝,稍重,12,53.9,463.8,3.0,81.0,4.0,5.667,0.4,0.5,0.2,0.256,7
R20230209_0312,2023-02-09,Horse_0784,Horse_0784,Jockey_063,7,牝,1600,芝,稍重,6,53.9,415.6,28.8,48.0,2.0,6.667,0.0,0.0,0.0,0.178,6
R20230209_0312,2023-02-09,Horse_0257,Horse_0257,Jockey_047,4,せん,1600,芝,稍重,1,56.1,452.1,-3.7,150.0,1.0,9.0,0.0,0.0,0.0,0.2,9
R20230210_0313,2023-02-10,Horse_0804,Horse_0804,Jockey_020,3,牝,2000,芝,良,5,57.1,485.9,-8.3,44.0,1.0,3.333,0.667,,0.5,0.209,8
R20230210_0313,2023-02-10,Horse_0259,Horse_0259,Jockey_026,8,せん,2000,芝,良,1,55.7,477.5,-14.2,95.0,3.0,4.0,0.4,0.0,0.0,0.28,6
R20230210_0313,2023-02-10,Horse_0273,Horse_0273,Jockey_036,2,牝,2000,芝,良,3,54.8,484.3,,,0.0,,,,,0.286,1
R20230210_0313,2023-02-10,Horse_0085,Horse_0085,Jockey_038,7,牡,2000,芝,良,7,56.0,463.2,4.4,48.0,2.0,11.0,0.0,0.0,0.0,0.2,4
R20230210_0313,2023-02-10,Horse_0450,Horse_0450,Jockey_028,4,牝,2000,芝,良,9,55.5,505.0,-2.9,30.0,1.0,4.667,0.4,1.0,0.333,0.262,5
R20230210_0313,2023-02-10,Horse_0260,Horse_0260,Jockey_035,6,牡,2000,芝,良,4,54.4,441.2,0.7,24.0,1.0,4.333,0.4,,0.6,0.308,3
R20230210_0313,2023-02-10,Horse_0746,Horse_0746,Jockey_027,6,牝,2000,芝,良,2,55.2,442.7,-5.3,86.0,1.0,5.0,0.75,,0.667,0.167,2
R20230210_0313,2023-02-10,Horse_0363,Horse_0363,Jockey_047,5,牝,2000,芝,良,6,52.9,478.2,-8.6,221.0,0.0,8.333,0.0,0.0,0.0,0.194,9
R20230210_0313,2023-02-10,Horse_0428,Horse_0428,Jockey_012,5,牡,2000,芝,良,8,53.9,434.8,-21.6,256.0,0.0,7.667,0.4,,0.0,0.213,7
R20230211_0314,2023-02-11,Horse_0879,Horse_0879,Jockey_017,9,牡,1600,芝,稍重,12,55.6,473.0,-5.4,161.0,1.0,8.0,0.2,0.0,0.5,0.39,4
R20230211_0314,2023-02-11,Horse_0792,Horse_0792,Jockey_059,2,牝,1600,芝,稍重,8,54.7,460.7,4.2,25.0,1.0,7.0,0.0,,0.0,0.413,6
R20230211_0314,2023-02-11,Horse_0881,Horse_0881,Jockey_053,7,牡,1600,芝,稍重,14,56.1,501.6,7.9,17.0,3.0,8.667,0.0,0.0,0.0,0.2,13
R20230211_0314,2023-02-11,Horse_0836,Horse_0836,Jockey_047,6,牝,1600,芝,稍重,10,55.1,505.4,-5.4,408.0,0.0,2.0,1.0,,,0.189,14
R20230211_0314,2023-02-11,Horse_0562,Horse_0562,Jockey_046,7,牝,1600,芝,稍重,16,54.9,512.6,-19.1,82.0,1.0,9.667,0.25,,0.0,0.222,12
R20230211_0314,2023-02-11,Horse_0340,Horse_0340,Jockey_008,7,牡,1600,芝,稍重,11,56.6,507.2,2.4,234.0,0.0,5.0,0.4,,0.0,0.133,11
R20230211_0314,2023-02-11,Horse_0467,Horse_0467,Jockey_014,9,牡,1600,芝,稍重,9,55.2,492.6,-3.8,254.0,0.0,6.667,0.0,,0.0,0.16,16
R20230211_0314,2023-02-11,Horse_0613,Horse_0613,Jockey_025,6,牡,1600,芝,稍重,4,54.1,432.5,4.0,83.0,1.0,3.0,0.6,1.0,0.5,0.396,2
R20230211_0314,2023-02-11,Horse_0030,Horse_0030,Jockey_037,8,牡,1600,芝,稍重,15,53.1,462.4,-8.3,28.0,2.0,5.333,0.4,0.0,0.333,0.16,7
R20230211_0314,2023-02-11,Horse_0316,Horse_0316,Jockey_035,9,牡,1600,芝,稍重,1,56.5,512.6,22.4,122.0,1.0,2.0,0.8,1.0,1.0,0.325,1
R20230211_0314,2023-02-11,Horse_0573,Horse_0573,Jockey_066,7,牡,1600,芝,稍重,3,53.6,461.1,-4.5,13.0,2.0,9.0,0.2,0.5,0.25,0.262,5
R20230211_0314,2023-02-11,Horse_0723,Horse_0723,Jockey_043,9,牝,1600,芝,稍重,6,52.7,495.5,11.4,271.0,0.0,8.0,0.0,,0.0,0.116,15
R20230211_0314,2023-02-11,Horse_0353,Horse_0353,Jockey_013,3,牝,1600,芝,稍重,2,54.2,425.1,-0.4,49.0,1.0,6.667,0.0,0.0,0.0,0.14,8
R20230211_0314,2023-02-11,Horse_0440,Horse_0440,Jockey_024,7,牡,1600,芝,稍重,5,54.0,530.7,6.8,10.0,1.0,7.0,0.2,0.5,0.0,0.143,9
R20230211_0314,2023-02-11,Horse_0038,Horse_0038,Jockey_021,7,牡,1600,芝,稍重,7,52.9,491.6,1.1,60.0,1.0,7.333,0.2,0.0,0.25,0.208,10
R20230211_0314,2023-02-11,Horse_0294,Horse_0294,Jockey_011,2,牝,1600,芝,稍重,13,53.8,505.4,,,0.0,,,,,0.175,3
R20230212_0315,2023-02-12,Horse_0659,Horse_0659,Jockey_021,3,牡,2000,芝,重,3,54.7,480.9,27.5,97.0,1.0,10.333,0.0,,0.0,0.204,15
R20230212_0315,2023-02-12,Horse_0561,Horse_0561,Jockey_027,8,牝,2000,芝,重,9,52.9,466.1,-7.7,136.0,1.0,8.333,0.0,0.0,0.0,0.189,12
R20230212_0315,2023-02-12,Horse_0819,Horse_0819,Jockey_039,9,牝,2000,芝,重,11,54.8,430.9,-9.5,84.0,2.0,2.667,0.6,0.0,0.714,0.277,6
R20230212_0315,2023-02-12,Horse_0231,Horse_0231,Jockey_076,8,牝,2000,芝,重,10,55.7,515.3,14.8,165.0,1.0,3.0,0.6,1.0,1.0,0.268,8
R20230212_0315,2023-02-12,Horse_0035,Horse_0035,Jockey_080,2,牡,2000,芝,重,13,56.0,422.7,3.8,21.0,1.0,2.0,1.0,,,0.24,5
R20230212_0315,2023-02-12,Horse_0015,Horse_0015,Jockey_041,8,牝,2000,芝,重,8,54.7,526.8,-8.2,74.0,1.0,1.333,1.0,1.0,1.0,0.28,2
R20230212_0315,2023-02-12,Horse_0790,Horse_0790,Jockey_077,7,牝,2000,芝,重,1,55.2,473.1,2.1,223.0,0.0,10.333,0.0,,0.0,0.026,14
R20230212_0315,2023-02-12,Horse_0115,Horse_0115,Jockey_053,3,牡,2000,芝,重,2,53.1,472.6,-2.8,33.0,1.0,1.0,1.0,,1.0,0.18,4
R20230212_0315,2023-02-12,Horse_0870,Horse_0870,Jockey_038,4,せん,2000,芝,重,4,56.9,511.6,-1.5,32.0,1.0,11.667,0.0,,0.0,0.18,11
R20230212_0315,2023-02-12,Horse_0484,Horse_0484,Jockey_050,8,牡,2000,芝,重,15,53.9,453.1,8.5,69.0,4.0,1.667,1.0,,1.0,0.25,1
R20230212_0315,2023-02-12,Horse_0079,Horse_0079,Jockey_014,6,牡,2000,芝,重,7,57.5,471.3,4.7,35.0,1.0,3.333,0.4,0.0,0.333,0.16,7
R20230212_0315,2023-02-12,Horse_0048,Horse_0048,Jockey_022,3,牝,2000,芝,重,12,55.2,468.4,13.6,186.0,0.0,1.0,1.0,,1.0,0.2,9
R20230212_0315,2023-02-12,Horse_0701,Horse_0701,Jockey_023,2,牡,2000,芝,重,5,56.3,476.0,,,0.0,,,,,0.083,3
R20230212_0315,2023-02-12,Horse_0880,Horse_0880,Jockey_078,9,牝,2000,芝,重,14,54.3,486.9,1.1,226.0,0.0,8.667,0.0,,0.0,0.25,13
R20230212_0315,2023-02-12,Horse_0676,Horse_0676,Jockey_070,2,牡,2000,芝,重,6,54.7,421.0,,,0.0,,,,,0.24,10
R20230213_0316,2023-02-13,Horse_0185,Horse_0185,Jockey_040,5,せん,1800,ダート,良,1,55.2,380.7,0.4,552.0,0.0,10.0,0.0,0.0,0.0,0.38,8
R20230213_0316,2023-02-13,Horse_0023,Horse_0023,Jockey_045,8,牝,1800,ダート,良,6,54.2,456.0,1.9,115.0,1.0,7.333,0.0,0.0,0.0,0.28,3
R20230213_0316,2023-02-13,Horse_0731,Horse_0731,Jockey_036,9,せん,1800,ダート,良,3,53.8,479.0,-6.1,336.0,0.0,5.667,0.4,1.0,0.0,0.3,7
R20230213_0316,2023-02-13,Horse_0143,Horse_0143,Jockey_033,3,牡,1800,ダート,良,8,55.2,446.1,3.5,75.0,1.0,4.333,0.5,0.0,0.333,0.303,2
R20230213_0316,2023-02-13,Horse_0131,Horse_0131,Jockey_057,8,牝,1800,ダート,良,2,54.1,407.3,-18.0,84.0,1.0,2.333,0.8,1.0,0.5,0.42,1
R20230213_0316,2023-02-13,Horse_0582,Horse_0582,Jockey_048,7,せん,1800,ダート,良,7,54.9,440.2,-11.7,241.0,0.0,7.667,0.0,,,0.2,6
R20230213_0316,2023-02-13,Horse_0437,Horse_0437,Jockey_058,3,牝,1800,ダート,良,5,56.1,467.6,5.5,311.0,0.0,8.0,0.0,,,0.32,9
R20230213_0316,2023-02-13,Horse_0278,Horse_0278,Jockey_029,6,せん,1800,ダート,良,4,56.5,456.2,0.5,163.0,1.0,9.333,0.25,0.0,0.0,0.213,4
R20230213_0316,2023-02-13,Horse_0515,Horse_0515,Jockey_035,2,牡,1800,ダート,良,9,55.4,490.1,,,0.0,,,,,0.341,5
R20230214_0317,2023-02-14,Horse_0227,Horse_0227,Jockey_034,4,牝,2000,芝,稍重,4,52.9,468.5,-7.8,117.0,1.0,13.0,0.2,1.0,0.667,0.222,6
R20230214_0317,2023-02-14,Horse_0408,Horse_0408,Jockey_057,2,牡,2000,芝,稍重,2,56.2,466.1,,,0.0,,,,,0.44,3
R20230214_0317,2023-02-14,Horse_0288,Horse_0288,Jockey_027,9,牡,2000,芝,稍重,3,55.0,451.3,-8.5,88.0,1.0,3.667,0.4,,0.4,0.184,5
R20230214_0317,2023-02-14,Horse_0139,Horse_0139,Jockey_060,3,牡,2000,芝,稍重,5,56.2,387.2,-8.9,73.0,2.0,8.0,0.0,,0.0,0.07,8
R20230214_0317,2023-02-14,Horse_0652,Horse_0652,Jockey_061,7,牡,2000,芝,稍重,6,56.7,489.7,-9.1,188.0,0.0,6.0,0.0,,0.0,0.34,1
R20230214_0317,2023-02-14,Horse_0202,Horse_0202,Jockey_051,7,牝,2000,芝,稍重,8,58.1,526.6,-3.1,57.0,3.0,6.0,0.2,0.0,0.0,0.255,4
R20230214_0317,2023-02-14,Horse_0590,Horse_0590,Jockey_068,4,牡,2000,芝,稍重,1,52.8,491.0,-19.3,210.0,0.0,5.0,0.0,,0.0,0.3,7
R20230214_0317,2023-02-14,Horse_0647,Horse_0647,Jockey_058,4,牡,2000,芝,稍重,7,56.2,448.6,1.6,12.0,2.0,2.667,0.6,,0.5,0.3,2
R20230215_0318,2023-02-15,Horse_0053,Horse_0053,Jockey_079,4,牡,1600,芝,良,12,55.1,524.1,1.0,299.0,0.0,8.333,0.0,0.0,0.0,0.14,13
R20230215_0318,2023-02-15,Horse_0134,Horse_0134,Jockey_066,3,牡,1600,芝,良,11,55.4,424.2,,,0.0,,,,,0.256,2
R20230215_0318,2023-02-15,Horse_0691,Horse_0691,Jockey_049,3,牝,1600,芝,良,1,53.0,446.8,1.9,163.0,1.0,5.5,0.0,0.0,0.0,0.26,4
R20230215_0318,2023-02-15,Horse_0854,Horse_0854,Jockey_075,5,牝,1600,芝,良,8,54.7,459.0,8.6,36.0,2.0,8.667,0.0,0.0,0.2,0.24,10
R20230215_0318,2023-02-15,Horse_0046,Horse_0046,Jockey_080,9,牡,1600,芝,良,10,54.8,497.3,9.1,175.0,1.0,7.667,0.0,0.0,0.0,0.24,7
R20230215_0318,2023-02-15,Horse_0769,Horse_0769,Jockey_014,8,牡,1600,芝,良,7,55.0,463.8,-18.2,87.0,2.0,6.333,0.2,0.333,0.2,0.16,9
R20230215_0318,2023-02-15,Horse_0397,Horse_0397,Jockey_030,7,牝,1600,芝,良,2,54.7,434.7,-8.0,338.0,0.0,10.667,0.0,0.0,0.0,0.152,11
R20230215_0318,2023-02-15,Horse_0126,Horse_0126,Jockey_037,8,牝,1600,芝,良,6,53.5,483.1,5.2,247.0,0.0,8.0,0.5,1.0,0.667,0.16,6
R20230215_0318,2023-02-15,Horse_0672,Horse_0672,Jockey_056,3,牝,1600,芝,良,4,54.0,489.3,-10.5,185.0,0.0,10.5,0.0,0.0,0.0,0.302,12
R20230215_0318,2023-02-15,Horse_0871,Horse_0871,Jockey_010,5,牝,1600,芝,良,9,54.3,509.2,18.2,32.0,2.0,11.667,0.0,,0.0,0.36,8
R20230215_0318,2023-02-15,Horse_0313,Horse_0313,Jockey_043,6,牡,1600,芝,良,3,54.5,488.5,13.2,36.0,1.0,7.0,0.4,0.0,1.0,0.114,1
R20230215_0318,2023-02-15,Horse_0050,Horse_0050,Jockey_061,8,牝,1600,芝,良,5,55.6,463.4,-4.9,283.0,0.0,11.667,0.0,0.0,0.0,0.36,14
R20230215_0318,2023-02-15,Horse_0214,Horse_0214,Jockey_020,8,牡,1600,芝,良,14,53.8,437.9,-5.7,353.0,0.0,5.0,0.4,0.0,0.5,0.205,5
R20230215_0318,2023-02-15,Horse_0230,Horse_0230,Jockey_077,3,牡,1600,芝,良,13,54.5,514.3,2.8,113.0,1.0,5.5,0.0,0.0,0.0,0.025,3
R20230216_0319,2023-02-16,Horse_0439,Horse_0439,Jockey_016,6,牝,2400,芝,良,14,55.3,420.9,-4.3,33.0,1.0,7.0,0.2,0.0,0.0,0.286,7
R20230216_0319,2023-02-16,Horse_0633,Horse_0633,Jockey_067,2,牝,2400,芝,良,2,56.7,479.1,,,0.0,,,,,0.22,10
R20230216_0319,2023-02-16,Horse_0779,Horse_0779,Jockey_013,9,牡,2400,芝,良,4,55.8,480.1,4.8,122.0,1.0,4.0,0.6,,0.667,0.14,4
R20230216_0319,2023-02-16,Horse_0327,Horse_0327,Jockey_079,2,牡,2400,芝,良,3,55.6,486.9,,,0.0,,,,,0.14,8
R20230216_0319,2023-02-16,Horse_0516,Horse_0516,Jockey_023,6,牡,2400,芝,良,1,56.6,479.3,3.4,136.0,1.0,2.667,0.6,,0.5,0.108,9
R20230216_0319,2023-02-16,Horse_0577,Horse_0577,Jockey_052,3,牡,2400,芝,良,11,54.6,503.0,-3.3,36.0,2.0,5.0,0.4,1.0,0.5,0.28,2
R20230216_0319,2023-02-16,Horse_0443,Horse_0443,Jockey_004,3,牝,2400,芝,良,13,56.3,471.3,8.6,387.0,0.0,7.0,0.0,,0.0,0.256,14
R20230216_0319,2023-02-16,Horse_0733,Horse_0733,Jockey_064,9,牝,2400,芝,良,8,54.3,478.9,-5.9,262.0,0.0,9.667,0.0,0.0,0.0,0.196,12
R20230216_0319,2023-02-16,Horse_0781,Horse_0781,Jockey_036,8,牡,2400,芝,良,6,56.0,455.2,-5.5,33.0,1.0,4.0,0.8,1.0,0.75,0.28,1
R20230216_0319,2023-02-16,Horse_0370,Horse_0370,Jockey_005,9,牝,2400,芝,良,5,51.4,486.5,-2.6,101.0,1.0,6.0,0.0,0.5,0.25,0.531,6
R20230216_0319,2023-02-16,Horse_0432,Horse_0432,Jockey_054,2,牡,2400,芝,良,7,55.5,452.4,-16.4,18.0,1.0,6.0,0.0,,0.0,0.239,11
R20230216_0319,2023-02-16,Horse_0078,Horse_0078,Jockey_025,2,牝,2400,芝,良,9,55.3,462.9,,,0.0,,,,,0.408,3
R20230216_0319,2023-02-16,Horse_0261,Horse_0261,Jockey_037,5,牝,2400,芝,良,12,55.8,465.5,1.0,95.0,1.0,6.333,0.2,,0.25,0.14,5
R20230216_0319,2023-02-16,Horse_0505,Horse_0505,Jockey_039,6,牡,2400,芝,良,10,56.4,466.0,-1.9,490.0,0.0,13.0,0.0,,0.0,0.271,13
R20230217_0320,2023-02-17,Horse_0766,Horse_0766,Jockey_005,7,牝,1800,芝,稍重,10,54.8,437.1,-13.8,295.0,0.0,5.0,0.2,0.0,0.333,0.52,6
R20230217_0320,2023-02-17,Horse_0666,Horse_0666,Jockey_056,3,牡,1800,芝,稍重,7,55.8,486.1,4.0,232.0,0.0,8.0,0.0,,0.0,0.295,9
R20230217_0320,2023-02-17,Horse_0758,Horse_0758,Jockey_074,8,牝,1800,芝,稍重,2,55.6,489.4,15.4,62.0,2.0,5.0,0.25,,0.5,0.256,8
R20230217_0320,2023-02-17,Horse_0592,Horse_0592,Jockey_041,4,牡,1800,芝,稍重,8,55.9,520.7,-5.0,115.0,2.0,7.0,0.0,,0.0,0.3,5
R20230217_0320,2023-02-17,Horse_0509,Horse_0509,Jockey_006,4,牝,1800,芝,稍重,9,53.6,489.1,-9.5,42.0,2.0,1.667,0.8,1.0,0.5,0.279,1
R20230217_0320,2023-02-17,Horse_0220,Horse_0220,Jockey_009,8,牝,1800,芝,稍重,11,54.8,524.7,-3.2,105.0,1.0,9.333,0.0,0.0,0.0,0.34,4
R20230217_0320,2023-02-17,Horse_0218,Horse_0218,Jockey_001,9,牝,1800,芝,稍重,1,53.3,469.8,7.0,88.0,1.0,10.0,0.0,0.0,0.0,0.25,11
R20230217_0320,2023-02-17,Horse_0135,Horse_0135,Jockey_073,5,牝,1800,芝,稍重,4,54.4,424.1,0.8,363.0,0.0,4.667,0.0,,0.0,0.25,10
R20230217_0320,2023-02-17,Horse_0453,Horse_0453,Jockey_024,6,牡,1800,芝,稍重,3,55.7,439.2,3.7,28.0,1.0,9.667,0.0,,0.0,0.14,3
R20230217_0320,2023-02-17,Horse_0614,Horse_0614,Jockey_021,2,牡,1800,芝,稍重,5,56.1,393.9,,,0.0,,,,,0.2,2
R20230217_0320,2023-02-17,Horse_0435,Horse_0435,Jockey_034,5,牝,1800,芝,稍重,6,56.2,487.5,10.4,110.0,2.0,8.667,0.0,,0.0,0.217,7
R20230221_0321,2023-02-21,Horse_0749,Horse_0749,Jockey_007,4,牝,1600,ダート,良,2,55.9,506.6,1.2,200.0,0.0,11.0,0.0,0.0,0.0,0.146,6
R20230221_0321,2023-02-21,Horse_0249,Horse_0249,Jockey_029,9,牡,1600,ダート,良,8,53.4,461.8,-2.5,38.0,2.0,5.0,0.4,0.0,,0.208,3
R20230221_0321,2023-02-21,Horse_0794,Horse_0794,Jockey_057,2,牡,1600,ダート,良,1,54.1,426.0,,,0.0,,,,,0.46,4
R20230221_0321,2023-02-21,Horse_0415,Horse_0415,Jockey_062,9,牡,1600,ダート,良,7,51.4,491.9,8.6,77.0,2.0,7.0,0.667,,1.0,0.233,1
R20230221_0321,2023-02-21,Horse_0680,Horse_0680,Jockey_036,3,牡,1600,ダート,良,11,55.1,476.0,5.6,114.0,1.0,4.0,0.5,1.0,1.0,0.3,2
R20230221_0321,2023-02-21,Horse_0591,Horse_0591,Jockey_076,4,牝,1600,ダート,良,10,52.0,464.4,-12.2,350.0,0.0,8.333,0.0,0.0,0.0,0.262,9
R20230221_0321,2023-02-21,Horse_0407,Horse_0407,Jockey_071,7,牝,1600,ダート,良,9,55.9,453.9,6.0,64.0,3.0,6.0,0.2,,0.5,0.318,5
R20230221_0321,2023-02-21,Horse_0685,Horse_0685,Jockey_050,5,せん,1600,ダート,良,3,55.7,404.9,11.5,445.0,0.0,7.333,0.2,0.0,0.0,0.267,11
R20230221_0321,2023-02-21,Horse_0570,Horse_0570,Jockey_010,6,牝,1600,ダート,良,5,54.7,451.6,-6.8,190.0,0.0,9.333,0.0,0.0,0.25,0.36,8
R20230221_0321,2023-02-21,Horse_0121,Horse_0121,Jockey_048,3,牝,1600,ダート,良,6,55.9,429.3,14.7,169.0,1.0,5.667,0.0,0.0,,0.196,10
R20230221_0321,2023-02-21,Horse_0796,Horse_0796,Jockey_009,4,牡,1600,ダート,良,4,54.5,541.3,-1.6,327.0,0.0,8.333,0.25,,0.0,0.333,7
R20230223_0322,2023-02-23,Horse_0068,Horse_0068,Jockey_030,4,牡,1200,ダート,良,4,53.4,515.2,10.9,68.0,2.0,3.667,0.6,1.0,0.5,0.149,4
R20230223_0322,2023-02-23,Horse_0535,Horse_0535,Jockey_055,6,せん,1200,ダート,良,5,53.3,519.0,17.8,46.0,2.0,5.667,0.0,0.0,0.0,0.26,9
R20230223_0322,2023-02-23,Horse_0786,Horse_0786,Jockey_073,7,牝,1200,ダート,良,8,53.7,450.3,-2.8,21.0,4.0,5.333,0.2,0.0,0.333,0.244,3
R20230223_0322,2023-02-23,Horse_0464,Horse_0464,Jockey_053,8,せん,1200,ダート,良,2,55.8,438.0,5.9,62.0,2.0,12.333,0.0,,0.0,0.18,6
R20230223_0322,2023-02-23,Horse_0473,Horse_0473,Jockey_006,6,牝,1200,ダート,良,3,54.9,437.9,-7.3,189.0,0.0,8.0,0.0,,,0.295,7
R20230223_0322,2023-02-23,Horse_0148,Horse_0148,Jockey_014,4,牡,1200,ダート,良,7,55.3,484.4,-4.2,231.0,0.0,8.0,0.2,1.0,0.0,0.16,1
R20230223_0322,2023-02-23,Horse_0546,Horse_0546,Jockey_027,4,牝,1200,ダート,良,1,55.2,430.8,0.9,82.0,1.0,4.333,0.4,1.0,0.4,0.179,2
R20230223_0322,2023-02-23,Horse_0677,Horse_0677,Jockey_032,9,せん,1200,ダート,良,9,54.0,502.0,-3.7,55.0,1.0,12.0,0.0,0.0,0.0,0.2,10
R20230223_0322,2023-02-23,Horse_0740,Horse_0740,Jockey_011,2,牡,1200,ダート,良,6,54.3,407.8,,,0.0,,,,,0.195,5
R20230223_0322,2023-02-23,Horse_0596,Horse_0596,Jockey_009,9,牝,1200,ダート,良,10,55.5,481.7,-1.8,248.0,0.0,8.333,0.0,,0.0,0.327,8
R20230224_0323,2023-02-24,Horse_0479,Horse_0479,Jockey_059,9,牡,1800,芝,良,9,55.4,478.9,11.6,116.0,2.0,9.667,0.0,,0.0,0.404,6
R20230224_0323,2023-02-24,Horse_0615,Horse_0615,Jockey_036,4,牝,1800,芝,良,14,55.4,525.7,3.4,38.0,1.0,11.667,0.0,,0.0,0.32,7
R20230224_0323,2023-02-24,Horse_0612,Horse_0612,Jockey_049,5,牡,1800,芝,良,2,56.1,521.1,2.3,421.0,0.0,8.0,0.0,,0.0,0.26,15
R20230224_0323,2023-02-24,Horse_0381,Horse_0381,Jockey_071,3,牡,1800,芝,良,16,56.0,446.2,-2.0,74.0,1.0,12.0,0.0,0.0,0.0,0.311,11
R20230224_0323,2023-02-24,Horse_0650,Horse_0650,Jockey_015,7,牡,1800,芝,良,15,54.6,431.7,-1.1,135.0,2.0,5.667,0.2,1.0,0.5,0.075,2
R20230224_0323,2023-02-24,Horse_0816,Horse_0816,Jockey_013,9,牡,1800,芝,良,3,55.3,470.5,1.2,309.0,0.0,1.5,1.0,,1.0,0.14,3
R20230224_0323,2023-02-24,Horse_0131,Horse_0131,Jockey_027,8,牝,1800,芝,良,7,56.0,418.6,11.3,11.0,2.0,2.0,0.8,1.0,1.0,0.2,1
R20230224_0323,2023-02-24,Horse_0719,Horse_0719,Jockey_052,4,牝,1800,芝,良,12,54.0,472.2,0.7,232.0,0.0,8.667,0.25,,0.25,0.3,8
R20230224_0323,2023-02-24,Horse_0575,Horse_0575,Jockey_007,6,牡,1800,芝,良,4,57.6,471.7,-8.0,295.0,0.0,5.0,0.2,,0.333,0.143,14
R20230224_0323,2023-02-24,Horse_0714,Horse_0714,Jockey_072,2,牝,1800,芝,良,5,54.4,513.0,,,0.0,,,,,0.378,5
R20230224_0323,2023-02-24,Horse_0783,Horse_0783,Jockey_003,9,牡,1800,芝,良,1,56.7,523.0,2.7,387.0,0.0,8.667,0.0,,0.0,0.25,16
R20230224_0323,2023-02-24,Horse_0116,Horse_0116,Jockey_009,7,牝,1800,芝,良,6,54.2,487.6,-4.7,165.0,1.0,7.667,0.2,0.0,0.4,0.32,4
R20230224_0323,2023-02-24,Horse_0501,Horse_0501,Jockey_044,4,牝,1800,芝,良,8,54.7,454.9,1.4,267.0,0.0,5.667,0.0,,0.0,0.308,13
R20230224_0323,2023-02-24,Horse_0155,Horse_0155,Jockey_077,2,せん,1800,芝,良,11,56.8,544.2,,,0.0,,,,,0.049,9
R20230224_0323,2023-02-24,Horse_0223,Horse_0223,Jockey_032,2,牡,1800,芝,良,10,53.2,442.7,,,0.0,,,,,0.195,12
R20230224_0323,2023-02-24,Horse_0124,Horse_0124,Jockey_037,8,牡,1800,芝,良,13,55.5,459.7,0.8,174.0,1.0,6.5,0.0,0.0,0.0,0.14,10
R20230225_0324,2023-02-25,Horse_0528,Horse_0528,Jockey_073,3,牡,1400,芝,良,9,54.0,438.8,1.8,236.0,0.0,3.0,1.0,1.0,1.0,0.261,10
R20230225_0324,2023-02-25,Horse_0410,Horse_0410,Jockey_015,5,牝,1400,芝,良,13,54.0,456.8,-6.5,240.0,0.0,4.667,0.2,0.333,0.2,0.098,7
R20230225_0324,2023-02-25,Horse_0422,Horse_0422,Jockey_042,7,牝,1400,芝,良,5,51.7,499.6,9.9,77.0,1.0,5.667,0.2,1.0,0.143,0.28,3
R20230225_0324,2023-02-25,Horse_0355,Horse_0355,Jockey_007,4,牡,1400,芝,良,1,54.1,463.1,-5.9,64.0,3.0,6.0,0.4,0.0,0.167,0.14,6
R20230225_0324,2023-02-25,Horse_0784,Horse_0784,Jockey_001,7,牝,1400,芝,良,11,56.4,404.1,-11.5,16.0,3.0,6.667,0.0,0.0,0.0,0.244,4
R20230225_0324,2023-02-25,Horse_0718,Horse_0718,Jockey_009,7,牝,1400,芝,良,8,52.5,458.9,3.3,308.0,0.0,7.333,0.2,0.0,0.0,0.32,12
R20230225_0324,2023-02-25,Horse_0771,Horse_0771,Jockey_006,8,牡,1400,芝,良,10,54.3,528.9,4.3,585.0,0.0,5.0,0.5,0.0,,0.289,13
R20230225_0324,2023-02-25,Horse_0859,Horse_0859,Jockey_050,2,牝,1400,芝,良,6,55.4,537.8,,,0.0,,,,,0.261,8
R20230225_0324,2023-02-25,Horse_0773,Horse_0773,Jockey_022,5,牡,1400,芝,良,7,54.4,466.0,-0.5,288.0,0.0,7.667,0.2,0.0,0.0,0.2,11
R20230225_0324,2023-02-25,Horse_0803,Horse_0803,Jockey_043,2,牝,1400,芝,良,12,51.3,483.9,,,0.0,,,,,0.133,2
R20230225_0324,2023-02-25,Horse_0598,Horse_0598,Jockey_005,4,牡,1400,芝,良,3,54.4,438.5,8.9,382.0,0.0,5.667,0.333,1.0,1.0,0.52,9
R20230225_0324,2023-02-25,Horse_0798,Horse_0798,Jockey_040,2,牝,1400,芝,良,2,55.8,420.8,,,0.0,,,,,0.36,5
R20230225_0324,2023-02-25,Horse_0366,Horse_0366,Jockey_033,6,牡,1400,芝,良,4,56.2,447.0,-5.7,63.0,1.0,6.0,0.6,,0.5,0.324,1
R20230227_0325,2023-02-27,Horse_0172,Horse_0172,Jockey_031,2,牡,1800,ダート,良,11,55.1,406.3,-0.5,18.0,1.0,1.0,1.0,,,0.302,2
R20230227_0325,2023-02-27,Horse_0712,Horse_0712,Jockey_078,3,牝,1800,ダート,良,4,54.5,437.9,-9.9,298.0,0.0,6.0,0.5,,,0.245,11
R20230227_0325,2023-02-27,Horse_0257,Horse_0257,Jockey_053,4,せん,1800,ダート,良,8,55.0,450.1,-2.0,18.0,2.0,10.0,0.0,0.0,0.0,0.18,7
R20230227_0325,2023-02-27,Horse_0030,Horse_0030,Jockey_037,8,牡,1800,ダート,良,13,54.2,462.3,-0.1,16.0,3.0,5.0,0.4,0.0,0.0,0.12,1
R20230227_0325,2023-02-27,Horse_0169,Horse_0169,Jockey_076,6,牝,1800,ダート,良,12,56.7,477.5,-0.3,117.0,1.0,10.667,0.0,,0.0,0.256,10
R20230227_0325,2023-02-27,Horse_0192,Horse_0192,Jockey_002,8,牝,1800,ダート,良,9,56.0,494.7,-7.7,44.0,2.0,3.0,0.8,1.0,0.5,0.372,4
R20230227_0325,2023-02-27,Horse_0629,Horse_0629,Jockey_073,7,牡,1800,ダート,良,1,54.9,509.2,16.0,61.0,1.0,6.333,0.4,1.0,0.333,0.255,3
R20230227_0325,2023-02-27,Horse_0298,Horse_0298,Jockey_062,5,牡,1800,ダート,良,6,56.9,523.4,9.7,116.0,3.0,4.333,0.2,0.0,0.0,0.25,5
R20230227_0325,2023-02-27,Horse_0251,Horse_0251,Jockey_014,6,牝,1800,ダート,良,5,54.2,467.0,18.5,366.0,0.0,7.333,0.2,0.0,0.0,0.18,13
R20230227_0325,2023-02-27,Horse_0305,Horse_0305,Jockey_054,2,牡,1800,ダート,良,2,53.2,471.4,,,0.0,,,,,0.234,6
R20230227_0325,2023-02-27,Horse_0167,Horse_0167,Jockey_068,3,せん,1800,ダート,良,10,56.0,461.3,-4.9,97.0,2.0,5.667,0.333,0.0,0.0,0.3,8
R20230227_0325,2023-02-27,Horse_0837,Horse_0837,Jockey_046,9,牡,1800,ダート,良,3,54.1,478.0,-12.8,129.0,1.0,4.0,0.2,,0.333,0.217,9
R20230227_0325,2023-02-27,Horse_0178,Horse_0178,Jockey_008,8,牝,1800,ダート,良,7,51.4,480.7,8.0,29.0,1.0,13.333,0.0,,0.0,0.13,12
R20230228_0326,2023-02-28,Horse_0797,Horse_0797,Jockey_063,9,せん,1800,ダート,良,6,56.0,483.6,-3.0,30.0,2.0,2.333,0.6,0.0,0.5,0.174,1
R20230228_0326,2023-02-28,Horse_0227,Horse_0227,Jockey_004,4,牝,1800,ダート,良,1,54.8,478.4,9.9,14.0,2.0,10.0,0.0,0.0,0.0,0.25,6
R20230228_0326,2023-02-28,Horse_0807,Horse_0807,Jockey_075,3,牡,1800,ダート,良,7,54.3,460.4,13.2,222.0,0.0,8.0,0.0,,,0.24,7
R20230228_0326,2023-02-28,Horse_0608,Horse_0608,Jockey_050,9,牝,1800,ダート,良,3,53.9,417.8,8.0,120.0,2.0,8.0,0.2,,0.2,0.255,3
R20230228_0326,2023-02-28,Horse_0667,Horse_0667,Jockey_021,6,牡,1800,ダート,良,4,53.2,472.9,0.0,19.0,1.0,7.0,0.4,,0.0,0.2,2
R20230228_0326,2023-02-28,Horse_0011,Horse_0011,Jockey_012,3,牝,1800,ダート,良,8,55.3,462.1,0.1,110.0,1.0,7.333,0.0,0.0,0.0,0.208,4
R20230228_0326,2023-02-28,Horse_0262,Horse_0262,Jockey_015,8,牡,1800,ダート,良,2,52.3,512.4,3.7,100.0,1.0,10.333,0.0,,,0.095,5
R20230228_0326,2023-02-28,Horse_0031,Horse_0031,Jockey_038,8,牝,1800,ダート,良,5,58.1,509.5,-12.9,253.0,0.0,4.333,0.2,,0.0,0.18,8
R20230303_0327,2023-03-03,Horse_0600,Horse_0600,Jockey_067,4,牝,1400,ダート,良,10,54.1,509.0,-13.1,133.0,1.0,4.333,0.4,0.0,0.0,0.22,5
R20230303_0327,2023-03-03,Horse_0313,Horse_0313,Jockey_063,6,牡,1400,ダート,良,6,54.5,485.3,-3.2,16.0,2.0,7.0,0.4,1.0,0.333,0.191,1
R20230303_0327,2023-03-03,Horse_0244,Horse_0244,Jockey_057,3,牡,1400,ダート,良,3,54.2,499.2,10.2,354.0,0.0,1.0,1.0,,,0.46,12
R20230303_0327,2023-03-03,Horse_0459,Horse_0459,Jockey_013,2,牝,1400,ダート,良,12,52.0,390.1,-4.8,25.0,1.0,1.0,1.0,,,0.16,8
R20230303_0327,2023-03-03,Horse_0444,Horse_0444,Jockey_046,8,牝,1400,ダート,良,5,56.0,426.7,15.9,93.0,1.0,13.333,0.0,0.0,0.0,0.213,11
R20230303_0327,2023-03-03,Horse_0098,Horse_0098,Jockey_074,4,牝,1400,ダート,良,9,55.9,433.1,-2.3,205.0,0.0,7.667,0.0,0.0,0.0,0.25,7
R20230303_0327,2023-03-03,Horse_0633,Horse_0633,Jockey_032,2,牝,1400,ダート,良,2,54.3,482.9,3.8,15.0,1.0,10.0,0.0,,,0.19,3
R20230303_0327,2023-03-03,Horse_0299,Horse_0299,Jockey_021,6,牡,1400,ダート,良,4,55.9,403.0,-3.5,158.0,1.0,12.333,0.0,0.0,0.0,0.22,10
R20230303_0327,2023-03-03,Horse_0655,Horse_0655,Jockey_047,7,牡,1400,ダート,良,11,56.0,525.5,2.3,65.0,1.0,4.0,0.6,0.0,0.75,0.184,2
R20230303_0327,2023-03-03,Horse_0041,Horse_0041,Jockey_027,6,牡,1400,ダート,良,1,54.7,505.6,2.3,63.0,1.0,4.0,0.2,0.0,0.2,0.22,4
R20230303_0327,2023-03-03,Horse_0134,Horse_0134,Jockey_042,3,牡,1400,ダート,良,8,54.7,440.4,16.2,16.0,1.0,2.0,1.0,,,0.3,6
R20230303_0327,2023-03-03,Horse_0081,Horse_0081,Jockey_080,2,牡,1400,ダート,良,7,55.6,436.1,,,0.0,,,,,0.22,9
R20230307_0328,2023-03-07,Horse_0049,Horse_0049,Jockey_048,2,牡,1600,芝,稍重,4,57.4,420.7,,,0.0,,,,,0.191,6
R20230307_0328,2023-03-07,Horse_0593,Horse_0593,Jockey_059,5,牝,1600,芝,稍重,2,52.9,468.0,-6.4,626.0,0.0,9.667,0.0,0.0,0.0,0.396,11
R20230307_0328,2023-03-07,Horse_0544,Horse_0544,Jockey_021,9,牝,1600,芝,稍重,9,53.7,488.7,-2.4,92.0,1.0,8.333,0.0,0.0,0.0,0.22,8
R20230307_0328,2023-03-07,Horse_0135,Horse_0135,Jockey_080,5,牝,1600,芝,稍重,1,53.8,428.3,4.2,18.0,1.0,6.333,0.0,0.0,0.0,0.22,4
R20230307_0328,2023-03-07,Horse_0484,Horse_0484,Jockey_056,8,牡,1600,芝,稍重,5,56.4,452.7,-0.4,23.0,4.0,1.0,1.0,1.0,1.0,0.289,1
R20230307_0328,2023-03-07,Horse_0016,Horse_0016,Jockey_067,5,牡,1600,芝,稍重,3,54.1,435.8,11.8,84.0,1.0,4.0,0.25,1.0,0.0,0.22,3
R20230307_0328,2023-03-07,Horse_0236,Horse_0236,Jockey_020,5,牝,1600,芝,稍重,7,55.7,481.1,5.4,164.0,1.0,9.333,0.0,0.0,0.0,0.2,7
R20230307_0328,2023-03-07,Horse_0324,Horse_0324,Jockey_011,3,牝,1600,芝,稍重,8,52.9,497.7,7.8,29.0,3.0,5.333,0.5,,0.667,0.19,5
R20230307_0328,2023-03-07,Horse_0100,Horse_0100,Jockey_047,5,牝,1600,芝,稍重,10,54.1,474.9,9.5,87.0,1.0,11.667,0.0,0.0,0.0,0.205,10
R20230307_0328,2023-03-07,Horse_0072,Horse_0072,Jockey_018,3,牡,1600,芝,稍重,6,53.7,474.8,-2.1,355.0,0.0,4.0,0.5,,0.5,0.478,9
R20230307_0328,2023-03-07,Horse_0267,Horse_0267,Jockey_061,8,牡,1600,芝,稍重,11,55.1,430.4,-5.1,63.0,1.0,1.667,1.0,1.0,1.0,0.36,2
R20230311_0329,2023-03-11,Horse_0425,Horse_0425,Jockey_072,7,牝,2000,芝,良,15,51.0,475.4,-4.8,64.0,1.0,9.0,0.25,0.0,0.5,0.37,10
R20230311_0329,2023-03-11,Horse_0561,Horse_0561,Jockey_055,8,牝,2000,芝,良,2,56.5,464.9,-1.2,27.0,2.0,10.0,0.0,0.0,0.0,0.26,12
R20230311_0329,2023-03-11,Horse_0096,Horse_0096,Jockey_007,7,牝,2000,芝,良,9,54.9,475.5,-8.2,271.0,0.0,6.667,0.2,0.0,0.5,0.14,11
R20230311_0329,2023-03-11,Horse_0469,Horse_0469,Jockey_029,3,牡,2000,芝,良,12,54.0,476.0,,,0.0,,,,,0.224,7
R20230311_0329,2023-03-11,Horse_0543,Horse_0543,Jockey_030,9,牡,2000,芝,良,4,57.7,490.5,-6.8,64.0,1.0,4.333,0.4,0.0,0.25,0.146,8
R20230311_0329,2023-03-11,Horse_0232,Horse_0232,Jockey_015,8,牡,2000,芝,良,1,55.7,492.1,-4.8,349.0,0.0,2.667,0.8,0.5,0.667,0.093,13
R20230311_0329,2023-03-11,Horse_0415,Horse_0415,Jockey_067,9,牡,2000,芝,良,14,56.2,491.3,-0.6,18.0,3.0,6.667,0.75,,0.5,0.22,6
R20230311_0329,2023-03-11,Horse_0164,Horse_0164,Jockey_079,5,牡,2000,芝,良,16,54.4,459.2,-4.6,30.0,4.0,4.667,0.2,0.0,0.167,0.14,5
R20230311_0329,2023-03-11,Horse_0239,Horse_0239,Jockey_038,6,牡,2000,芝,良,10,54.4,470.0,5.1,141.0,2.0,9.333,0.0,0.0,0.0,0.18,16
R20230311_0329,2023-03-11,Horse_0562,Horse_0562,Jockey_032,7,牝,2000,芝,良,7,53.0,530.5,17.9,28.0,2.0,9.667,0.2,,0.0,0.209,15
R20230311_0329,2023-03-11,Horse_0192,Horse_0192,Jockey_004,8,牝,2000,芝,良,13,56.3,491.8,-2.9,12.0,3.0,4.0,0.6,0.0,0.571,0.244,1
R20230311_0329,2023-03-11,Horse_0809,Horse_0809,Jockey_028,6,牡,2000,芝,良,6,56.8,533.6,-1.4,77.0,1.0,8.333,0.6,0.0,0.667,0.256,3
R20230311_0329,2023-03-11,Horse_0419,Horse_0419,Jockey_022,6,牝,2000,芝,良,8,56.5,526.1,6.3,373.0,0.0,7.0,0.25,,0.0,0.2,9
R20230311_0329,2023-03-11,Horse_0765,Horse_0765,Jockey_006,3,牡,2000,芝,良,3,56.8,401.4,-15.0,59.0,1.0,2.0,0.667,,,0.283,4
R20230311_0329,2023-03-11,Horse_0131,Horse_0131,Jockey_042,8,牝,2000,芝,良,5,53.7,412.3,-6.3,15.0,3.0,1.0,0.8,1.0,1.0,0.3,2
R20230311_0329,2023-03-11,Horse_0067,Horse_0067,Jockey_074,7,牡,2000,芝,良,11,54.1,482.3,-3.7,89.0,1.0,10.0,0.0,,0.0,0.244,14
R20230313_0330,2023-03-13,Horse_0480,Horse_0480,Jockey_073,4,牝,1400,芝,良,7,55.6,473.0,-21.6,108.0,1.0,9.0,0.0,0.0,0.0,0.271,11
R20230313_0330,2023-03-13,Horse_0393,Horse_0393,Jockey_061,4,牝,1400,芝,良,9,53.2,447.1,0.4,136.0,1.0,9.333,0.2,0.0,0.0,0.38,3
R20230313_0330,2023-03-13,Horse_0349,Horse_0349,Jockey_070,7,牡,1400,芝,良,13,53.0,503.8,-6.0,433.0,0.0,6.0,0.0,0.0,0.0,0.24,15
R20230313_0330,2023-03-13,Horse_0199,Horse_0199,Jockey_067,3,牡,1400,芝,良,10,56.0,542.1,-0.6,189.0,0.0,8.5,0.0,,0.0,0.22,6
R20230313_0330,2023-03-13,Horse_0392,Horse_0392,Jockey_059,5,牡,1400,芝,良,6,54.2,415.7,-9.5,152.0,1.0,8.0,0.25,0.0,0.333,0.388,9
R20230313_0330,2023-03-13,Horse_0523,Horse_0523,Jockey_034,4,牝,1400,芝,良,11,54.1,449.6,-4.4,711.0,0.0,5.0,0.0,,,0.213,16
R20230313_0330,2023-03-13,Horse_0463,Horse_0463,Jockey_060,7,牡,1400,芝,良,16,55.7,496.1,-8.1,91.0,4.0,7.667,0.0,0.0,0.0,0.068,13
R20230313_0330,2023-03-13,Horse_0467,Horse_0467,Jockey_080,9,牡,1400,芝,良,15,53.4,494.0,1.4,30.0,1.0,9.333,0.0,,0.0,0.22,2
R20230313_0330,2023-03-13,Horse_0687,Horse_0687,Jockey_007,9,牝,1400,芝,良,8,55.9,480.8,-4.4,358.0,0.0,7.333,0.2,0.333,0.333,0.14,14
R20230313_0330,2023-03-13,Horse_0046,Horse_0046,Jockey_018,9,牡,1400,芝,良,14,52.7,493.5,-3.8,26.0,1.0,8.0,0.0,,0.0,0.468,1
R20230313_0330,2023-03-13,Horse_0109,Horse_0109,Jockey_053,4,牡,1400,芝,良,2,53.2,510.0,8.1,32.0,2.0,6.333,0.25,,0.0,0.18,7
R20230313_0330,2023-03-13,Horse_0212,Horse_0212,Jockey_050,8,牝,1400,芝,良,3,53.3,461.0,-3.2,201.0,0.0,7.333,0.0,,0.0,0.271,12
R20230313_0330,2023-03-13,Horse_0879,Horse_0879,Jockey_039,9,牡,1400,芝,良,4,54.1,468.3,-4.7,30.0,1.0,8.0,0.0,1.0,0.333,0.265,10
R20230313_0330,2023-03-13,Horse_0134,Horse_0134,Jockey_003,3,牡,1400,芝,良,5,54.8,433.2,-7.2,10.0,2.0,4.0,0.5,0.0,1.0,0.244,8
R20230313_0330,2023-03-13,Horse_0887,Horse_0887,Jockey_052,2,牝,1400,芝,良,1,54.8,470.4,,,0.0,,,,,0.3,4
R20230313_0330,2023-03-13,Horse_0288,Horse_0288,Jockey_023,9,牡,1400,芝,良,12,54.2,467.8,16.5,27.0,2.0,4.0,0.4,,0.333,0.105,5
R20230316_0331,2023-03-16,Horse_0775,Horse_0775,Jockey_048,3,牡,2000,芝,稍重,7,56.5,487.8,3.5,58.0,1.0,3.5,0.5,1.0,0.0,0.188,10
R20230316_0331,2023-03-16,Horse_0779,Horse_0779,Jockey_003,9,牡,2000,芝,稍重,9,56.3,475.5,-4.6,28.0,2.0,4.667,0.4,,0.5,0.239,4
R20230316_0331,2023-03-16,Horse_0437,Horse_0437,Jockey_026,3,牝,2000,芝,稍重,2,52.8,470.1,2.5,31.0,1.0,8.5,0.0,,0.0,0.28,11
R20230316_0331,2023-03-16,Horse_0316,Horse_0316,Jockey_023,9,牡,2000,芝,稍重,8,54.4,493.1,-19.5,33.0,2.0,2.0,0.8,,1.0,0.103,2
R20230316_0331,2023-03-16,Horse_0778,Horse_0778,Jockey_008,5,牝,2000,芝,稍重,5,53.1,452.7,-13.8,38.0,1.0,10.333,0.0,0.0,0.0,0.128,9
R20230316_0331,2023-03-16,Horse_0360,Horse_0360,Jockey_018,7,牝,2000,芝,稍重,4,52.3,444.6,9.7,142.0,1.0,6.667,0.2,0.0,0.429,0.479,3
R20230316_0331,2023-03-16,Horse_0084,Horse_0084,Jockey_016,6,牝,2000,芝,稍重,3,54.9,483.3,2.9,204.0,0.0,8.333,0.0,,0.0,0.279,12
R20230316_0331,2023-03-16,Horse_0119,Horse_0119,Jockey_069,6,牝,2000,芝,稍重,6,56.5,398.8,-11.0,82.0,1.0,4.333,0.4,0.0,0.6,0.326,8
R20230316_0331,2023-03-16,Horse_0126,Horse_0126,Jockey_029,8,牝,2000,芝,稍重,1,54.7,474.8,-8.3,29.0,1.0,6.333,0.4,0.0,0.5,0.22,1
R20230316_0331,2023-03-16,Horse_0217,Horse_0217,Jockey_028,2,牡,2000,芝,稍重,11,54.6,478.4,,,0.0,,,,,0.273,7
R20230316_0331,2023-03-16,Horse_0507,Horse_0507,Jockey_062,4,牝,2000,芝,稍重,12,54.0,472.1,-1.3,101.0,1.0,3.333,0.333,0.0,0.333,0.244,5
R20230316_0331,2023-03-16,Horse_0601,Horse_0601,Jockey_079,8,牡,2000,芝,稍重,10,54.6,478.4,-9.8,65.0,3.0,9.333,0.0,,0.0,0.12,6
R20230317_0332,2023-03-17,Horse_0102,Horse_0102,Jockey_070,7,牝,1200,芝,良,11,53.8,464.6,-2.5,140.0,1.0,10.5,0.0,,0.0,0.24,5
R20230317_0332,2023-03-17,Horse_0851,Horse_0851,Jockey_055,7,せん,1200,芝,良,4,56.3,492.2,5.0,104.0,2.0,9.667,0.0,0.0,0.0,0.26,11
R20230317_0332,2023-03-17,Horse_0169,Horse_0169,Jockey_060,6,牝,1200,芝,良,6,54.2,477.4,-0.1,18.0,2.0,11.667,0.0,,0.0,0.067,8
R20230317_0332,2023-03-17,Horse_0184,Horse_0184,Jockey_017,9,牝,1200,芝,良,8,52.4,472.6,6.1,138.0,1.0,3.667,0.333,,0.0,0.381,3
R20230317_0332,2023-03-17,Horse_0884,Horse_0884,Jockey_032,5,牝,1200,芝,良,1,53.9,477.7,-2.7,124.0,3.0,1.333,1.0,,1.0,0.205,1
R20230317_0332,2023-03-17,Horse_0688,Horse_0688,Jockey_018,3,牡,1200,芝,良,7,53.2,518.8,5.0,183.0,0.0,8.0,0.0,,0.0,0.49,2
R20230317_0332,2023-03-17,Horse_0811,Horse_0811,Jockey_080,4,牝,1200,芝,良,2,52.6,461.7,-7.6,44.0,2.0,8.667,0.0,,0.0,0.24,10
R20230317_0332,2023-03-17,Horse_0728,Horse_0728,Jockey_068,3,牡,1200,芝,良,9,55.5,491.6,-2.3,153.0,1.0,5.0,0.5,,0.5,0.3,9
R20230317_0332,2023-03-17,Horse_0197,Horse_0197,Jockey_052,5,牡,1200,芝,良,10,55.8,491.4,-3.6,160.0,2.0,5.667,0.2,0.0,0.0,0.28,4
R20230317_0332,2023-03-17,Horse_0362,Horse_0362,Jockey_008,9,せん,1200,芝,良,5,56.4,453.9,-6.2,249.0,0.0,4.0,0.2,0.0,0.0,0.125,6
R20230317_0332,2023-03-17,Horse_0880,Horse_0880,Jockey_053,9,牝,1200,芝,良,3,54.0,490.4,3.5,33.0,1.0,9.333,0.0,,0.0,0.18,7
R20230321_0333,2023-03-21,Horse_0888,Horse_0888,Jockey_065,6,牝,1200,ダート,良,7,54.4,452.4,20.8,218.0,0.0,4.333,0.25,,0.0,0.323,3
R20230321_0333,2023-03-21,Horse_0586,Horse_0586,Jockey_072,6,牝,1200,ダート,良,3,53.2,471.4,5.7,281.0,0.0,4.333,0.5,,0.5,0.362,6
R20230321_0333,2023-03-21,Horse_0750,Horse_0750,Jockey_053,7,牝,1200,ダート,良,2,54.0,487.0,4.1,55.0,3.0,12.667,0.0,,0.0,0.18,7
R20230321_0333,2023-03-21,Horse_0869,Horse_0869,Jockey_005,6,牝,1200,ダート,良,5,54.6,453.4,-7.4,197.0,0.0,8.0,0.0,,,0.52,5
R20230321_0333,2023-03-21,Horse_0691,Horse_0691,Jockey_001,3,牝,1200,ダート,良,1,53.2,448.1,1.3,34.0,1.0,5.0,0.0,0.0,,0.238,2
R20230321_0333,2023-03-21,Horse_0248,Horse_0248,Jockey_004,9,牝,1200,ダート,良,6,55.2,464.6,4.7,128.0,1.0,12.0,0.0,,0.0,0.261,8
R20230321_0333,2023-03-21,Horse_0806,Horse_0806,Jockey_069,5,牝,1200,ダート,良,8,53.0,467.7,-5.8,123.0,2.0,4.667,0.2,,0.0,0.319,1
R20230321_0333,2023-03-21,Horse_0548,Horse_0548,Jockey_037,7,牡,1200,ダート,良,4,54.0,472.9,0.7,63.0,4.0,7.667,0.2,0.0,0.0,0.14,4
R20230322_0334,2023-03-22,Horse_0781,Horse_0781,Jockey_055,8,牡,1400,ダート,良,7,56.7,463.8,8.6,34.0,2.0,3.333,0.8,,1.0,0.26,1
R20230322_0334,2023-03-22,Horse_0104,Horse_0104,Jockey_075,6,牡,1400,ダート,良,10,55.3,475.3,9.2,148.0,1.0,10.333,0.0,,,0.22,13
R20230322_0334,2023-03-22,Horse_0350,Horse_0350,Jockey_016,5,牡,1400,ダート,良,4,53.0,460.9,5.5,129.0,1.0,9.667,0.0,,0.0,0.273,14
R20230322_0334,2023-03-22,Horse_0282,Horse_0282,Jockey_024,7,牡,1400,ダート,良,2,55.3,451.4,21.7,112.0,2.0,6.0,0.0,0.0,0.25,0.16,9
R20230322_0334,2023-03-22,Horse_0487,Horse_0487,Jockey_015,9,牝,1400,ダート,良,15,54.2,527.3,0.8,191.0,0.0,7.5,0.5,,0.0,0.091,3
R20230322_0334,2023-03-22,Horse_0830,Horse_0830,Jockey_030,5,牝,1400,ダート,良,8,54.4,418.1,-10.4,59.0,2.0,10.333,0.0,0.0,0.0,0.143,10
R20230322_0334,2023-03-22,Horse_0631,Horse_0631,Jockey_066,7,牝,1400,ダート,良,14,52.8,448.4,0.7,67.0,2.0,8.333,0.0,0.0,0.0,0.273,8
R20230322_0334,2023-03-22,Horse_0191,Horse_0191,Jockey_045,7,せん,1400,ダート,良,1,54.7,475.0,5.0,52.0,2.0,4.333,0.8,,0.5,0.28,2
R20230322_0334,2023-03-22,Horse_0757,Horse_0757,Jockey_014,5,牡,1400,ダート,良,11,55.3,456.6,-1.1,100.0,1.0,9.333,0.2,1.0,,0.16,5
R20230322_0334,2023-03-22,Horse_0014,Horse_0014,Jockey_020,2,牡,1400,ダート,良,3,55.0,411.0,3.6,41.0,1.0,2.0,1.0,,,0.196,12
R20230322_0334,2023-03-22,Horse_0587,Horse_0587,Jockey_043,3,牡,1400,ダート,良,5,56.5,516.2,-3.4,176.0,1.0,7.0,0.0,,0.0,0.152,6
R20230322_0334,2023-03-22,Horse_0763,Horse_0763,Jockey_050,4,牝,1400,ダート,良,12,54.8,529.9,-8.1,88.0,1.0,9.0,0.0,0.0,0.0,0.265,15
R20230322_0334,2023-03-22,Horse_0711,Horse_0711,Jockey_073,6,牝,1400,ダート,良,6,54.3,452.0,-15.2,237.0,0.0,4.333,0.4,1.0,0.5,0.265,11
R20230322_0334,2023-03-22,Horse_0791,Horse_0791,Jockey_025,6,牡,1400,ダート,良,13,56.9,459.2,6.7,93.0,1.0,6.667,0.5,0.333,0.333,0.42,4
R20230322_0334,2023-03-22,Horse_0568,Horse_0568,Jockey_057,7,牝,1400,ダート,良,9,53.2,517.9,10.6,148.0,2.0,7.333,0.0,0.0,0.0,0.46,7
R20230324_0335,2023-03-24,Horse_0730,Horse_0730,Jockey_042,2,牝,2000,芝,重,10,54.7,445.6,,,0.0,,,,,0.32,3
R20230324_0335,2023-03-24,Horse_0213,Horse_0213,Jockey_025,9,牝,2000,芝,重,6,54.3,448.1,-9.8,263.0,0.0,2.0,0.8,,0.75,0.42,8
R20230324_0335,2023-03-24,Horse_0459,Horse_0459,Jockey_040,2,牝,2000,芝,重,4,53.6,385.5,-4.6,21.0,2.0,4.5,0.5,1.0,1.0,0.36,6
R20230324_0335,2023-03-24,Horse_0776,Horse_0776,Jockey_029,5,牡,2000,芝,重,13,56.2,465.3,-21.5,95.0,2.0,4.333,0.4,,0.5,0.24,14
R20230324_0335,2023-03-24,Horse_0899,Horse_0899,Jockey_013,5,牝,2000,芝,重,9,54.1,480.7,-11.6,95.0,1.0,5.333,0.4,,0.2,0.16,4
R20230324_0335,2023-03-24,Horse_0389,Horse_0389,Jockey_054,3,牡,2000,芝,重,5,54.1,467.9,8.1,128.0,1.0,3.0,0.5,,,0.229,12
R20230324_0335,2023-03-24,Horse_0379,Horse_0379,Jockey_023,4,牝,2000,芝,重,3,56.9,515.4,3.8,97.0,2.0,3.667,0.6,,0.4,0.125,9
R20230324_0335,2023-03-24,Horse_0233,Horse_0233,Jockey_078,6,牝,2000,芝,重,7,54.7,424.7,-1.1,255.0,0.0,5.667,0.4,0.0,0.5,0.24,10
R20230324_0335,2023-03-24,Horse_0294,Horse_0294,Jockey_075,2,牝,2000,芝,重,1,54.9,506.6,1.2,41.0,1.0,3.0,1.0,,1.0,0.22,7
R20230324_0335,2023-03-24,Horse_0100,Horse_0100,Jockey_004,5,牝,2000,芝,重,8,54.6,471.2,-3.7,17.0,2.0,10.667,0.0,0.0,0.0,0.255,11
R20230324_0335,2023-03-24,Horse_0160,Horse_0160,Jockey_065,3,牝,2000,芝,重,2,54.9,452.5,8.8,241.0,0.0,7.5,0.0,0.0,,0.344,15
R20230324_0335,2023-03-24,Horse_0198,Horse_0198,Jockey_010,5,牡,2000,芝,重,15,56.2,449.2,-1.1,183.0,0.0,6.667,0.25,,0.5,0.34,13
R20230324_0335,2023-03-24,Horse_0600,Horse_0600,Jockey_031,4,牝,2000,芝,重,12,54.9,501.2,-7.8,21.0,2.0,5.333,0.4,1.0,0.4,0.318,2
R20230324_0335,2023-03-24,Horse_0253,Horse_0253,Jockey_015,4,せん,2000,芝,重,16,56.5,484.8,-12.3,229.0,0.0,13.0,0.0,0.0,0.0,0.111,16
R20230324_0335,2023-03-24,Horse_0673,Horse_0673,Jockey_017,5,牡,2000,芝,重,14,55.1,481.1,-9.3,95.0,3.0,1.333,0.8,,1.0,0.395,1
R20230324_0335,2023-03-24,Horse_0435,Horse_0435,Jockey_018,5,牝,2000,芝,重,11,55.2,491.6,4.1,35.0,2.0,6.667,0.0,0.0,0.0,0.5,5
R20230325_0336,2023-03-25,Horse_0672,Horse_0672,Jockey_011,3,牝,1200,ダート,良,1,54.8,488.9,-0.4,38.0,1.0,11.0,0.0,0.0,,0.186,4
R20230325_0336,2023-03-25,Horse_0881,Horse_0881,Jockey_009,7,牡,1200,ダート,良,5,54.0,500.6,-1.0,42.0,4.0,9.333,0.0,0.0,,0.3,7
R20230325_0336,2023-03-25,Horse_0008,Horse_0008,Jockey_040,5,牝,1200,ダート,良,6,52.6,445.7,-19.4,123.0,1.0,6.0,0.4,1.0,0.25,0.34,2
R20230325_0336,2023-03-25,Horse_0175,Horse_0175,Jockey_015,3,せん,1200,ダート,良,12,56.3,495.9,-10.8,87.0,2.0,6.0,0.0,,0.0,0.109,12
R20230325_0336,2023-03-25,Horse_0449,Horse_0449,Jockey_077,6,牝,1200,ダート,良,9,54.9,473.1,3.7,64.0,1.0,5.0,0.2,,0.0,0.048,5
R20230325_0336,2023-03-25,Horse_0173,Horse_0173,Jockey_021,7,牝,1200,ダート,良,11,52.4,452.5,7.2,234.0,0.0,11.333,0.0,0.0,0.0,0.22,8
R20230325_0336,2023-03-25,Horse_0359,Horse_0359,Jockey_056,6,牝,1200,ダート,良,3,55.1,494.5,-6.9,110.0,1.0,5.333,0.25,0.0,,0.304,6
R20230325_0336,2023-03-25,Horse_0111,Horse_0111,Jockey_038,4,牡,1200,ダート,良,10,55.2,447.4,-5.2,105.0,1.0,10.333,0.0,0.0,,0.18,11
R20230325_0336,2023-03-25,Horse_0123,Horse_0123,Jockey_054,7,牝,1200,ダート,良,2,54.8,547.5,8.9,173.0,1.0,1.0,0.6,0.0,0.5,0.224,1
R20230325_0336,2023-03-25,Horse_0476,Horse_0476,Jockey_032,3,牡,1200,ダート,良,7,52.4,447.8,2.2,242.0,0.0,10.0,0.0,,0.0,0.222,10
R20230325_0336,2023-03-25,Horse_0713,Horse_0713,Jockey_075,6,牡,1200,ダート,良,4,56.0,489.5,16.7,87.0,2.0,5.333,0.2,,0.0,0.22,3
R20230325_0336,2023-03-25,Horse_0556,Horse_0556,Jockey_073,5,せん,1200,ダート,良,8,52.9,525.7,1.3,87.0,1.0,12.333,0.0,,,0.26,9
R20230326_0337,2023-03-26,Horse_0653,Horse_0653,Jockey_022,3,牡,1600,芝,良,4,56.6,509.3,,,0.0,,,,,0.18,8
R20230326_0337,2023-03-26,Horse_0124,Horse_0124,Jockey_005,8,牡,1600,芝,良,6,54.2,450.9,-8.8,30.0,1.0,7.667,0.0,,0.0,0.52,2
R20230326_0337,2023-03-26,Horse_0611,Horse_0611,Jockey_078,5,牡,1600,芝,良,11,57.0,421.3,-7.5,282.0,0.0,7.667,0.0,,0.0,0.24,9
R20230326_0337,2023-03-26,Horse_0332,Horse_0332,Jockey_051,4,牝,1600,芝,良,13,54.5,435.9,7.1,337.0,0.0,6.0,0.333,1.0,0.333,0.25,11
R20230326_0337,2023-03-26,Horse_0877,Horse_0877,Jockey_028,6,牡,1600,芝,良,12,55.3,426.0,-2.7,157.0,1.0,3.333,0.4,1.0,0.333,0.267,1
R20230326_0337,2023-03-26,Horse_0145,Horse_0145,Jockey_031,6,牡,1600,芝,良,8,55.4,501.0,0.3,99.0,2.0,3.0,0.4,0.0,0.5,0.333,4
R20230326_0337,2023-03-26,Horse_0871,Horse_0871,Jockey_067,5,牝,1600,芝,良,9,56.6,501.3,-7.9,39.0,3.0,9.333,0.0,0.0,0.0,0.22,3
R20230326_0337,2023-03-26,Horse_0715,Horse_0715,Jockey_011,4,牝,1600,芝,良,5,55.7,542.4,5.4,60.0,2.0,3.333,0.6,0.5,0.167,0.182,5
R20230326_0337,2023-03-26,Horse_0681,Horse_0681,Jockey_080,6,牡,1600,芝,良,2,55.3,452.5,4.8,430.0,0.0,12.333,0.0,,0.0,0.24,13
R20230326_0337,2023-03-26,Horse_0118,Horse_0118,Jockey_012,8,牝,1600,芝,良,3,54.4,489.5,14.2,352.0,0.0,5.5,0.5,,0.5,0.204,12
R20230326_0337,2023-03-26,Horse_0734,Horse_0734,Jockey_045,2,牡,1600,芝,良,10,54.7,525.0,,,0.0,,,,,0.3,7
R20230326_0337,2023-03-26,Horse_0511,Horse_0511,Jockey_013,7,牡,1600,芝,良,1,55.1,477.1,8.9,157.0,1.0,9.333,0.0,,0.0,0.16,10
R20230326_0337,2023-03-26,Horse_0418,Horse_0418,Jockey_025,6,牡,1600,芝,良,7,55.0,454.5,19.5,139.0,1.0,1.667,0.6,0.5,0.333,0.42,6
R20230330_0338,2023-03-30,Horse_0311,Horse_0311,Jockey_075,3,牝,2000,ダート,良,8,53.3,487.9,-4.2,137.0,1.0,3.0,1.0,,,0.22,12
R20230330_0338,2023-03-30,Horse_0007,Horse_0007,Jockey_027,4,牡,2000,ダート,良,12,55.0,496.5,-0.0,132.0,1.0,7.667,0.25,,0.5,0.214,10
R20230330_0338,2023-03-30,Horse_0636,Horse_0636,Jockey_042,9,牝,2000,ダート,良,11,52.8,510.9,8.2,86.0,2.0,8.667,0.0,0.0,0.0,0.34,6
R20230330_0338,2023-03-30,Horse_0059,Horse_0059,Jockey_018,3,牡,2000,ダート,良,9,55.9,535.1,2.9,251.0,0.0,3.667,0.667,,1.0,0.5,7
R20230330_0338,2023-03-30,Horse_0545,Horse_0545,Jockey_029,7,牡,2000,ダート,良,1,54.5,475.0,0.1,64.0,2.0,7.667,0.0,,0.0,0.22,11
R20230330_0338,2023-03-30,Horse_0608,Horse_0608,Jockey_063,9,牝,2000,ダート,良,10,53.4,404.5,-13.3,30.0,2.0,7.0,0.2,0.0,0.333,0.208,5
R20230330_0338,2023-03-30,Horse_0120,Horse_0120,Jockey_052,5,牝,2000,ダート,良,6,53.5,425.6,-21.9,218.0,0.0,12.0,0.0,0.0,,0.28,13
R20230330_0338,2023-03-30,Horse_0451,Horse_0451,Jockey_065,4,牡,2000,ダート,良,7,56.4,411.9,-1.6,224.0,0.0,8.667,0.333,,,0.333,4
R20230330_0338,2023-03-30,Horse_0415,Horse_0415,Jockey_080,9,牡,2000,ダート,良,3,54.8,476.2,-15.1,19.0,3.0,3.333,0.6,0.0,1.0,0.24,2
R20230330_0338,2023-03-30,Horse_0267,Horse_0267,Jockey_032,8,牡,2000,ダート,良,2,55.2,431.6,1.2,23.0,2.0,2.0,1.0,1.0,1.0,0.217,1
R20230330_0338,2023-03-30,Horse_0766,Horse_0766,Jockey_006,7,牝,2000,ダート,良,5,54.1,447.5,10.4,41.0,1.0,4.667,0.2,1.0,0.0,0.277,8
R20230330_0338,2023-03-30,Horse_0127,Horse_0127,Jockey_062,6,牝,2000,ダート,良,4,56.6,445.4,-2.4,161.0,1.0,7.667,0.0,0.0,0.0,0.239,9
R20230330_0338,2023-03-30,Horse_0240,Horse_0240,Jockey_051,2,牝,2000,ダート,良,13,54.1,511.9,,,0.0,,,,,0.245,3
R20230402_0339,2023-04-02,Horse_0582,Horse_0582,Jockey_006,7,せん,1600,芝,良,10,52.8,447.1,6.9,48.0,1.0,7.333,0.0,0.0,0.0,0.271,7
R20230402_0339,2023-04-02,Horse_0572,Horse_0572,Jockey_024,9,牡,1600,芝,良,13,58.2,470.3,6.6,327.0,0.0,5.667,0.0,0.0,0.0,0.16,12
R20230402_0339,2023-04-02,Horse_0096,Horse_0096,Jockey_062,7,牝,1600,芝,良,11,54.1,487.5,12.0,22.0,1.0,8.333,0.2,0.333,0.429,0.234,1
R20230402_0339,2023-04-02,Horse_0726,Horse_0726,Jockey_045,7,牡,1600,芝,良,2,54.1,516.6,-10.7,124.0,2.0,7.333,0.0,0.0,0.0,0.3,10
R20230402_0339,2023-04-02,Horse_0529,Horse_0529,Jockey_064,3,牝,1600,芝,良,6,53.5,504.8,7.0,250.0,0.0,3.5,0.5,1.0,,0.191,9
R20230402_0339,2023-04-02,Horse_0443,Horse_0443,Jockey_021,3,牝,1600,芝,良,12,53.5,479.4,8.1,45.0,1.0,9.333,0.0,0.0,0.0,0.22,8
R20230402_0339,2023-04-02,Horse_0733,Horse_0733,Jockey_055,9,牝,1600,芝,良,9,53.8,470.6,-8.3,45.0,1.0,8.667,0.0,0.0,0.0,0.28,11
R20230402_0339,2023-04-02,Horse_0055,Horse_0055,Jockey_061,6,せん,1600,芝,良,5,54.9,477.7,2.9,133.0,1.0,4.0,0.8,,1.0,0.4,6
R20230402_0339,2023-04-02,Horse_0347,Horse_0347,Jockey_036,6,せん,1600,芝,良,4,53.8,460.5,1.8,111.0,2.0,4.333,0.8,0.5,0.286,0.32,4
R20230402_0339,2023-04-02,Horse_0602,Horse_0602,Jockey_076,9,せん,1600,芝,良,3,54.9,509.7,1.7,93.0,1.0,5.333,0.333,,0.0,0.25,2
R20230402_0339,2023-04-02,Horse_0350,Horse_0350,Jockey_056,5,牡,1600,芝,良,1,55.0,461.5,0.6,11.0,2.0,11.333,0.0,0.0,0.0,0.298,3
R20230402_0339,2023-04-02,Horse_0711,Horse_0711,Jockey_009,6,牝,1600,芝,良,7,53.7,456.7,4.7,11.0,1.0,5.0,0.4,0.5,0.333,0.3,5
R20230402_0339,2023-04-02,Horse_0414,Horse_0414,Jockey_013,8,牡,1600,芝,良,8,54.1,414.6,-4.9,327.0,0.0,6.333,0.6,0.5,0.75,0.16,13
R20230404_0340,2023-04-04,Horse_0037,Horse_0037,Jockey_061,4,牝,1800,芝,稍重,8,55.7,498.0,-7.0,595.0,0.0,8.667,0.333,,0.5,0.4,16
R20230404_0340,2023-04-04,Horse_0746,Horse_0746,Jockey_029,6,牝,1800,芝,稍重,16,53.6,449.5,6.8,53.0,2.0,2.0,0.8,1.0,0.75,0.22,1
R20230404_0340,2023-04-04,Horse_0284,Horse_0284,Jockey_030,5,牡,1800,芝,稍重,14,53.6,444.5,-3.9,288.0,0.0,3.667,0.4,0.667,0.25,0.14,6
R20230404_0340,2023-04-04,Horse_0064,Horse_0064,Jockey_043,6,せん,1800,芝,稍重,1,55.0,442.0,2.9,120.0,1.0,6.0,0.333,0.0,0.333,0.149,12
R20230404_0340,2023-04-04,Horse_0136,Horse_0136,Jockey_018,7,牡,1800,芝,稍重,15,53.7,476.9,0.4,341.0,0.0,7.333,0.25,,0.25,0.5,3
R20230404_0340,2023-04-04,Horse_0108,Horse_0108,Jockey_044,6,牡,1800,芝,稍重,12,57.8,427.8,-1.4,505.0,0.0,9.333,0.2,0.5,0.333,0.3,15
R20230404_0340,2023-04-04,Horse_0100,Horse_0100,Jockey_074,5,牝,1800,芝,稍重,6,51.0,480.6,9.4,11.0,3.0,10.0,0.0,,0.0,0.239,10
R20230404_0340,2023-04-04,Horse_0144,Horse_0144,Jockey_016,4,牡,1800,芝,稍重,3,55.0,462.4,3.7,113.0,1.0,10.667,0.0,0.0,0.0,0.267,4
R20230404_0340,2023-04-04,Horse_0801,Horse_0801,Jockey_047,8,牝,1800,芝,稍重,9,56.5,491.8,1.3,155.0,1.0,4.333,0.2,0.25,0.4,0.2,7
R20230404_0340,2023-04-04,Horse_0738,Horse_0738,Jockey_052,7,牝,1800,芝,稍重,11,54.6,436.0,3.3,61.0,2.0,10.0,0.0,0.0,0.0,0.28,8
R20230404_0340,2023-04-04,Horse_0549,Horse_0549,Jockey_006,3,せん,1800,芝,稍重,7,51.3,484.6,-5.6,83.0,3.0,9.667,0.0,,0.0,0.265,13
R20230404_0340,2023-04-04,Horse_0580,Horse_0580,Jockey_007,7,牝,1800,芝,稍重,5,54.0,540.2,2.5,613.0,0.0,1.333,0.6,1.0,0.6,0.12,14
R20230404_0340,2023-04-04,Horse_0754,Horse_0754,Jockey_055,7,牡,1800,芝,稍重,13,54.8,470.4,-11.9,97.0,1.0,11.333,0.25,0.0,0.5,0.28,11
R20230404_0340,2023-04-04,Horse_0074,Horse_0074,Jockey_049,2,牡,1800,芝,稍重,4,54.8,426.8,,,0.0,,,,,0.24,9
R20230404_0340,2023-04-04,Horse_0486,Horse_0486,Jockey_015,3,牡,1800,芝,稍重,2,56.0,458.2,4.8,122.0,1.0,8.0,0.0,0.0,0.0,0.106,5
R20230404_0340,2023-04-04,Horse_0792,Horse_0792,Jockey_058,2,牝,1800,芝,稍重,10,57.0,461.7,1.0,52.0,2.0,6.5,0.0,,0.0,0.32,2
R20230406_0341,2023-04-06,Horse_0777,Horse_0777,Jockey_012,8,牝,1600,芝,稍重,4,53.0,462.3,7.7,275.0,0.0,7.333,0.0,,0.0,0.2,7
R20230406_0341,2023-04-06,Horse_0617,Horse_0617,Jockey_043,8,牡,1600,芝,稍重,7,56.4,540.2,8.0,127.0,1.0,7.0,0.6,0.0,0.5,0.146,5
R20230406_0341,2023-04-06,Horse_0820,Horse_0820,Jockey_074,6,牝,1600,芝,稍重,8,54.2,507.8,-1.1,113.0,1.0,13.333,0.0,0.0,0.0,0.234,6
R20230406_0341,2023-04-06,Horse_0887,Horse_0887,Jockey_048,2,牝,1600,芝,稍重,5,53.9,478.0,7.6,24.0,1.0,4.0,0.0,,0.0,0.184,3
R20230406_0341,2023-04-06,Horse_0283,Horse_0283,Jockey_006,9,牝,1600,芝,稍重,3,57.3,520.7,-15.9,157.0,1.0,10.667,0.0,0.0,0.0,0.26,4
R20230406_0341,2023-04-06,Horse_0370,Horse_0370,Jockey_038,9,牝,1600,芝,稍重,1,54.4,482.7,-3.8,49.0,2.0,6.333,0.0,0.0,0.2,0.16,2
R20230406_0341,2023-04-06,Horse_0813,Horse_0813,Jockey_071,3,牡,1600,芝,稍重,2,54.7,454.6,2.8,103.0,1.0,12.0,0.0,,0.0,0.304,8
R20230406_0341,2023-04-06,Horse_0027,Horse_0027,Jockey_029,7,牝,1600,芝,稍重,6,56.8,446.2,-12.8,183.0,0.0,8.0,0.25,0.0,0.0,0.24,1
R20230408_0342,2023-04-08,Horse_0319,Horse_0319,Jockey_066,7,牝,1200,芝,不良,7,53.7,451.8,-11.2,123.0,2.0,5.333,0.6,,0.6,0.267,2
R20230408_0342,2023-04-08,Horse_0677,Horse_0677,Jockey_071,9,せん,1200,芝,不良,2,54.6,499.1,-2.9,44.0,2.0,10.333,0.0,0.0,0.0,0.298,8
R20230408_0342,2023-04-08,Horse_0776,Horse_0776,Jockey_040,5,牡,1200,芝,不良,4,54.1,468.0,2.7,15.0,3.0,8.333,0.4,1.0,0.4,0.36,3
R20230408_0342,2023-04-08,Horse_0510,Horse_0510,Jockey_080,5,牝,1200,芝,不良,9,54.6,452.9,-6.3,254.0,0.0,6.333,0.2,,0.0,0.26,7
R20230408_0342,2023-04-08,Horse_0307,Horse_0307,Jockey_005,3,牝,1200,芝,不良,8,52.7,475.0,-0.2,295.0,0.0,8.0,0.0,,0.0,0.54,9
R20230408_0342,2023-04-08,Horse_0758,Horse_0758,Jockey_073,8,牝,1200,芝,不良,1,53.7,473.9,-15.5,50.0,3.0,7.0,0.2,0.0,0.333,0.26,5
R20230408_0342,2023-04-08,Horse_0101,Horse_0101,Jockey_050,9,牝,1200,芝,不良,5,54.0,484.8,-2.1,105.0,2.0,1.667,0.6,,0.571,0.26,4
R20230408_0342,2023-04-08,Horse_0604,Horse_0604,Jockey_014,9,牡,1200,芝,不良,3,54.6,496.6,18.7,282.0,0.0,8.333,0.2,,0.2,0.16,6
R20230408_0342,2023-04-08,Horse_0885,Horse_0885,Jockey_010,2,牡,1200,芝,不良,6,53.5,487.7,-6.4,90.0,1.0,2.0,1.0,1.0,,0.32,1
R20230410_0343,2023-04-10,Horse_0332,Horse_0332,Jockey_042,4,牝,2000,ダート,稍重,10,53.7,424.7,-11.2,15.0,1.0,9.333,0.25,0.0,,0.34,1
R20230410_0343,2023-04-10,Horse_0670,Horse_0670,Jockey_070,3,牝,2000,ダート,稍重,11,55.0,440.9,-1.4,132.0,2.0,4.667,0.333,,0.0,0.24,6
R20230410_0343,2023-04-10,Horse_0504,Horse_0504,Jockey_077,9,牝,2000,ダート,稍重,9,56.9,494.3,-3.0,126.0,1.0,4.667,0.4,,0.0,0.047,9
R20230410_0343,2023-04-10,Horse_0233,Horse_0233,Jockey_062,6,牝,2000,ダート,稍重,4,54.2,417.0,-7.7,17.0,1.0,7.333,0.2,0.0,0.0,0.25,7
R20230410_0343,2023-04-10,Horse_0002,Horse_0002,Jockey_050,8,牝,2000,ダート,稍重,8,56.4,464.3,-4.3,68.0,2.0,3.667,0.4,0.4,0.5,0.24,5
R20230410_0343,2023-04-10,Horse_0869,Horse_0869,Jockey_060,6,牝,2000,ダート,稍重,3,53.3,466.8,13.4,20.0,1.0,7.0,0.0,,0.0,0.065,4
R20230410_0343,2023-04-10,Horse_0654,Horse_0654,Jockey_053,6,牝,2000,ダート,稍重,6,53.7,473.5,-7.7,626.0,0.0,3.5,0.5,,0.0,0.16,11
R20230410_0343,2023-04-10,Horse_0331,Horse_0331,Jockey_022,6,牝,2000,ダート,稍重,1,54.7,471.4,11.5,141.0,1.0,11.333,0.25,,0.0,0.16,8
R20230410_0343,2023-04-10,Horse_0062,Horse_0062,Jockey_080,4,せん,2000,ダート,稍重,5,54.7,481.7,-0.7,75.0,1.0,6.333,0.4,0.0,0.667,0.26,3
R20230410_0343,2023-04-10,Horse_0741,Horse_0741,Jockey_075,6,牡,2000,ダート,稍重,7,56.5,496.2,-4.3,90.0,2.0,7.667,0.0,,0.0,0.22,2
R20230410_0343,2023-04-10,Horse_0584,Horse_0584,Jockey_018,9,牡,2000,ダート,稍重,2,57.5,513.7,12.8,400.0,0.0,6.667,0.0,,0.0,0.52,10
R20230411_0344,2023-04-11,Horse_0460,Horse_0460,Jockey_051,3,牝,1200,芝,良,2,53.7,498.2,-3.4,313.0,0.0,7.0,0.0,,0.0,0.26,11
R20230411_0344,2023-04-11,Horse_0693,Horse_0693,Jockey_015,8,せん,1200,芝,良,3,54.8,434.8,3.0,142.0,1.0,4.0,0.8,1.0,0.8,0.104,6
R20230411_0344,2023-04-11,Horse_0328,Horse_0328,Jockey_041,6,牡,1200,芝,良,4,53.4,518.4,1.0,81.0,1.0,7.0,0.4,0.5,0.0,0.3,4
R20230411_0344,2023-04-11,Horse_0229,Horse_0229,Jockey_010,3,牡,1200,芝,良,5,54.6,525.8,9.4,81.0,1.0,1.0,1.0,,1.0,0.34,1
R20230411_0344,2023-04-11,Horse_0092,Horse_0092,Jockey_002,8,牝,1200,芝,良,7,54.8,471.9,-6.8,95.0,1.0,9.667,0.25,,0.333,0.364,8
R20230411_0344,2023-04-11,Horse_0692,Horse_0692,Jockey_070,4,牡,1200,芝,良,6,54.9,473.4,9.8,172.0,1.0,10.333,0.0,0.0,0.0,0.24,10
R20230411_0344,2023-04-11,Horse_0102,Horse_0102,Jockey_003,7,牝,1200,芝,良,12,53.7,470.2,5.6,25.0,2.0,8.667,0.0,0.0,0.0,0.234,5
R20230411_0344,2023-04-11,Horse_0516,Horse_0516,Jockey_057,6,牡,1200,芝,良,1,53.8,483.7,4.4,54.0,1.0,4.0,0.4,0.5,0.4,0.46,2
R20230411_0344,2023-04-11,Horse_0181,Horse_0181,Jockey_055,7,牝,1200,芝,良,9,52.7,462.8,4.1,76.0,3.0,8.333,0.2,0.5,0.0,0.28,7
R20230411_0344,2023-04-11,Horse_0848,Horse_0848,Jockey_032,5,牝,1200,芝,良,11,54.9,410.6,-2.5,68.0,3.0,7.0,0.0,0.0,0.0,0.234,9
R20230411_0344,2023-04-11,Horse_0530,Horse_0530,Jockey_021,2,牡,1200,芝,良,8,54.9,494.2,,,0.0,,,,,0.22,3
R20230411_0344,2023-04-11,Horse_0638,Horse_0638,Jockey_035,6,せん,1200,芝,良,10,53.5,461.2,4.2,199.0,0.0,9.333,0.0,0.0,0.0,0.333,12
R20230414_0345,2023-04-14,Horse_0806,Horse_0806,Jockey_044,5,牝,2000,ダート,重,4,54.6,478.6,10.9,24.0,3.0,2.333,0.4,,0.5,0.293,2
R20230414_0345,2023-04-14,Horse_0538,Horse_0538,Jockey_058,3,牝,2000,ダート,重,9,51.9,533.8,-0.3,122.0,2.0,3.667,0.6,1.0,0.5,0.34,4
R20230414_0345,2023-04-14,Horse_0891,Horse_0891,Jockey_071,3,牝,2000,ダート,重,2,54.8,507.3,-6.0,90.0,1.0,7.0,0.0,0.0,,0.292,7
R20230414_0345,2023-04-14,Horse_0444,Horse_0444,Jockey_024,8,牝,2000,ダート,重,8,54.0,408.7,-18.0,42.0,2.0,12.333,0.0,0.0,0.0,0.16,11
R20230414_0345,2023-04-14,Horse_0765,Horse_0765,Jockey_033,3,牡,2000,ダート,重,12,53.5,418.9,17.5,34.0,2.0,3.0,0.5,0.0,0.667,0.343,3
R20230414_0345,2023-04-14,Horse_0337,Horse_0337,Jockey_069,7,牝,2000,ダート,重,7,54.3,488.8,8.0,98.0,1.0,6.667,0.0,0.0,0.0,0.333,6
R20230414_0345,2023-04-14,Horse_0093,Horse_0093,Jockey_002,8,牝,2000,ダート,重,6,55.2,467.7,-3.0,566.0,0.0,1.0,1.0,,1.0,0.356,12
R20230414_0345,2023-04-14,Horse_0529,Horse_0529,Jockey_076,3,牝,2000,ダート,重,3,54.7,505.1,0.3,12.0,1.0,5.333,0.333,,0.5,0.267,10
R20230414_0345,2023-04-14,Horse_0754,Horse_0754,Jockey_059,7,牡,2000,ダート,重,1,57.9,484.8,14.4,10.0,2.0,12.0,0.2,1.0,0.0,0.38,8
R20230414_0345,2023-04-14,Horse_0867,Horse_0867,Jockey_031,7,牡,2000,ダート,重,10,56.6,432.6,-4.6,181.0,0.0,9.0,0.2,0.0,0.25,0.326,9
R20230414_0345,2023-04-14,Horse_0106,Horse_0106,Jockey_027,9,牡,2000,ダート,重,5,51.8,384.2,-7.0,94.0,2.0,5.667,0.4,0.0,0.25,0.209,1
R20230414_0345,2023-04-14,Horse_0267,Horse_0267,Jockey_010,8,牡,2000,ダート,重,11,57.0,431.7,0.1,15.0,3.0,2.0,1.0,1.0,1.0,0.34,5
R20230415_0346,2023-04-15,Horse_0601,Horse_0601,Jockey_056,8,牡,2400,芝,良,9,51.3,461.1,-17.3,30.0,3.0,7.0,0.0,0.0,0.0,0.312,6
R20230415_0346,2023-04-15,Horse_0588,Horse_0588,Jockey_058,6,牡,2400,芝,良,7,55.3,512.2,-5.3,372.0,0.0,6.667,0.333,0.0,0.333,0.32,10
R20230415_0346,2023-04-15,Horse_0757,Horse_0757,Jockey_022,5,牡,2400,芝,良,8,54.9,456.6,0.0,24.0,2.0,9.0,0.0,0.0,0.2,0.16,5
R20230415_0346,2023-04-15,Horse_0278,Horse_0278,Jockey_001,6,せん,2400,芝,良,10,55.0,450.3,-5.9,61.0,1.0,5.667,0.2,,1.0,0.256,7
R20230415_0346,2023-04-15,Horse_0112,Horse_0112,Jockey_035,3,牡,2400,芝,良,3,52.0,440.1,3.0,227.0,0.0,6.5,0.5,,0.0,0.326,11
R20230415_0346,2023-04-15,Horse_0435,Horse_0435,Jockey_036,5,牝,2400,芝,良,1,53.9,477.6,-14.0,22.0,3.0,7.0,0.0,,0.0,0.3,4
R20230415_0346,2023-04-15,Horse_0563,Horse_0563,Jockey_063,9,牡,2400,芝,良,4,56.1,498.2,8.6,177.0,1.0,5.667,0.4,,0.333,0.204,3
R20230415_0346,2023-04-15,Horse_0495,Horse_0495,Jockey_020,9,牡,2400,芝,良,5,55.4,425.1,-14.1,126.0,2.0,3.5,0.5,,1.0,0.191,8
R20230415_0346,2023-04-15,Horse_0149,Horse_0149,Jockey_054,6,牡,2400,芝,良,2,55.8,452.5,1.2,261.0,0.0,5.0,0.2,,0.0,0.24,9
R20230415_0346,2023-04-15,Horse_0793,Horse_0793,Jockey_079,2,牡,2400,芝,良,6,55.5,453.6,,,0.0,,,,,0.1,2
R20230415_0346,2023-04-15,Horse_0570,Horse_0570,Jockey_069,6,牝,2400,芝,良,11,54.2,455.8,4.2,53.0,1.0,7.667,0.0,,0.0,0.327,1
R20230416_0347,2023-04-16,Horse_0840,Horse_0840,Jockey_075,4,牡,1600,芝,良,7,56.0,455.9,-13.1,235.0,0.0,2.333,0.667,1.0,1.0,0.24,2
R20230416_0347,2023-04-16,Horse_0483,Horse_0483,Jockey_005,5,牡,1600,芝,良,10,53.0,523.0,-1.5,100.0,1.0,8.667,0.4,0.0,0.0,0.52,4
R20230416_0347,2023-04-16,Horse_0369,Horse_0369,Jockey_020,9,牡,1600,芝,良,5,54.4,473.0,2.5,165.0,1.0,7.333,0.0,0.0,0.0,0.188,6
R20230416_0347,2023-04-16,Horse_0066,Horse_0066,Jockey_006,8,牡,1600,芝,良,8,54.1,434.1,-4.7,109.0,2.0,7.0,0.2,0.0,0.091,0.24,3
R20230416_0347,2023-04-16,Horse_0697,Horse_0697,Jockey_080,2,牝,1600,芝,良,6,53.0,457.7,,,0.0,,,,,0.28,5
R20230416_0347,2023-04-16,Horse_0170,Horse_0170,Jockey_070,3,牡,1600,芝,良,4,54.6,520.8,10.3,177.0,1.0,4.0,0.4,,0.0,0.24,7
R20230416_0347,2023-04-16,Horse_0386,Horse_0386,Jockey_001,3,牝,1600,芝,良,1,55.9,462.6,14.1,178.0,1.0,2.0,1.0,,1.0,0.25,1
R20230416_0347,2023-04-16,Horse_0165,Horse_0165,Jockey_065,9,牡,1600,芝,良,9,54.9,475.6,6.8,201.0,0.0,10.0,0.0,,0.0,0.324,8
R20230416_0347,2023-04-16,Horse_0827,Horse_0827,Jockey_033,8,牝,1600,芝,良,2,56.4,479.4,7.4,712.0,0.0,9.0,0.0,0.0,,0.361,9
R20230416_0347,2023-04-16,Horse_0521,Horse_0521,Jockey_004,6,牝,1600,芝,良,3,53.4,481.1,-2.9,457.0,0.0,8.667,0.0,,0.0,0.25,10
R20230418_0348,2023-04-18,Horse_0016,Horse_0016,Jockey_036,5,牡,1600,芝,良,13,54.6,450.9,15.1,42.0,2.0,4.333,0.4,1.0,0.333,0.3,1
R20230418_0348,2023-04-18,Horse_0104,Horse_0104,Jockey_041,6,牡,1600,芝,良,10,55.4,475.1,-0.2,27.0,2.0,12.333,0.0,0.0,0.0,0.3,13
R20230418_0348,2023-04-18,Horse_0418,Horse_0418,Jockey_007,6,牡,1600,芝,良,1,56.5,431.1,-23.4,23.0,2.0,3.333,0.6,0.4,0.25,0.12,8
R20230418_0348,2023-04-18,Horse_0481,Horse_0481,Jockey_042,7,牝,1600,芝,良,4,55.2,411.9,0.6,374.0,0.0,7.667,0.0,0.0,0.0,0.34,15
R20230418_0348,2023-04-18,Horse_0632,Horse_0632,Jockey_001,6,牝,1600,芝,良,7,52.9,457.4,2.7,127.0,2.0,8.667,0.0,0.0,0.333,0.267,7
R20230418_0348,2023-04-18,Horse_0463,Horse_0463,Jockey_048,7,牡,1600,芝,良,8,55.5,502.7,6.6,36.0,3.0,9.0,0.0,,0.0,0.2,2
R20230418_0348,2023-04-18,Horse_0380,Horse_0380,Jockey_034,7,牡,1600,芝,良,2,55.2,488.0,0.1,144.0,1.0,5.333,0.0,0.0,0.0,0.208,9
R20230418_0348,2023-04-18,Horse_0725,Horse_0725,Jockey_065,9,牡,1600,芝,良,12,56.0,469.8,-9.2,227.0,0.0,6.5,0.0,0.0,0.0,0.314,3
R20230418_0348,2023-04-18,Horse_0581,Horse_0581,Jockey_003,3,牡,1600,芝,良,5,53.6,462.2,-4.6,88.0,1.0,2.0,1.0,,1.0,0.229,5
R20230418_0348,2023-04-18,Horse_0224,Horse_0224,Jockey_009,3,牝,1600,芝,良,14,55.1,440.9,-14.4,287.0,0.0,6.667,0.0,,0.0,0.3,11
R20230418_0348,2023-04-18,Horse_0874,Horse_0874,Jockey_056,5,牝,1600,芝,良,3,53.9,518.1,0.2,203.0,0.0,10.667,0.0,,0.0,0.306,14
R20230418_0348,2023-04-18,Horse_0812,Horse_0812,Jockey_053,7,牡,1600,芝,良,6,56.5,520.1,14.0,120.0,1.0,7.333,0.0,,0.0,0.14,12
R20230418_0348,2023-04-18,Horse_0107,Horse_0107,Jockey_073,4,牝,1600,芝,良,15,55.1,459.6,7.2,133.0,1.0,6.0,0.0,0.0,0.0,0.24,10
R20230418_0348,2023-04-18,Horse_0664,Horse_0664,Jockey_004,2,牡,1600,芝,良,9,56.8,496.6,,,0.0,,,,,0.245,6
R20230418_0348,2023-04-18,Horse_0837,Horse_0837,Jockey_063,9,牡,1600,芝,良,11,56.0,469.1,-8.9,50.0,2.0,5.0,0.2,0.5,0.0,0.22,4
R20230422_0349,2023-04-22,Horse_0047,Horse_0047,Jockey_024,3,牡,2000,芝,稍重,8,54.4,478.9,4.2,327.0,0.0,3.5,0.5,,0.5,0.16,6
R20230422_0349,2023-04-22,Horse_0458,Horse_0458,Jockey_054,4,牡,2000,芝,稍重,6,56.1,486.8,5.6,219.0,0.0,6.0,0.0,,0.0,0.22,5
R20230422_0349,2023-04-22,Horse_0900,Horse_0900,Jockey_069,5,牝,2000,芝,稍重,9,53.8,411.4,-2.8,143.0,1.0,7.0,0.333,,,0.34,1
R20230422_0349,2023-04-22,Horse_0794,Horse_0794,Jockey_074,2,牡,2000,芝,稍重,4,53.2,417.9,-8.1,60.0,1.0,4.0,0.0,,,0.229,8
R20230422_0349,2023-04-22,Horse_0085,Horse_0085,Jockey_005,7,牡,2000,芝,稍重,10,52.5,456.1,-7.1,71.0,2.0,7.667,0.0,0.0,0.0,0.52,4
R20230422_0349,2023-04-22,Horse_0081,Horse_0081,Jockey_073,2,牡,2000,芝,稍重,7,56.9,432.4,-3.7,50.0,1.0,9.0,0.0,,,0.24,9
R20230422_0349,2023-04-22,Horse_0545,Horse_0545,Jockey_060,7,牡,2000,芝,稍重,3,54.9,472.2,-2.8,23.0,2.0,9.333,0.0,0.0,0.0,0.064,7
R20230422_0349,2023-04-22,Horse_0385,Horse_0385,Jockey_035,8,せん,2000,芝,稍重,2,54.2,491.7,10.6,120.0,1.0,6.0,0.2,0.0,0.333,0.318,10
R20230422_0349,2023-04-22,Horse_0056,Horse_0056,Jockey_036,7,牝,2000,芝,稍重,5,52.7,490.7,14.2,229.0,0.0,5.333,0.333,,0.333,0.3,3
R20230422_0349,2023-04-22,Horse_0450,Horse_0450,Jockey_046,4,牝,2000,芝,稍重,1,56.8,507.3,2.3,71.0,2.0,4.333,0.2,0.5,0.25,0.208,2
R20230425_0350,2023-04-25,Horse_0754,Horse_0754,Jockey_035,7,牡,1800,ダート,良,1,56.5,472.1,-12.7,11.0,3.0,10.0,0.0,0.0,0.0,0.311,9
R20230425_0350,2023-04-25,Horse_0768,Horse_0768,Jockey_015,7,牝,1800,ダート,良,11,53.9,446.5,-7.0,105.0,2.0,6.667,0.0,0.0,0.0,0.102,5
R20230425_0350,2023-04-25,Horse_0292,Horse_0292,Jockey_080,9,牡,1800,ダート,良,2,54.0,444.1,-21.6,116.0,1.0,8.333,0.0,0.0,0.0,0.26,10
R20230425_0350,2023-04-25,Horse_0102,Horse_0102,Jockey_051,7,牝,1800,ダート,良,7,54.4,473.8,3.6,14.0,3.0,6.667,0.0,,,0.26,1
R20230425_0350,2023-04-25,Horse_0209,Horse_0209,Jockey_066,8,牝,1800,ダート,良,5,54.1,481.2,2.1,299.0,0.0,5.0,0.5,,0.667,0.283,8
R20230425_0350,2023-04-25,Horse_0328,Horse_0328,Jockey_060,6,牡,1800,ダート,良,8,55.7,518.8,0.4,14.0,2.0,4.333,0.2,,0.667,0.062,2
R20230425_0350,2023-04-25,Horse_0713,Horse_0713,Jockey_019,6,牡,1800,ダート,良,9,55.8,473.5,-16.0,31.0,3.0,3.667,0.4,0.0,0.333,0.25,3
R20230425_0350,2023-04-25,Horse_0150,Horse_0150,Jockey_018,4,牝,1800,ダート,良,10,53.5,401.2,11.9,211.0,0.0,9.0,0.2,,0.5,0.52,4
R20230425_0350,2023-04-25,Horse_0399,Horse_0399,Jockey_031,8,牡,1800,ダート,良,6,54.8,459.7,-2.7,95.0,1.0,7.0,0.0,,0.0,0.319,6
R20230425_0350,2023-04-25,Horse_0615,Horse_0615,Jockey_045,4,牝,1800,ダート,良,4,53.7,526.9,1.2,60.0,2.0,9.0,0.0,0.0,0.0,0.28,11
R20230425_0350,2023-04-25,Horse_0589,Horse_0589,Jockey_074,7,牝,1800,ダート,良,3,53.9,492.5,-7.4,253.0,0.0,7.0,0.2,,0.333,0.224,7
R20230428_0351,2023-04-28,Horse_0411,Horse_0411,Jockey_034,2,牡,1800,芝,良,9,58.3,430.8,,,0.0,,,,,0.204,4
R20230428_0351,2023-04-28,Horse_0857,Horse_0857,Jockey_080,8,牡,1800,芝,良,1,52.8,427.7,6.8,459.0,0.0,5.0,0.0,,,0.26,10
R20230428_0351,2023-04-28,Horse_0749,Horse_0749,Jockey_009,4,牝,1800,芝,良,5,56.4,518.3,11.7,66.0,1.0,9.333,0.0,,0.0,0.3,9
R20230428_0351,2023-04-28,Horse_0226,Horse_0226,Jockey_043,6,牝,1800,芝,良,7,53.7,468.2,2.3,139.0,1.0,6.0,0.5,,0.667,0.143,8
R20230428_0351,2023-04-28,Horse_0093,Horse_0093,Jockey_046,8,牝,1800,芝,良,2,55.6,474.0,6.3,14.0,1.0,6.5,0.5,,,0.224,5
R20230428_0351,2023-04-28,Horse_0403,Horse_0403,Jockey_072,2,牝,1800,芝,良,3,56.9,488.4,,,0.0,,,,,0.354,3
R20230428_0351,2023-04-28,Horse_0366,Horse_0366,Jockey_040,6,牡,1800,芝,良,8,55.8,443.3,-3.7,62.0,2.0,3.667,0.6,,0.6,0.36,1
R20230428_0351,2023-04-28,Horse_0608,Horse_0608,Jockey_012,9,牝,1800,芝,良,6,54.9,408.7,4.2,29.0,3.0,6.0,0.2,1.0,0.2,0.2,7
R20230428_0351,2023-04-28,Horse_0651,Horse_0651,Jockey_048,6,牡,1800,芝,良,10,54.6,466.8,-3.4,166.0,2.0,6.667,0.0,0.5,0.143,0.2,6
R20230428_0351,2023-04-28,Horse_0742,Horse_0742,Jockey_001,3,牡,1800,芝,良,4,53.4,515.3,5.9,136.0,1.0,4.0,0.333,0.0,1.0,0.261,2
R20230430_0352,2023-04-30,Horse_0755,Horse_0755,Jockey_040,7,牝,1200,ダート,不良,4,53.8,488.7,8.9,239.0,0.0,8.333,0.333,,0.0,0.38,11
R20230430_0352,2023-04-30,Horse_0170,Horse_0170,Jockey_007,3,牡,1200,ダート,不良,3,51.7,525.4,4.6,14.0,1.0,4.333,0.2,1.0,1.0,0.12,2
R20230430_0352,2023-04-30,Horse_0101,Horse_0101,Jockey_004,9,牝,1200,ダート,不良,1,56.5,481.0,-3.8,22.0,3.0,2.667,0.6,0.0,1.0,0.24,3
R20230430_0352,2023-04-30,Horse_0092,Horse_0092,Jockey_045,8,牝,1200,ダート,不良,13,52.9,480.4,8.5,19.0,2.0,8.0,0.2,0.0,0.0,0.28,4
R20230430_0352,2023-04-30,Horse_0832,Horse_0832,Jockey_047,8,牡,1200,ダート,不良,2,53.7,393.4,6.7,152.0,1.0,5.667,0.5,,,0.195,7
R20230430_0352,2023-04-30,Horse_0761,Horse_0761,Jockey_041,6,牡,1200,ダート,不良,9,57.5,508.4,-0.6,177.0,1.0,1.667,0.8,1.0,0.75,0.28,10
R20230430_0352,2023-04-30,Horse_0120,Horse_0120,Jockey_012,5,牝,1200,ダート,不良,14,51.5,459.9,34.3,31.0,1.0,13.0,0.0,0.0,0.0,0.2,13
R20230430_0352,2023-04-30,Horse_0860,Horse_0860,Jockey_001,7,牡,1200,ダート,不良,11,55.5,535.6,6.3,332.0,0.0,3.667,0.6,0.0,1.0,0.277,8
R20230430_0352,2023-04-30,Horse_0821,Horse_0821,Jockey_049,3,牡,1200,ダート,不良,7,52.2,425.4,2.3,132.0,1.0,7.667,0.2,0.5,0.0,0.24,9
R20230430_0352,2023-04-30,Horse_0737,Horse_0737,Jockey_023,9,牝,1200,ダート,不良,6,54.3,427.7,-8.4,112.0,1.0,6.333,0.0,0.0,0.0,0.122,12
R20230430_0352,2023-04-30,Horse_0595,Horse_0595,Jockey_002,9,牡,1200,ダート,不良,8,52.9,436.4,3.9,165.0,1.0,8.0,0.0,,0.0,0.348,5
R20230430_0352,2023-04-30,Horse_0079,Horse_0079,Jockey_032,6,牡,1200,ダート,不良,12,55.4,471.3,0.0,77.0,2.0,5.333,0.2,0.0,0.25,0.229,6
R20230430_0352,2023-04-30,Horse_0501,Horse_0501,Jockey_031,4,牝,1200,ダート,不良,10,56.6,447.8,-7.1,65.0,1.0,8.0,0.0,,,0.312,1
R20230430_0352,2023-04-30,Horse_0073,Horse_0073,Jockey_006,6,牝,1200,ダート,不良,5,54.1,507.9,9.3,752.0,0.0,8.0,0.0,0.0,,0.26,14
R20230503_0353,2023-05-03,Horse_0171,Horse_0171,Jockey_033,4,牡,1600,芝,良,8,54.9,429.8,-7.8,218.0,0.0,9.0,0.25,0.0,,0.351,7
R20230503_0353,2023-05-03,Horse_0775,Horse_0775,Jockey_012,3,牡,1600,芝,良,10,55.1,471.1,-16.7,48.0,2.0,5.667,0.333,,0.0,0.18,1
R20230503_0353,2023-05-03,Horse_0686,Horse_0686,Jockey_035,9,牡,1600,芝,良,4,56.3,427.9,-1.0,131.0,1.0,9.667,0.0,,0.667,0.304,12
R20230503_0353,2023-05-03,Horse_0183,Horse_0183,Jockey_010,3,牝,1600,芝,良,9,51.2,518.2,14.7,182.0,0.0,5.0,0.333,1.0,0.333,0.34,8
R20230503_0353,2023-05-03,Horse_0347,Horse_0347,Jockey_074,6,せん,1600,芝,良,2,56.2,454.6,-5.9,31.0,3.0,3.333,0.6,0.333,0.25,0.22,5
R20230503_0353,2023-05-03,Horse_0818,Horse_0818,Jockey_045,8,牝,1600,芝,良,12,53.7,420.9,-2.1,86.0,3.0,8.667,0.0,0.0,0.0,0.26,9
R20230503_0353,2023-05-03,Horse_0471,Horse_0471,Jockey_062,4,牝,1600,芝,良,3,53.7,480.2,-11.7,449.0,0.0,6.0,0.5,0.0,,0.245,10
R20230503_0353,2023-05-03,Horse_0028,Horse_0028,Jockey_007,7,牡,1600,芝,良,1,52.3,430.9,-0.5,148.0,1.0,10.667,0.0,0.0,0.0,0.14,11
R20230503_0353,2023-05-03,Horse_0886,Horse_0886,Jockey_014,3,牝,1600,芝,良,6,55.4,457.8,3.5,182.0,0.0,1.667,0.8,1.0,1.0,0.16,4
R20230503_0353,2023-05-03,Horse_0799,Horse_0799,Jockey_054,3,牝,1600,芝,良,11,54.6,485.8,-7.7,94.0,1.0,10.333,0.0,0.0,0.0,0.22,6
R20230503_0353,2023-05-03,Horse_0716,Horse_0716,Jockey_002,3,牝,1600,芝,良,7,53.6,392.0,-3.9,162.0,1.0,6.333,0.333,0.0,0.0,0.34,3
R20230503_0353,2023-05-03,Horse_0323,Horse_0323,Jockey_047,6,牝,1600,芝,良,5,55.1,491.6,-8.8,94.0,1.0,5.0,0.4,0.0,0.333,0.19,2
R20230506_0354,2023-05-06,Horse_0544,Horse_0544,Jockey_052,9,牝,1200,芝,良,5,55.5,482.5,-6.2,60.0,2.0,8.0,0.0,0.0,0.0,0.26,10
R20230506_0354,2023-05-06,Horse_0565,Horse_0565,Jockey_017,5,牝,1200,芝,良,8,54.5,470.3,-8.2,120.0,1.0,7.667,0.0,,0.0,0.409,9
R20230506_0354,2023-05-06,Horse_0419,Horse_0419,Jockey_008,6,牝,1200,芝,良,10,56.1,509.9,-16.2,56.0,1.0,7.667,0.2,,0.0,0.122,12
R20230506_0354,2023-05-06,Horse_0702,Horse_0702,Jockey_041,2,牝,1200,芝,良,4,52.6,489.1,,,0.0,,,,,0.28,8
R20230506_0354,2023-05-06,Horse_0701,Horse_0701,Jockey_019,2,牡,1200,芝,良,12,54.5,466.9,-9.1,83.0,1.0,3.0,1.0,,1.0,0.265,3
R20230506_0354,2023-05-06,Horse_0248,Horse_0248,Jockey_056,9,牝,1200,芝,良,2,50.8,467.1,2.5,46.0,2.0,10.667,0.0,0.0,0.0,0.3,11
R20230506_0354,2023-05-06,Horse_0827,Horse_0827,Jockey_045,8,牝,1200,芝,良,11,54.2,482.3,2.9,20.0,1.0,9.0,0.0,,0.0,0.26,1
R20230506_0354,2023-05-06,Horse_0374,Horse_0374,Jockey_042,6,せん,1200,芝,良,9,54.3,487.7,-15.0,185.0,0.0,4.0,0.75,1.0,0.667,0.34,5
R20230506_0354,2023-05-06,Horse_0001,Horse_0001,Jockey_025,9,牡,1200,芝,良,1,55.3,441.6,1.8,104.0,1.0,4.0,0.4,0.5,0.667,0.4,4
R20230506_0354,2023-05-06,Horse_0404,Horse_0404,Jockey_070,4,牡,1200,芝,良,14,57.3,453.6,1.7,206.0,0.0,1.333,0.8,,1.0,0.22,6
R20230506_0354,2023-05-06,Horse_0782,Horse_0782,Jockey_065,2,牡,1200,芝,良,6,54.1,466.1,,,0.0,,,,,0.333,2
R20230506_0354,2023-05-06,Horse_0451,Horse_0451,Jockey_071,4,牡,1200,芝,良,13,53.1,431.6,19.7,37.0,1.0,6.667,0.25,0.0,0.333,0.286,7
R20230506_0354,2023-05-06,Horse_0105,Horse_0105,Jockey_066,8,牝,1200,芝,良,3,53.1,459.6,4.2,448.0,0.0,2.333,1.0,1.0,1.0,0.277,14
R20230506_0354,2023-05-06,Horse_0241,Horse_0241,Jockey_031,8,牝,1200,芝,良,7,53.7,482.2,-1.8,377.0,0.0,5.333,0.25,,1.0,0.327,13
R20230508_0355,2023-05-08,Horse_0802,Horse_0802,Jockey_025,9,牡,1400,ダート,良,3,55.8,520.8,-9.6,420.0,0.0,8.667,0.25,1.0,0.0,0.4,10
R20230508_0355,2023-05-08,Horse_0777,Horse_0777,Jockey_050,8,牝,1400,ダート,良,9,54.1,456.9,-5.4,32.0,1.0,6.667,0.0,0.0,0.0,0.24,6
R20230508_0355,2023-05-08,Horse_0771,Horse_0771,Jockey_076,8,牡,1400,ダート,良,5,53.6,507.4,-21.5,72.0,1.0,7.667,0.333,0.0,0.5,0.261,3
R20230508_0355,2023-05-08,Horse_0808,Horse_0808,Jockey_064,7,せん,1400,ダート,良,4,56.7,455.8,7.2,290.0,0.0,10.667,0.0,0.0,0.0,0.188,5
R20230508_0355,2023-05-08,Horse_0272,Horse_0272,Jockey_054,3,牡,1400,ダート,良,6,55.9,473.1,15.3,337.0,0.0,2.333,0.667,,1.0,0.22,7
R20230508_0355,2023-05-08,Horse_0498,Horse_0498,Jockey_036,4,牝,1400,ダート,良,10,56.5,439.6,-3.0,106.0,1.0,5.667,0.2,0.0,0.833,0.32,2
R20230508_0355,2023-05-08,Horse_0328,Horse_0328,Jockey_067,6,牡,1400,ダート,良,1,53.7,521.4,2.6,13.0,3.0,3.667,0.2,0.0,0.75,0.24,1
R20230508_0355,2023-05-08,Horse_0491,Horse_0491,Jockey_001,6,せん,1400,ダート,良,8,56.7,452.1,-0.9,307.0,0.0,5.667,0.5,1.0,,0.271,4
R20230508_0355,2023-05-08,Horse_0677,Horse_0677,Jockey_022,9,せん,1400,ダート,良,2,52.2,500.4,1.3,30.0,3.0,9.0,0.0,0.0,0.0,0.16,8
R20230508_0355,2023-05-08,Horse_0866,Horse_0866,Jockey_002,7,牝,1400,ダート,良,7,55.4,468.8,4.3,117.0,1.0,9.333,0.0,,0.0,0.354,9
R20230511_0356,2023-05-11,Horse_0369,Horse_0369,Jockey_058,9,牡,1600,芝,良,2,55.6,458.0,-15.0,25.0,1.0,6.667,0.0,0.0,0.0,0.32,6
R20230511_0356,2023-05-11,Horse_0409,Horse_0409,Jockey_063,6,牡,1600,芝,良,6,55.0,494.1,1.4,188.0,0.0,10.0,0.0,0.0,,0.22,8
R20230511_0356,2023-05-11,Horse_0458,Horse_0458,Jockey_051,4,牡,1600,芝,良,13,53.8,484.9,-1.9,19.0,1.0,6.0,0.0,0.0,0.0,0.28,3
R20230511_0356,2023-05-11,Horse_0267,Horse_0267,Jockey_041,8,牡,1600,芝,良,14,54.5,422.1,-9.6,27.0,4.0,2.667,0.8,1.0,1.0,0.26,1
R20230511_0356,2023-05-11,Horse_0221,Horse_0221,Jockey_029,9,牝,1600,芝,良,7,54.7,518.6,2.4,134.0,1.0,2.667,0.75,0.667,1.0,0.24,5
R20230511_0356,2023-05-11,Horse_0338,Horse_0338,Jockey_004,9,牡,1600,芝,良,12,56.7,447.8,7.9,224.0,0.0,5.333,0.2,0.0,0.0,0.26,10
R20230511_0356,2023-05-11,Horse_0277,Horse_0277,Jockey_080,7,牡,1600,芝,良,3,54.9,436.4,3.9,139.0,1.0,3.667,0.4,0.0,0.25,0.26,11
R20230511_0356,2023-05-11,Horse_0805,Horse_0805,Jockey_072,7,せん,1600,芝,良,5,55.4,494.2,7.7,271.0,0.0,3.333,0.6,0.5,0.25,0.367,7
R20230511_0356,2023-05-11,Horse_0456,Horse_0456,Jockey_006,3,牡,1600,芝,良,11,52.7,462.8,13.1,172.0,1.0,10.333,0.0,0.0,0.0,0.26,2
R20230511_0356,2023-05-11,Horse_0876,Horse_0876,Jockey_032,8,牡,1600,芝,良,10,53.4,494.6,-4.4,241.0,0.0,7.333,0.0,0.0,0.0,0.224,14
R20230511_0356,2023-05-11,Horse_0288,Horse_0288,Jockey_016,9,牡,1600,芝,良,1,55.3,453.2,-14.6,59.0,3.0,4.667,0.2,0.0,0.286,0.261,4
R20230511_0356,2023-05-11,Horse_0862,Horse_0862,Jockey_053,4,牝,1600,芝,良,8,53.8,459.2,8.7,315.0,0.0,6.667,0.4,,0.429,0.14,12
R20230511_0356,2023-05-11,Horse_0363,Horse_0363,Jockey_059,5,牝,1600,芝,良,9,56.5,485.3,7.1,90.0,1.0,9.0,0.0,,0.0,0.36,9
R20230511_0356,2023-05-11,Horse_0127,Horse_0127,Jockey_054,6,牝,1600,芝,良,4,54.9,442.8,-2.6,42.0,1.0,7.667,0.0,0.0,0.0,0.2,13
R20230513_0357,2023-05-13,Horse_0373,Horse_0373,Jockey_009,7,牡,2000,芝,良,6,56.3,468.2,-3.5,181.0,0.0,7.667,0.0,0.0,0.0,0.28,7
R20230513_0357,2023-05-13,Horse_0772,Horse_0772,Jockey_047,8,牡,2000,芝,良,7,52.6,447.4,1.9,518.0,0.0,8.5,0.0,0.0,0.0,0.209,9
R20230513_0357,2023-05-13,Horse_0886,Horse_0886,Jockey_026,3,牝,2000,芝,良,9,55.3,448.2,-9.6,10.0,1.0,2.667,0.8,1.0,0.8,0.28,2
R20230513_0357,2023-05-13,Horse_0175,Horse_0175,Jockey_064,3,せん,2000,芝,良,2,55.0,502.0,6.1,49.0,2.0,8.0,0.0,,0.0,0.184,8
R20230513_0357,2023-05-13,Horse_0730,Horse_0730,Jockey_019,2,牝,2000,芝,良,3,55.9,460.8,15.2,50.0,1.0,3.0,1.0,1.0,1.0,0.28,5
R20230513_0357,2023-05-13,Horse_0213,Horse_0213,Jockey_074,9,牝,2000,芝,良,1,55.3,453.3,5.2,50.0,1.0,4.0,0.6,0.0,0.6,0.22,4
R20230513_0357,2023-05-13,Horse_0751,Horse_0751,Jockey_021,8,牡,2000,芝,良,10,57.9,493.7,11.2,104.0,2.0,5.0,0.2,,0.0,0.24,3
R20230513_0357,2023-05-13,Horse_0678,Horse_0678,Jockey_067,9,牝,2000,芝,良,5,53.9,482.3,4.9,444.0,0.0,9.667,0.0,,0.0,0.26,10
R20230513_0357,2023-05-13,Horse_0128,Horse_0128,Jockey_080,2,牡,2000,芝,良,4,54.8,512.3,-1.6,96.0,2.0,5.5,0.5,1.0,1.0,0.26,6
R20230513_0357,2023-05-13,Horse_0231,Horse_0231,Jockey_057,8,牝,2000,芝,良,8,56.1,507.2,-8.1,90.0,1.0,4.667,0.4,0.5,0.667,0.48,1
R20230516_0358,2023-05-16,Horse_0790,Horse_0790,Jockey_065,7,牝,1600,芝,良,3,52.4,466.5,-6.6,93.0,1.0,11.333,0.0,,0.0,0.351,7
R20230516_0358,2023-05-16,Horse_0240,Horse_0240,Jockey_039,2,牝,1600,芝,良,5,55.4,515.8,3.9,47.0,1.0,3.0,1.0,,,0.26,4
R20230516_0358,2023-05-16,Horse_0688,Horse_0688,Jockey_013,3,牡,1600,芝,良,4,57.3,515.0,-3.8,60.0,1.0,6.0,0.25,,0.5,0.14,1
R20230516_0358,2023-05-16,Horse_0755,Horse_0755,Jockey_075,7,牝,1600,芝,良,12,52.4,496.2,7.5,16.0,1.0,11.333,0.25,,0.5,0.26,2
R20230516_0358,2023-05-16,Horse_0521,Horse_0521,Jockey_074,6,牝,1600,芝,良,1,54.0,476.9,-4.2,30.0,1.0,10.0,0.0,0.0,0.0,0.22,12
R20230516_0358,2023-05-16,Horse_0891,Horse_0891,Jockey_040,3,牝,1600,芝,良,13,56.3,501.4,-5.9,32.0,2.0,7.0,0.0,,0.0,0.36,8
R20230516_0358,2023-05-16,Horse_0411,Horse_0411,Jockey_025,2,牡,1600,芝,良,7,53.0,418.6,-12.2,18.0,1.0,4.0,0.0,,0.0,0.38,10
R20230516_0358,2023-05-16,Horse_0201,Horse_0201,Jockey_012,5,牡,1600,芝,良,11,53.5,471.7,3.9,314.0,0.0,7.0,0.0,0.0,0.0,0.2,13
R20230516_0358,2023-05-16,Horse_0010,Horse_0010,Jockey_079,5,牡,1600,芝,良,8,57.4,495.2,-1.7,157.0,1.0,6.667,0.0,0.0,0.0,0.12,5
R20230516_0358,2023-05-16,Horse_0718,Horse_0718,Jockey_037,7,牝,1600,芝,良,2,55.7,470.2,11.3,80.0,1.0,10.333,0.2,,0.0,0.14,3
R20230516_0358,2023-05-16,Horse_0477,Horse_0477,Jockey_021,7,牡,1600,芝,良,6,54.5,476.4,-11.8,122.0,1.0,5.667,0.0,,0.0,0.26,6
R20230516_0358,2023-05-16,Horse_0850,Horse_0850,Jockey_036,2,牝,1600,芝,良,10,55.8,476.4,4.1,125.0,1.0,7.0,0.0,,,0.32,11
R20230516_0358,2023-05-16,Horse_0072,Horse_0072,Jockey_026,3,牡,1600,芝,良,9,55.3,466.9,-7.9,70.0,1.0,5.667,0.333,0.0,0.333,0.3,9
R20230519_0359,2023-05-19,Horse_0308,Horse_0308,Jockey_051,9,牡,1800,芝,不良,2,54.2,456.5,0.9,235.0,0.0,5.0,0.0,,,0.28,10
R20230519_0359,2023-05-19,Horse_0817,Horse_0817,Jockey_035,3,せん,1800,芝,不良,9,55.4,424.5,6.1,140.0,1.0,1.0,1.0,,,0.298,3
R20230519_0359,2023-05-19,Horse_0157,Horse_0157,Jockey_060,2,牡,1800,芝,不良,6,54.7,435.5,8.4,122.0,1.0,12.0,0.0,,0.0,0.082,1
R20230519_0359,2023-05-19,Horse_0743,Horse_0743,Jockey_054,3,牡,1800,芝,不良,8,55.3,482.5,-2.3,274.0,0.0,7.0,0.0,,0.0,0.2,12
R20230519_0359,2023-05-19,Horse_0516,Horse_0516,Jockey_017,6,牡,1800,芝,不良,1,53.6,492.2,8.5,38.0,2.0,4.333,0.6,,0.5,0.4,2
R20230519_0359,2023-05-19,Horse_0547,Horse_0547,Jockey_015,7,牡,1800,芝,不良,14,54.4,454.8,-0.9,351.0,0.0,7.0,0.25,0.0,0.333,0.1,14
R20230519_0359,2023-05-19,Horse_0802,Horse_0802,Jockey_045,9,牡,1800,芝,不良,5,53.4,515.1,-5.7,11.0,1.0,8.0,0.2,,0.333,0.28,4
R20230519_0359,2023-05-19,Horse_0124,Horse_0124,Jockey_079,8,牡,1800,芝,不良,15,55.3,464.8,13.9,54.0,2.0,6.0,0.25,0.0,0.333,0.12,6
R20230519_0359,2023-05-19,Horse_0245,Horse_0245,Jockey_040,5,牡,1800,芝,不良,4,54.3,462.2,-6.7,203.0,0.0,8.333,0.2,,0.0,0.36,7
R20230519_0359,2023-05-19,Horse_0291,Horse_0291,Jockey_057,6,牝,1800,芝,不良,3,55.1,440.8,12.3,140.0,1.0,5.0,0.4,,0.667,0.48,11
R20230519_0359,2023-05-19,Horse_0813,Horse_0813,Jockey_024,3,牡,1800,芝,不良,11,55.4,453.8,-0.8,43.0,2.0,10.0,0.0,,0.0,0.16,9
R20230519_0359,2023-05-19,Horse_0642,Horse_0642,Jockey_047,9,牡,1800,芝,不良,10,56.5,513.1,-13.0,820.0,0.0,10.0,0.0,,,0.205,15
R20230519_0359,2023-05-19,Horse_0144,Horse_0144,Jockey_070,4,牡,1800,芝,不良,13,54.5,456.8,-5.6,45.0,2.0,7.333,0.0,0.0,0.0,0.22,8
R20230519_0359,2023-05-19,Horse_0339,Horse_0339,Jockey_062,9,牡,1800,芝,不良,7,56.0,467.1,-4.4,117.0,2.0,9.0,0.4,,0.143,0.24,5
R20230519_0359,2023-05-19,Horse_0657,Horse_0657,Jockey_069,8,牡,1800,芝,不良,12,54.6,448.7,-5.2,497.0,0.0,10.0,0.0,0.0,0.0,0.34,13
R20230520_0360,2023-05-20,Horse_0861,Horse_0861,Jockey_046,9,牡,1600,芝,良,12,55.5,423.1,-8.2,166.0,1.0,10.667,0.0,0.0,0.0,0.22,12
R20230520_0360,2023-05-20,Horse_0403,Horse_0403,Jockey_060,2,牝,1600,芝,良,13,54.5,486.6,-1.8,22.0,1.0,3.0,1.0,,1.0,0.1,4
R20230520_0360,2023-05-20,Horse_0362,Horse_0362,Jockey_019,9,せん,1600,芝,良,10,54.3,455.0,1.1,64.0,1.0,4.667,0.2,0.0,0.0,0.26,7
R20230520_0360,2023-05-20,Horse_0212,Horse_0212,Jockey_033,8,牝,1600,芝,良,5,55.4,466.5,5.5,68.0,1.0,9.0,0.0,0.0,0.0,0.342,5
R20230520_0360,2023-05-20,Horse_0528,Horse_0528,Jockey_070,3,牡,1600,芝,良,14,56.2,432.5,-6.3,84.0,1.0,6.5,0.5,,0.5,0.22,10
R20230520_0360,2023-05-20,Horse_0793,Horse_0793,Jockey_079,2,牡,1600,芝,良,11,56.0,467.4,13.8,35.0,1.0,2.0,1.0,,1.0,0.12,1
R20230520_0360,2023-05-20,Horse_0050,Horse_0050,Jockey_018,8,牝,1600,芝,良,3,52.8,454.6,-8.8,94.0,1.0,11.0,0.0,0.0,0.0,0.52,13
R20230520_0360,2023-05-20,Horse_0741,Horse_0741,Jockey_077,6,牡,1600,芝,良,9,54.9,495.8,-0.4,40.0,3.0,5.667,0.2,0.0,0.0,0.045,11
R20230520_0360,2023-05-20,Horse_0896,Horse_0896,Jockey_040,8,牝,1600,芝,良,1,53.5,475.0,1.9,123.0,2.0,8.667,0.0,0.0,0.0,0.34,9
R20230520_0360,2023-05-20,Horse_0064,Horse_0064,Jockey_043,6,せん,1600,芝,良,4,57.3,438.2,-3.8,46.0,2.0,9.0,0.25,,0.25,0.14,2
R20230520_0360,2023-05-20,Horse_0878,Horse_0878,Jockey_052,9,せん,1600,芝,良,8,55.8,480.6,10.4,154.0,1.0,7.333,0.2,,0.25,0.26,3
R20230520_0360,2023-05-20,Horse_0709,Horse_0709,Jockey_041,9,牡,1600,芝,良,2,54.9,518.1,17.3,240.0,0.0,4.0,0.5,,0.5,0.26,8
R20230520_0360,2023-05-20,Horse_0333,Horse_0333,Jockey_034,3,牝,1600,芝,良,7,54.8,504.2,-9.5,313.0,0.0,7.667,0.0,,0.0,0.2,14
R20230520_0360,2023-05-20,Horse_0599,Horse_0599,Jockey_031,6,牡,1600,芝,良,6,54.1,466.1,-1.0,171.0,1.0,9.333,0.2,0.5,0.333,0.32,6
R20230523_0361,2023-05-23,Horse_0524,Horse_0524,Jockey_046,6,牝,1600,ダート,良,8,55.6,414.7,6.1,150.0,2.0,6.333,0.2,0.0,0.0,0.22,8
R20230523_0361,2023-05-23,Horse_0439,Horse_0439,Jockey_013,6,牝,1600,ダート,良,2,53.9,421.1,0.2,96.0,2.0,8.333,0.2,0.0,0.333,0.16,7
R20230523_0361,2023-05-23,Horse_0824,Horse_0824,Jockey_002,2,せん,1600,ダート,良,6,54.7,489.4,,,0.0,,,,,0.347,1
R20230523_0361,2023-05-23,Horse_0049,Horse_0049,Jockey_061,2,牡,1600,ダート,良,1,57.2,422.4,1.7,77.0,1.0,6.0,0.0,0.0,,0.38,3
R20230523_0361,2023-05-23,Horse_0632,Horse_0632,Jockey_057,6,牝,1600,ダート,良,9,54.3,470.0,12.6,35.0,2.0,6.667,0.0,0.0,0.0,0.48,6
R20230523_0361,2023-05-23,Horse_0432,Horse_0432,Jockey_037,2,牡,1600,ダート,良,4,55.2,460.9,8.5,96.0,2.0,8.5,0.0,0.0,,0.16,9
R20230523_0361,2023-05-23,Horse_0102,Horse_0102,Jockey_010,7,牝,1600,ダート,良,3,54.8,468.4,-5.4,28.0,3.0,3.667,0.2,0.0,1.0,0.34,4
R20230523_0361,2023-05-23,Horse_0554,Horse_0554,Jockey_056,2,牡,1600,ダート,良,5,54.3,494.5,,,0.0,,,,,0.3,5
R20230523_0361,2023-05-23,Horse_0531,Horse_0531,Jockey_033,6,牡,1600,ダート,良,7,53.5,493.1,-10.0,126.0,1.0,6.667,0.2,0.5,0.2,0.333,2
R20230525_0362,2023-05-25,Horse_0766,Horse_0766,Jockey_053,7,牝,1600,芝,稍重,6,54.4,453.8,6.3,56.0,2.0,5.667,0.2,0.0,0.25,0.14,5
R20230525_0362,2023-05-25,Horse_0337,Horse_0337,Jockey_022,7,牝,1600,芝,稍重,4,54.3,482.0,-6.8,41.0,2.0,5.0,0.0,0.0,0.0,0.16,6
R20230525_0362,2023-05-25,Horse_0737,Horse_0737,Jockey_043,9,牝,1600,芝,稍重,7,55.6,420.4,-7.3,25.0,2.0,8.667,0.0,,0.0,0.16,10
R20230525_0362,2023-05-25,Horse_0512,Horse_0512,Jockey_041,8,牝,1600,芝,稍重,8,53.4,459.5,-3.6,700.0,0.0,5.0,0.0,0.0,0.0,0.26,11
R20230525_0362,2023-05-25,Horse_0736,Horse_0736,Jockey_032,5,牡,1600,芝,稍重,9,55.4,443.2,1.3,202.0,0.0,6.667,0.25,0.0,1.0,0.22,4
R20230525_0362,2023-05-25,Horse_0125,Horse_0125,Jockey_002,2,牡,1600,芝,稍重,5,54.1,508.5,,,0.0,,,,,0.36,1
R20230525_0362,2023-05-25,Horse_0543,Horse_0543,Jockey_059,9,牡,1600,芝,稍重,1,57.2,491.6,1.1,75.0,2.0,6.333,0.4,0.0,0.2,0.36,7
R20230525_0362,2023-05-25,Horse_0760,Horse_0760,Jockey_034,9,牝,1600,芝,稍重,10,53.5,492.9,8.0,468.0,0.0,3.333,0.5,1.0,0.667,0.2,9
R20230525_0362,2023-05-25,Horse_0251,Horse_0251,Jockey_017,6,牝,1600,芝,稍重,11,55.0,451.2,-15.8,87.0,1.0,11.333,0.2,0.5,0.2,0.413,3
R20230525_0362,2023-05-25,Horse_0421,Horse_0421,Jockey_029,2,牝,1600,芝,稍重,3,54.1,424.6,-9.1,113.0,1.0,3.0,1.0,,1.0,0.24,2
R20230525_0362,2023-05-25,Horse_0310,Horse_0310,Jockey_035,3,牝,1600,芝,稍重,2,54.1,486.5,-2.4,112.0,1.0,10.0,0.0,,,0.312,8
R20230526_0363,2023-05-26,Horse_0483,Horse_0483,Jockey_031,5,牡,1400,芝,良,10,53.8,517.0,-6.0,40.0,2.0,6.0,0.4,0.5,0.0,0.32,4
R20230526_0363,2023-05-26,Horse_0373,Horse_0373,Jockey_025,7,牡,1400,芝,良,13,55.8,464.9,-3.3,13.0,1.0,8.0,0.0,0.0,0.0,0.38,8
R20230526_0363,2023-05-26,Horse_0721,Horse_0721,Jockey_019,3,牡,1400,芝,良,4,56.8,431.0,3.3,154.0,1.0,4.667,0.25,0.333,0.0,0.24,5
R20230526_0363,2023-05-26,Horse_0277,Horse_0277,Jockey_058,7,牡,1400,芝,良,3,56.2,432.7,-3.7,15.0,2.0,6.333,0.4,0.5,0.2,0.32,1
R20230526_0363,2023-05-26,Horse_0040,Horse_0040,Jockey_064,9,せん,1400,芝,良,11,55.5,442.1,-12.0,136.0,2.0,9.667,0.2,0.0,0.0,0.18,12
R20230526_0363,2023-05-26,Horse_0636,Horse_0636,Jockey_028,9,牝,1400,芝,良,8,53.7,517.8,6.9,57.0,2.0,6.333,0.0,0.0,0.0,0.283,7
R20230526_0363,2023-05-26,Horse_0207,Horse_0207,Jockey_041,4,せん,1400,芝,良,7,53.3,413.5,1.1,343.0,0.0,11.0,0.0,,0.0,0.26,10
R20230526_0363,2023-05-26,Horse_0617,Horse_0617,Jockey_016,8,牡,1400,芝,良,9,54.8,526.9,-13.3,50.0,2.0,4.667,0.4,0.5,0.333,0.255,9
R20230526_0363,2023-05-26,Horse_0331,Horse_0331,Jockey_071,6,牝,1400,芝,良,6,53.6,464.6,-6.8,46.0,1.0,10.0,0.2,,0.5,0.28,3
R20230526_0363,2023-05-26,Horse_0185,Horse_0185,Jockey_052,5,せん,1400,芝,良,5,55.3,387.3,6.6,102.0,1.0,10.333,0.0,,0.0,0.26,6
R20230526_0363,2023-05-26,Horse_0382,Horse_0382,Jockey_043,9,牡,1400,芝,良,12,52.5,479.3,5.0,256.0,0.0,8.333,0.2,,0.2,0.16,13
R20230526_0363,2023-05-26,Horse_0043,Horse_0043,Jockey_021,6,牡,1400,芝,良,1,55.3,504.7,5.5,136.0,1.0,12.667,0.0,,0.0,0.26,11
R20230526_0363,2023-05-26,Horse_0022,Horse_0022,Jockey_059,6,牝,1400,芝,良,2,54.6,449.0,1.4,178.0,1.0,9.667,0.0,,0.0,0.36,2
R20230527_0364,2023-05-27,Horse_0590,Horse_0590,Jockey_029,4,牡,1200,芝,良,8,52.3,494.6,3.6,102.0,1.0,5.333,0.0,0.0,0.0,0.26,6
R20230527_0364,2023-05-27,Horse_0094,Horse_0094,Jockey_080,3,牡,1200,芝,良,3,55.0,470.4,-4.0,376.0,0.0,4.0,0.25,,0.5,0.24,11
R20230527_0364,2023-05-27,Horse_0812,Horse_0812,Jockey_077,7,牡,1200,芝,良,5,55.1,515.3,-4.8,39.0,2.0,7.333,0.0,0.0,0.0,0.044,9
R20230527_0364,2023-05-27,Horse_0146,Horse_0146,Jockey_058,4,牡,1200,芝,良,10,55.4,516.8,8.0,297.0,0.0,12.0,0.0,,0.0,0.34,12
R20230527_0364,2023-05-27,Horse_0093,Horse_0093,Jockey_032,8,牝,1200,芝,良,6,53.0,471.5,-2.5,29.0,2.0,6.0,0.333,1.0,0.0,0.22,2
R20230527_0364,2023-05-27,Horse_0330,Horse_0330,Jockey_045,6,牡,1200,芝,良,4,54.4,452.3,6.1,130.0,1.0,9.0,0.0,0.0,0.0,0.28,4
R20230527_0364,2023-05-27,Horse_0348,Horse_0348,Jockey_021,5,牝,1200,芝,良,2,56.6,461.4,3.5,384.0,0.0,5.667,0.4,0.0,0.0,0.24,13
R20230527_0364,2023-05-27,Horse_0581,Horse_0581,Jockey_010,3,牡,1200,芝,良,14,52.6,476.0,13.8,39.0,2.0,3.5,0.5,,0.5,0.34,1
R20230527_0364,2023-05-27,Horse_0404,Horse_0404,Jockey_056,4,牡,1200,芝,良,1,55.8,438.2,-15.4,21.0,1.0,3.0,0.8,0.0,0.5,0.28,5
R20230527_0364,2023-05-27,Horse_0873,Horse_0873,Jockey_009,3,牝,1200,芝,良,12,53.8,491.8,4.1,390.0,0.0,4.667,0.25,1.0,0.333,0.26,10
R20230527_0364,2023-05-27,Horse_0840,Horse_0840,Jockey_054,4,牡,1200,芝,良,9,56.6,464.6,8.7,41.0,1.0,2.667,0.75,0.5,1.0,0.18,7
R20230527_0364,2023-05-27,Horse_0045,Horse_0045,Jockey_037,2,牝,1200,芝,良,13,55.2,500.6,,,0.0,,,,,0.16,8
R20230527_0364,2023-05-27,Horse_0536,Horse_0536,Jockey_007,9,牝,1200,芝,良,7,54.0,529.5,4.3,624.0,0.0,7.0,0.25,,0.0,0.14,14
R20230527_0364,2023-05-27,Horse_0595,Horse_0595,Jockey_031,9,牡,1200,芝,良,11,52.2,430.0,-6.4,27.0,1.0,7.0,0.0,0.0,0.0,0.3,3
R20230528_0365,2023-05-28,Horse_0085,Horse_0085,Jockey_039,7,牡,1600,ダート,良,5,54.7,457.3,1.2,36.0,3.0,6.333,0.0,,0.0,0.26,6
R20230528_0365,2023-05-28,Horse_0365,Horse_0365,Jockey_001,7,牡,1600,ダート,良,6,57.3,469.3,11.9,497.0,0.0,10.0,0.0,0.0,0.0,0.265,10
R20230528_0365,2023-05-28,Horse_0633,Horse_0633,Jockey_037,2,牝,1600,ダート,良,8,55.2,477.5,-5.4,86.0,2.0,6.5,0.5,,1.0,0.16,9
R20230528_0365,2023-05-28,Horse_0106,Horse_0106,Jockey_010,9,牡,1600,ダート,良,2,52.7,386.3,2.1,44.0,3.0,3.333,0.4,0.667,0.4,0.36,3
R20230528_0365,2023-05-28,Horse_0641,Horse_0641,Jockey_013,4,牝,1600,ダート,良,7,54.9,505.6,-11.2,145.0,1.0,7.0,0.0,0.0,0.0,0.16,1
R20230528_0365,2023-05-28,Horse_0167,Horse_0167,Jockey_052,3,せん,1600,ダート,良,3,55.9,467.2,5.9,90.0,1.0,5.333,0.25,,0.0,0.26,2
R20230528_0365,2023-05-28,Horse_0344,Horse_0344,Jockey_002,4,牡,1600,ダート,良,10,55.6,478.7,-1.4,241.0,0.0,8.333,0.0,,0.0,0.36,5
R20230528_0365,2023-05-28,Horse_0874,Horse_0874,Jockey_053,5,牝,1600,ダート,良,4,56.0,516.0,-2.1,40.0,1.0,12.0,0.0,0.0,0.0,0.12,4
R20230528_0365,2023-05-28,Horse_0192,Horse_0192,Jockey_070,8,牝,1600,ダート,良,1,55.5,486.2,-5.6,78.0,3.0,3.667,0.6,0.667,0.333,0.22,7
R20230528_0365,2023-05-28,Horse_0364,Horse_0364,Jockey_042,6,牡,1600,ダート,良,9,55.8,442.1,9.6,205.0,0.0,6.0,0.4,0.0,0.2,0.34,8
R20230531_0366,2023-05-31,Horse_0469,Horse_0469,Jockey_023,3,牡,1600,芝,重,4,56.4,466.0,-10.0,81.0,1.0,7.0,0.0,,0.0,0.119,3
R20230531_0366,2023-05-31,Horse_0254,Horse_0254,Jockey_013,8,牝,1600,芝,重,5,52.8,444.0,19.6,265.0,0.0,5.0,0.2,0.5,0.25,0.18,7
R20230531_0366,2023-05-31,Horse_0525,Horse_0525,Jockey_008,6,牝,1600,芝,重,2,51.8,462.4,1.9,309.0,0.0,2.333,0.6,1.0,1.0,0.12,2
R20230531_0366,2023-05-31,Horse_0219,Horse_0219,Jockey_065,5,牡,1600,芝,重,6,54.7,459.6,17.3,187.0,0.0,7.333,0.0,0.0,0.0,0.342,4
R20230531_0366,2023-05-31,Horse_0159,Horse_0159,Jockey_075,6,牝,1600,芝,重,8,55.6,518.8,3.6,374.0,0.0,7.0,0.2,0.0,0.333,0.28,8
R20230531_0366,2023-05-31,Horse_0681,Horse_0681,Jockey_080,6,牡,1600,芝,重,3,54.0,453.3,0.8,66.0,1.0,12.333,0.0,0.0,0.0,0.24,6
R20230531_0366,2023-05-31,Horse_0015,Horse_0015,Jockey_036,8,牝,1600,芝,重,7,55.4,535.8,9.0,108.0,1.0,1.667,1.0,1.0,1.0,0.3,1
R20230531_0366,2023-05-31,Horse_0485,Horse_0485,Jockey_004,4,牝,1600,芝,重,1,54.4,453.1,24.0,290.0,0.0,1.0,0.8,1.0,0.8,0.24,5
R20230601_0367,2023-06-01,Horse_0061,Horse_0061,Jockey_077,5,牡,1200,ダート,良,5,54.3,464.5,-14.7,325.0,0.0,5.333,0.2,0.5,0.0,0.043,9
R20230601_0367,2023-06-01,Horse_0652,Horse_0652,Jockey_080,7,牡,1200,ダート,良,2,55.0,500.5,10.8,107.0,1.0,4.333,0.333,,0.0,0.24,7
R20230601_0367,2023-06-01,Horse_0464,Horse_0464,Jockey_028,8,せん,1200,ダート,良,7,53.0,446.4,8.4,98.0,2.0,9.667,0.0,0.0,0.0,0.277,6
R20230601_0367,2023-06-01,Horse_0768,Horse_0768,Jockey_047,7,牝,1200,ダート,良,6,54.1,434.5,-12.0,37.0,2.0,7.0,0.0,,0.0,0.2,2
R20230601_0367,2023-06-01,Horse_0079,Horse_0079,Jockey_053,6,牡,1200,ダート,良,8,58.1,479.6,8.3,32.0,3.0,6.0,0.2,0.0,0.2,0.12,4
R20230601_0367,2023-06-01,Horse_0644,Horse_0644,Jockey_023,8,牡,1200,ダート,良,1,55.6,542.3,10.9,203.0,0.0,2.667,0.4,0.0,0.0,0.14,8
R20230601_0367,2023-06-01,Horse_0650,Horse_0650,Jockey_045,7,牡,1200,ダート,良,9,56.0,426.8,-4.9,97.0,1.0,3.333,0.4,0.0,0.2,0.26,1
R20230601_0367,2023-06-01,Horse_0188,Horse_0188,Jockey_067,4,牡,1200,ダート,良,3,57.6,424.0,8.2,611.0,0.0,1.333,1.0,1.0,,0.26,5
R20230601_0367,2023-06-01,Horse_0371,Horse_0371,Jockey_032,2,牡,1200,ダート,良,4,55.2,446.7,,,0.0,,,,,0.22,3
R20230602_0368,2023-06-02,Horse_0638,Horse_0638,Jockey_037,6,せん,2400,芝,良,11,55.7,444.6,-16.6,52.0,1.0,9.333,0.0,,0.0,0.14,5
R20230602_0368,2023-06-02,Horse_0231,Horse_0231,Jockey_027,8,牝,2400,芝,良,9,54.2,489.5,-17.7,20.0,2.0,3.333,0.6,,0.75,0.227,3
R20230602_0368,2023-06-02,Horse_0110,Horse_0110,Jockey_057,5,牡,2400,芝,良,2,52.4,482.3,4.2,201.0,0.0,3.0,0.4,,0.333,0.48,1
R20230602_0368,2023-06-02,Horse_0083,Horse_0083,Jockey_031,5,牡,2400,芝,良,4,52.5,457.0,-2.3,161.0,1.0,7.667,0.0,,0.0,0.32,9
R20230602_0368,2023-06-02,Horse_0615,Horse_0615,Jockey_065,4,牝,2400,芝,良,6,53.9,521.6,-5.3,38.0,3.0,10.667,0.0,,0.0,0.333,4
R20230602_0368,2023-06-02,Horse_0189,Horse_0189,Jockey_076,5,牝,2400,芝,良,7,54.6,434.3,6.1,485.0,0.0,8.0,0.0,,0.0,0.277,11
R20230602_0368,2023-06-02,Horse_0566,Horse_0566,Jockey_019,6,牝,2400,芝,良,3,57.5,446.0,2.7,210.0,0.0,6.333,0.333,0.0,0.0,0.24,7
R20230602_0368,2023-06-02,Horse_0749,Horse_0749,Jockey_069,4,牝,2400,芝,良,8,57.3,499.1,-19.2,35.0,2.0,8.0,0.0,,0.0,0.34,8
R20230602_0368,2023-06-02,Horse_0281,Horse_0281,Jockey_006,4,せん,2400,芝,良,1,52.6,457.9,-10.7,228.0,0.0,9.0,0.0,,0.0,0.28,10
R20230602_0368,2023-06-02,Horse_0726,Horse_0726,Jockey_058,7,牡,2400,芝,良,10,55.8,514.4,-2.2,61.0,1.0,6.333,0.0,0.0,0.0,0.34,6
R20230602_0368,2023-06-02,Horse_0501,Horse_0501,Jockey_015,4,牝,2400,芝,良,5,55.8,451.1,3.3,33.0,2.0,6.0,0.2,,0.0,0.1,2
R20230605_0369,2023-06-05,Horse_0366,Horse_0366,Jockey_054,6,牡,1400,芝,良,8,55.8,430.9,-12.4,38.0,3.0,3.667,0.6,1.0,0.667,0.18,4
R20230605_0369,2023-06-05,Horse_0042,Horse_0042,Jockey_068,6,牡,1400,芝,良,6,54.2,434.2,-7.7,139.0,1.0,8.667,0.25,0.5,0.0,0.28,8
R20230605_0369,2023-06-05,Horse_0457,Horse_0457,Jockey_075,9,牝,1400,芝,良,1,54.6,481.5,-0.6,477.0,0.0,4.667,0.25,0.0,0.25,0.26,9
R20230605_0369,2023-06-05,Horse_0148,Horse_0148,Jockey_077,4,牡,1400,芝,良,4,53.2,487.1,2.7,102.0,1.0,5.333,0.2,0.0,0.2,0.043,7
R20230605_0369,2023-06-05,Horse_0426,Horse_0426,Jockey_021,7,牡,1400,芝,良,2,56.7,457.7,16.4,336.0,0.0,8.0,0.0,0.0,0.0,0.24,10
R20230605_0369,2023-06-05,Horse_0078,Horse_0078,Jockey_030,2,牝,1400,芝,良,11,53.1,460.0,-2.9,109.0,1.0,3.0,1.0,,1.0,0.14,3
R20230605_0369,2023-06-05,Horse_0132,Horse_0132,Jockey_067,9,牡,1400,芝,良,10,56.7,477.3,14.0,187.0,0.0,9.667,0.0,0.0,0.0,0.26,11
R20230605_0369,2023-06-05,Horse_0866,Horse_0866,Jockey_027,7,牝,1400,芝,良,7,55.9,467.1,-1.7,28.0,2.0,9.333,0.0,0.0,0.0,0.244,5
R20230605_0369,2023-06-05,Horse_0362,Horse_0362,Jockey_070,9,せん,1400,芝,良,3,56.3,467.2,12.2,16.0,2.0,6.0,0.2,,0.0,0.22,1
R20230605_0369,2023-06-05,Horse_0810,Horse_0810,Jockey_055,6,牝,1400,芝,良,9,53.6,431.7,-14.9,192.0,0.0,4.667,0.2,,0.0,0.28,6
R20230605_0369,2023-06-05,Horse_0221,Horse_0221,Jockey_005,9,牝,1400,芝,良,5,53.7,531.8,13.2,25.0,2.0,3.0,0.6,1.0,0.5,0.5,2
R20230607_0370,2023-06-07,Horse_0775,Horse_0775,Jockey_075,3,牡,2000,ダート,稍重,5,56.1,476.5,5.4,35.0,3.0,5.667,0.5,0.5,1.0,0.24,6
R20230607_0370,2023-06-07,Horse_0160,Horse_0160,Jockey_005,3,牝,2000,ダート,稍重,1,54.8,447.0,-5.5,75.0,1.0,10.0,0.0,0.0,0.0,0.5,8
R20230607_0370,2023-06-07,Horse_0114,Horse_0114,Jockey_050,4,牡,2000,ダート,稍重,3,56.2,465.8,7.9,198.0,0.0,1.667,1.0,,1.0,0.22,7
R20230607_0370,2023-06-07,Horse_0191,Horse_0191,Jockey_061,7,せん,2000,ダート,稍重,2,55.9,471.7,-3.3,77.0,3.0,4.0,0.8,1.0,0.667,0.38,5
R20230607_0370,2023-06-07,Horse_0240,Horse_0240,Jockey_010,2,牝,2000,ダート,稍重,12,54.9,515.0,-0.8,22.0,2.0,3.5,0.5,1.0,1.0,0.38,4
R20230607_0370,2023-06-07,Horse_0227,Horse_0227,Jockey_079,4,牝,2000,ダート,稍重,7,53.4,484.0,5.6,99.0,2.0,7.667,0.0,0.667,0.0,0.14,9
R20230607_0370,2023-06-07,Horse_0706,Horse_0706,Jockey_009,3,牝,2000,ダート,稍重,4,54.6,463.2,5.4,161.0,1.0,4.333,0.333,1.0,0.0,0.24,1
R20230607_0370,2023-06-07,Horse_0304,Horse_0304,Jockey_007,3,牝,2000,ダート,稍重,6,52.9,457.9,2.9,390.0,0.0,4.5,0.5,,,0.14,11
R20230607_0370,2023-06-07,Horse_0211,Horse_0211,Jockey_022,5,牡,2000,ダート,稍重,9,55.2,510.2,-10.3,320.0,0.0,10.0,0.0,0.0,0.0,0.14,12
R20230607_0370,2023-06-07,Horse_0823,Horse_0823,Jockey_045,2,牡,2000,ダート,稍重,10,54.4,450.2,,,0.0,,,,,0.28,2
R20230607_0370,2023-06-07,Horse_0129,Horse_0129,Jockey_019,6,牡,2000,ダート,稍重,8,55.6,546.9,0.0,138.0,1.0,7.333,0.2,0.0,0.0,0.22,10
R20230607_0370,2023-06-07,Horse_0757,Horse_0757,Jockey_049,5,牡,2000,ダート,稍重,11,55.9,447.2,-9.4,53.0,3.0,6.667,0.0,,0.0,0.24,3
R20230610_0371,2023-06-10,Horse_0674,Horse_0674,Jockey_071,5,牝,1600,ダート,稍重,10,51.4,438.2,-11.4,275.0,0.0,5.0,0.2,,0.0,0.28,11
R20230610_0371,2023-06-10,Horse_0408,Horse_0408,Jockey_026,2,牡,1600,ダート,稍重,1,52.8,466.8,0.7,116.0,1.0,3.0,1.0,,,0.3,3
R20230610_0371,2023-06-10,Horse_0489,Horse_0489,Jockey_021,4,牡,1600,ダート,稍重,7,56.0,491.6,-12.7,200.0,0.0,7.0,0.2,0.0,1.0,0.24,5
R20230610_0371,2023-06-10,Horse_0649,Horse_0649,Jockey_036,6,牝,1600,ダート,稍重,4,53.3,487.5,-7.6,236.0,0.0,6.333,0.2,0.0,0.0,0.32,8
R20230610_0371,2023-06-10,Horse_0271,Horse_0271,Jockey_023,6,牡,1600,ダート,稍重,2,55.4,519.7,2.9,742.0,0.0,7.0,0.0,,0.0,0.136,12
R20230610_0371,2023-06-10,Horse_0430,Horse_0430,Jockey_065,8,牝,1600,ダート,稍重,8,54.1,464.4,3.0,425.0,0.0,4.667,0.2,0.0,0.0,0.325,9
R20230610_0371,2023-06-10,Horse_0499,Horse_0499,Jockey_080,4,牝,1600,ダート,稍重,5,54.8,493.8,5.6,256.0,0.0,9.0,0.0,,0.0,0.24,10
R20230610_0371,2023-06-10,Horse_0476,Horse_0476,Jockey_061,3,牡,1600,ダート,稍重,12,54.8,451.2,3.4,77.0,1.0,10.0,0.0,0.0,0.0,0.38,4
R20230610_0371,2023-06-10,Horse_0282,Horse_0282,Jockey_063,7,牡,1600,ダート,稍重,6,54.5,437.3,-14.1,80.0,1.0,6.667,0.0,0.333,0.2,0.22,6
R20230610_0371,2023-06-10,Horse_0105,Horse_0105,Jockey_011,8,牝,1600,ダート,稍重,9,55.1,465.1,5.5,35.0,1.0,6.333,0.75,1.0,1.0,0.178,1
R20230610_0371,2023-06-10,Horse_0344,Horse_0344,Jockey_013,4,牡,1600,ダート,稍重,11,55.4,491.9,13.2,13.0,1.0,7.667,0.0,0.0,0.0,0.18,7
R20230610_0371,2023-06-10,Horse_0374,Horse_0374,Jockey_001,6,せん,1600,ダート,稍重,3,53.9,486.5,-1.2,35.0,1.0,2.667,0.6,1.0,1.0,0.26,2
R20230613_0372,2023-06-13,Horse_0595,Horse_0595,Jockey_058,9,牡,1800,芝,稍重,10,53.0,437.4,7.4,17.0,2.0,5.667,0.25,0.0,0.5,0.34,4
R20230613_0372,2023-06-13,Horse_0177,Horse_0177,Jockey_005,6,牡,1800,芝,稍重,12,53.1,448.3,4.6,209.0,0.0,10.667,0.0,0.0,0.0,0.48,10
R20230613_0372,2023-06-13,Horse_0681,Horse_0681,Jockey_078,6,牡,1800,芝,稍重,15,53.4,455.6,2.3,13.0,2.0,10.667,0.0,,0.0,0.24,14
R20230613_0372,2023-06-13,Horse_0264,Horse_0264,Jockey_009,3,牡,1800,芝,稍重,5,53.1,464.2,5.3,203.0,0.0,6.667,0.25,0.0,0.25,0.26,8
R20230613_0372,2023-06-13,Horse_0860,Horse_0860,Jockey_015,7,牡,1800,芝,稍重,11,59.0,532.2,-3.4,44.0,1.0,4.0,0.4,,0.5,0.12,11
R20230613_0372,2023-06-13,Horse_0184,Horse_0184,Jockey_070,9,牝,1800,芝,稍重,3,56.9,469.0,-3.6,88.0,1.0,3.333,0.5,,0.5,0.22,6
R20230613_0372,2023-06-13,Horse_0701,Horse_0701,Jockey_033,2,牡,1800,芝,稍重,14,56.0,455.3,-11.6,38.0,2.0,3.0,1.0,,1.0,0.35,5
R20230613_0372,2023-06-13,Horse_0802,Horse_0802,Jockey_071,9,牡,1800,芝,稍重,13,57.5,513.7,-1.4,25.0,2.0,9.0,0.2,0.0,0.25,0.26,2
R20230613_0372,2023-06-13,Horse_0395,Horse_0395,Jockey_007,3,牡,1800,芝,稍重,7,55.5,440.5,2.6,304.0,0.0,9.0,0.0,,0.0,0.14,16
R20230613_0372,2023-06-13,Horse_0806,Horse_0806,Jockey_076,5,牝,1800,芝,稍重,2,57.6,462.8,-15.8,60.0,2.0,1.333,0.6,0.0,0.25,0.271,9
R20230613_0372,2023-06-13,Horse_0011,Horse_0011,Jockey_052,3,牝,1800,芝,稍重,8,55.2,457.8,-4.3,105.0,1.0,6.0,0.0,0.0,0.0,0.28,12
R20230613_0372,2023-06-13,Horse_0094,Horse_0094,Jockey_003,3,牡,1800,芝,稍重,1,54.9,475.2,4.8,17.0,1.0,5.667,0.2,,0.333,0.224,1
R20230613_0372,2023-06-13,Horse_0835,Horse_0835,Jockey_031,8,せん,1800,芝,稍重,16,57.7,462.9,-7.3,257.0,0.0,3.667,0.6,,0.75,0.3,7
R20230613_0372,2023-06-13,Horse_0110,Horse_0110,Jockey_074,5,牡,1800,芝,稍重,4,54.1,478.6,-3.7,11.0,1.0,2.0,0.4,1.0,0.5,0.22,3
R20230613_0372,2023-06-13,Horse_0083,Horse_0083,Jockey_022,5,牡,1800,芝,稍重,9,53.8,455.4,-1.6,11.0,2.0,7.667,0.0,,0.0,0.14,13
R20230613_0372,2023-06-13,Horse_0861,Horse_0861,Jockey_027,9,牡,1800,芝,稍重,6,56.5,445.4,22.3,24.0,1.0,9.667,0.0,0.0,0.0,0.239,15
R20230617_0373,2023-06-17,Horse_0068,Horse_0068,Jockey_012,4,牡,2000,ダート,稍重,2,55.2,516.1,0.9,114.0,1.0,4.333,0.4,0.0,0.333,0.18,1
R20230617_0373,2023-06-17,Horse_0171,Horse_0171,Jockey_066,4,牡,2000,ダート,稍重,4,54.0,421.8,-8.0,45.0,1.0,7.667,0.2,,0.25,0.271,5
R20230617_0373,2023-06-17,Horse_0050,Horse_0050,Jockey_013,8,牝,2000,ダート,稍重,5,55.7,465.3,10.7,28.0,2.0,11.667,0.0,,0.0,0.18,9
R20230617_0373,2023-06-17,Horse_0545,Horse_0545,Jockey_062,7,牡,2000,ダート,稍重,6,53.8,476.3,4.1,56.0,3.0,8.667,0.0,0.0,0.0,0.24,6
R20230617_0373,2023-06-17,Horse_0291,Horse_0291,Jockey_056,6,牝,2000,ダート,稍重,8,55.8,430.9,-9.9,29.0,2.0,7.667,0.2,0.5,0.0,0.26,7
R20230617_0373,2023-06-17,Horse_0002,Horse_0002,Jockey_044,8,牝,2000,ダート,稍重,3,57.7,465.7,1.4,68.0,3.0,4.333,0.4,0.333,0.4,0.31,2
R20230617_0373,2023-06-17,Horse_0014,Horse_0014,Jockey_072,2,牡,2000,ダート,稍重,1,52.5,420.1,9.1,87.0,2.0,7.0,0.5,,0.0,0.36,4
R20230617_0373,2023-06-17,Horse_0305,Horse_0305,Jockey_064,2,牡,2000,ダート,稍重,7,54.6,464.4,-7.0,110.0,1.0,6.0,0.0,,0.0,0.18,3
R20230617_0373,2023-06-17,Horse_0137,Horse_0137,Jockey_010,7,牡,2000,ダート,稍重,9,55.5,419.3,-15.9,185.0,0.0,5.333,0.2,,0.25,0.38,8
R20230619_0374,2023-06-19,Horse_0647,Horse_0647,Jockey_055,4,牡,1600,芝,稍重,11,55.8,455.3,6.7,125.0,2.0,2.0,0.6,1.0,0.6,0.28,6
R20230619_0374,2023-06-19,Horse_0775,Horse_0775,Jockey_039,3,牡,1600,芝,稍重,6,52.3,468.8,-7.7,12.0,4.0,5.667,0.4,1.0,0.333,0.24,2
R20230619_0374,2023-06-19,Horse_0765,Horse_0765,Jockey_028,3,牡,1600,芝,稍重,10,52.2,411.6,-7.3,66.0,3.0,3.667,0.6,1.0,0.0,0.271,1
R20230619_0374,2023-06-19,Horse_0798,Horse_0798,Jockey_075,2,牝,1600,芝,稍重,3,56.2,426.8,6.0,114.0,1.0,5.0,0.0,,0.0,0.24,3
R20230619_0374,2023-06-19,Horse_0030,Horse_0030,Jockey_027,8,牡,1600,芝,稍重,2,55.5,459.8,-2.5,112.0,4.0,3.0,0.4,0.0,0.286,0.234,5
R20230619_0374,2023-06-19,Horse_0654,Horse_0654,Jockey_021,6,牝,1600,芝,稍重,7,56.4,485.1,11.6,70.0,1.0,6.0,0.333,,1.0,0.22,10
R20230619_0374,2023-06-19,Horse_0274,Horse_0274,Jockey_052,2,牡,1600,芝,稍重,4,55.9,467.6,12.2,130.0,2.0,3.0,0.5,0.0,0.5,0.26,4
R20230619_0374,2023-06-19,Horse_0122,Horse_0122,Jockey_057,4,牝,1600,芝,稍重,5,55.4,472.9,-2.9,221.0,0.0,9.0,0.0,0.0,0.0,0.5,11
R20230619_0374,2023-06-19,Horse_0651,Horse_0651,Jockey_023,6,牡,1600,芝,稍重,1,55.9,477.4,10.6,52.0,1.0,5.667,0.0,0.0,0.125,0.133,9
R20230619_0374,2023-06-19,Horse_0664,Horse_0664,Jockey_044,2,牡,1600,芝,稍重,9,57.2,480.0,-16.6,62.0,1.0,6.0,0.0,0.0,0.0,0.326,8
R20230619_0374,2023-06-19,Horse_0369,Horse_0369,Jockey_022,9,牡,1600,芝,稍重,8,55.4,470.5,12.5,39.0,2.0,6.333,0.0,0.0,0.0,0.14,7
R20230623_0375,2023-06-23,Horse_0420,Horse_0420,Jockey_005,2,牡,2400,ダート,良,5,54.4,492.2,,,0.0,,,,,0.46,2
R20230623_0375,2023-06-23,Horse_0607,Horse_0607,Jockey_055,3,牝,2400,ダート,良,4,55.2,442.8,5.7,303.0,0.0,5.5,0.0,,0.0,0.28,12
R20230623_0375,2023-06-23,Horse_0086,Horse_0086,Jockey_053,6,せん,2400,ダート,良,11,55.2,499.5,2.8,601.0,0.0,4.333,0.333,0.0,1.0,0.12,11
R20230623_0375,2023-06-23,Horse_0759,Horse_0759,Jockey_058,7,牝,2400,ダート,良,8,54.6,459.9,5.2,313.0,0.0,5.0,0.6,1.0,,0.34,10
R20230623_0375,2023-06-23,Horse_0504,Horse_0504,Jockey_023,9,牝,2400,ダート,良,7,53.2,492.9,-1.4,74.0,1.0,5.333,0.4,0.0,0.0,0.13,1
R20230623_0375,2023-06-23,Horse_0381,Horse_0381,Jockey_019,3,牡,2400,ダート,良,9,55.8,449.1,2.9,119.0,1.0,10.667,0.0,,0.0,0.22,6
R20230623_0375,2023-06-23,Horse_0012,Horse_0012,Jockey_010,3,牡,2400,ダート,良,10,55.7,454.9,-1.0,192.0,0.0,1.0,1.0,,1.0,0.38,7
R20230623_0375,2023-06-23,Horse_0615,Horse_0615,Jockey_063,4,牝,2400,ダート,良,12,52.4,525.6,4.0,21.0,4.0,7.333,0.0,0.0,0.0,0.22,8
R20230623_0375,2023-06-23,Horse_0131,Horse_0131,Jockey_016,8,牝,2400,ダート,良,2,55.0,419.2,6.9,104.0,3.0,1.333,0.8,1.0,0.667,0.25,5
R20230623_0375,2023-06-23,Horse_0589,Horse_0589,Jockey_034,7,牝,2400,ダート,良,1,57.8,490.6,-1.9,59.0,1.0,7.667,0.2,,0.25,0.2,4
R20230623_0375,2023-06-23,Horse_0260,Horse_0260,Jockey_048,6,牡,2400,ダート,良,6,56.6,438.1,-3.1,133.0,2.0,3.667,0.4,,0.0,0.2,3
R20230623_0375,2023-06-23,Horse_0623,Horse_0623,Jockey_013,2,牡,2400,ダート,良,3,55.9,495.9,-2.4,168.0,1.0,3.0,1.0,,1.0,0.18,9
R20230626_0376,2023-06-26,Horse_0080,Horse_0080,Jockey_041,6,牡,1200,芝,稍重,13,54.7,469.7,3.1,185.0,0.0,5.333,0.2,0.0,0.333,0.26,6
R20230626_0376,2023-06-26,Horse_0512,Horse_0512,Jockey_011,8,牝,1200,芝,稍重,7,54.3,461.6,2.1,32.0,1.0,8.0,0.0,,0.0,0.196,5
R20230626_0376,2023-06-26,Horse_0129,Horse_0129,Jockey_048,6,牡,1200,芝,稍重,5,54.7,532.6,-14.3,19.0,2.0,7.333,0.2,0.0,0.167,0.22,10
R20230626_0376,2023-06-26,Horse_0273,Horse_0273,Jockey_077,2,牝,1200,芝,稍重,12,58.1,468.5,-15.8,136.0,1.0,1.0,1.0,,1.0,0.042,3
R20230626_0376,2023-06-26,Horse_0062,Horse_0062,Jockey_050,4,せん,1200,芝,稍重,9,55.3,487.7,6.0,77.0,2.0,5.667,0.6,0.0,0.0,0.22,7
R20230626_0376,2023-06-26,Horse_0428,Horse_0428,Jockey_080,5,牡,1200,芝,稍重,1,57.2,448.7,13.9,136.0,1.0,9.667,0.4,0.667,0.0,0.22,9
R20230626_0376,2023-06-26,Horse_0488,Horse_0488,Jockey_001,4,牡,1200,芝,稍重,3,56.6,476.8,15.4,469.0,0.0,6.5,0.0,,0.0,0.28,12
R20230626_0376,2023-06-26,Horse_0511,Horse_0511,Jockey_023,7,牡,1200,芝,稍重,10,55.5,477.3,0.2,92.0,1.0,10.0,0.0,0.0,0.0,0.149,8
R20230626_0376,2023-06-26,Horse_0394,Horse_0394,Jockey_019,5,牝,1200,芝,稍重,2,54.8,466.5,-8.9,244.0,0.0,4.333,0.8,,0.8,0.2,4
R20230626_0376,2023-06-26,Horse_0898,Horse_0898,Jockey_027,5,牝,1200,芝,稍重,4,55.5,479.3,-16.2,222.0,0.0,10.333,0.0,,,0.229,13
R20230626_0376,2023-06-26,Horse_0042,Horse_0042,Jockey_003,6,牡,1200,芝,稍重,11,56.5,450.7,16.5,21.0,2.0,7.0,0.2,0.0,0.0,0.24,11
R20230626_0376,2023-06-26,Horse_0641,Horse_0641,Jockey_076,4,牝,1200,芝,稍重,8,54.8,509.0,3.4,29.0,2.0,4.0,0.25,,0.0,0.265,1
R20230626_0376,2023-06-26,Horse_0531,Horse_0531,Jockey_064,6,牡,1200,芝,稍重,6,54.3,492.9,-0.2,34.0,2.0,6.333,0.4,,0.0,0.2,2
R20230630_0377,2023-06-30,Horse_0790,Horse_0790,Jockey_079,7,牝,1600,ダート,良,3,54.8,471.3,4.8,45.0,2.0,10.333,0.0,0.0,0.0,0.14,8
R20230630_0377,2023-06-30,Horse_0046,Horse_0046,Jockey_014,9,牡,1600,ダート,良,11,56.0,489.9,-3.6,109.0,2.0,6.333,0.2,0.0,0.0,0.16,11
R20230630_0377,2023-06-30,Horse_0176,Horse_0176,Jockey_065,4,牡,1600,ダート,良,13,54.5,496.0,1.0,346.0,0.0,6.333,0.6,1.0,1.0,0.317,2
R20230630_0377,2023-06-30,Horse_0604,Horse_0604,Jockey_071,9,牡,1600,ダート,良,4,53.3,492.3,-4.3,83.0,1.0,6.667,0.2,0.333,0.0,0.28,4
R20230630_0377,2023-06-30,Horse_0323,Horse_0323,Jockey_029,6,牝,1600,ダート,良,12,53.6,496.7,5.1,58.0,2.0,3.0,0.4,0.333,0.5,0.26,7
R20230630_0377,2023-06-30,Horse_0434,Horse_0434,Jockey_070,2,牝,1600,ダート,良,9,53.6,478.7,,,0.0,,,,,0.22,3
R20230630_0377,2023-06-30,Horse_0349,Horse_0349,Jockey_051,7,牡,1600,ダート,良,8,54.4,515.1,11.3,109.0,1.0,9.333,0.0,0.0,0.0,0.28,5
R20230630_0377,2023-06-30,Horse_0704,Horse_0704,Jockey_023,9,せん,1600,ダート,良,14,55.0,443.5,13.5,625.0,0.0,12.333,0.0,0.0,0.0,0.146,14
R20230630_0377,2023-06-30,Horse_0467,Horse_0467,Jockey_036,9,牡,1600,ダート,良,10,51.8,499.0,5.0,109.0,2.0,7.667,0.2,0.0,0.0,0.32,1
R20230630_0377,2023-06-30,Horse_0670,Horse_0670,Jockey_053,3,牝,1600,ダート,良,2,54.8,442.7,1.8,81.0,1.0,6.333,0.25,,0.0,0.12,10
R20230630_0377,2023-06-30,Horse_0861,Horse_0861,Jockey_047,9,牡,1600,ダート,良,7,55.3,448.9,3.5,17.0,2.0,12.0,0.0,0.0,0.0,0.217,12
R20230630_0377,2023-06-30,Horse_0581,Horse_0581,Jockey_075,3,牡,1600,ダート,良,6,56.9,480.3,4.3,34.0,3.0,2.667,0.667,0.0,,0.26,6
R20230630_0377,2023-06-30,Horse_0221,Horse_0221,Jockey_076,9,牝,1600,ダート,良,1,55.8,516.5,-15.3,25.0,2.0,3.333,0.6,0.5,0.667,0.28,9
R20230630_0377,2023-06-30,Horse_0334,Horse_0334,Jockey_019,3,牡,1600,ダート,良,5,55.0,541.5,10.1,400.0,0.0,4.0,0.5,1.0,,0.2,13
R20230701_0378,2023-07-01,Horse_0627,Horse_0627,Jockey_033,5,牡,1400,ダート,良,8,54.9,486.6,9.8,179.0,1.0,6.0,0.2,0.0,0.5,0.341,4
R20230701_0378,2023-07-01,Horse_0059,Horse_0059,Jockey_011,3,牡,1400,ダート,良,7,56.9,525.2,-9.9,93.0,1.0,5.333,0.5,0.0,0.5,0.191,9
R20230701_0378,2023-07-01,Horse_0807,Horse_0807,Jockey_080,3,牡,1400,ダート,良,2,53.9,457.2,-3.2,123.0,1.0,7.667,0.0,0.0,0.0,0.2,11
R20230701_0378,2023-07-01,Horse_0572,Horse_0572,Jockey_066,9,牡,1400,ダート,良,12,56.7,469.1,-1.2,90.0,1.0,8.0,0.0,0.0,0.0,0.265,6
R20230701_0378,2023-07-01,Horse_0688,Horse_0688,Jockey_006,3,牡,1400,ダート,良,6,54.5,533.0,18.0,46.0,2.0,3.0,0.4,,0.0,0.26,5
R20230701_0378,2023-07-01,Horse_0395,Horse_0395,Jockey_061,3,牡,1400,ダート,良,3,54.2,433.5,-7.0,18.0,1.0,12.5,0.0,,,0.38,2
R20230701_0378,2023-07-01,Horse_0726,Horse_0726,Jockey_063,7,牡,1400,ダート,良,11,53.5,533.6,19.2,29.0,2.0,6.667,0.0,,0.0,0.22,3
R20230701_0378,2023-07-01,Horse_0195,Horse_0195,Jockey_064,4,牡,1400,ダート,良,13,55.8,481.2,-6.1,769.0,0.0,2.333,0.667,,1.0,0.22,13
R20230701_0378,2023-07-01,Horse_0820,Horse_0820,Jockey_015,6,牝,1400,ダート,良,9,54.2,510.7,2.9,86.0,1.0,10.333,0.0,,,0.12,10
R20230701_0378,2023-07-01,Horse_0245,Horse_0245,Jockey_044,5,牡,1400,ダート,良,1,53.9,457.2,-5.0,43.0,1.0,7.333,0.0,,0.333,0.318,1
R20230701_0378,2023-07-01,Horse_0617,Horse_0617,Jockey_056,8,牡,1400,ダート,良,10,55.0,513.4,-13.5,36.0,2.0,6.667,0.2,0.333,0.5,0.26,7
R20230701_0378,2023-07-01,Horse_0573,Horse_0573,Jockey_069,7,牡,1400,ダート,良,5,57.0,464.9,3.8,140.0,2.0,8.667,0.2,0.0,0.5,0.32,8
R20230701_0378,2023-07-01,Horse_0881,Horse_0881,Jockey_013,7,牡,1400,ダート,良,4,52.7,489.3,-11.3,98.0,3.0,8.667,0.0,0.0,0.0,0.16,12
R20230705_0379,2023-07-05,Horse_0601,Horse_0601,Jockey_022,8,牡,2000,ダート,良,11,54.3,473.8,12.7,81.0,3.0,6.333,0.0,0.0,0.0,0.14,6
R20230705_0379,2023-07-05,Horse_0533,Horse_0533,Jockey_077,7,牝,2000,ダート,良,1,54.0,504.5,1.1,624.0,0.0,9.0,0.0,,,0.061,14
R20230705_0379,2023-07-05,Horse_0659,Horse_0659,Jockey_021,3,牡,2000,ダート,良,13,56.2,467.6,-13.3,143.0,1.0,11.333,0.0,0.0,0.0,0.22,12
R20230705_0379,2023-07-05,Horse_0293,Horse_0293,Jockey_059,4,牝,2000,ダート,良,3,54.8,498.6,-4.7,470.0,0.0,1.0,1.0,,0.667,0.38,10
R20230705_0379,2023-07-05,Horse_0844,Horse_0844,Jockey_032,4,牡,2000,ダート,良,4,53.4,547.4,-5.4,279.0,0.0,11.0,0.0,0.0,0.0,0.24,13
R20230705_0379,2023-07-05,Horse_0032,Horse_0032,Jockey_063,5,牝,2000,ダート,良,8,52.4,524.4,6.5,203.0,0.0,6.0,0.0,0.0,0.0,0.24,7
R20230705_0379,2023-07-05,Horse_0863,Horse_0863,Jockey_001,5,牝,2000,ダート,良,7,54.4,465.9,4.8,470.0,0.0,3.333,0.667,,0.5,0.28,8
R20230705_0379,2023-07-05,Horse_0545,Horse_0545,Jockey_024,7,牡,2000,ダート,良,9,54.3,471.5,-4.8,18.0,4.0,8.0,0.0,0.0,0.0,0.16,5
R20230705_0379,2023-07-05,Horse_0492,Horse_0492,Jockey_033,2,牝,2000,ダート,良,10,57.1,442.2,-0.1,154.0,1.0,11.0,0.0,0.0,,0.333,3
R20230705_0379,2023-07-05,Horse_0629,Horse_0629,Jockey_058,7,牡,2000,ダート,良,5,58.1,503.8,-5.4,128.0,1.0,5.667,0.4,,0.5,0.32,1
R20230705_0379,2023-07-05,Horse_0666,Horse_0666,Jockey_079,3,牡,2000,ダート,良,2,55.5,484.2,-1.9,138.0,1.0,8.333,0.0,,0.0,0.14,11
R20230705_0379,2023-07-05,Horse_0353,Horse_0353,Jockey_042,3,牝,2000,ダート,良,14,52.9,431.7,6.6,144.0,1.0,7.667,0.0,0.0,0.0,0.32,4
R20230705_0379,2023-07-05,Horse_0571,Horse_0571,Jockey_037,8,せん,2000,ダート,良,6,55.9,458.9,19.0,207.0,0.0,8.333,0.0,0.0,0.0,0.14,9
R20230705_0379,2023-07-05,Horse_0882,Horse_0882,Jockey_051,7,牝,2000,ダート,良,12,55.4,456.1,11.8,164.0,1.0,10.667,0.25,1.0,0.5,0.28,2
R20230708_0380,2023-07-08,Horse_0677,Horse_0677,Jockey_065,9,せん,1400,ダート,良,5,52.2,501.9,1.5,61.0,3.0,8.667,0.0,0.0,0.0,0.333,8
R20230708_0380,2023-07-08,Horse_0307,Horse_0307,Jockey_006,3,牝,1400,ダート,良,1,52.2,474.0,-1.0,91.0,1.0,8.5,0.0,,,0.26,6
R20230708_0380,2023-07-08,Horse_0680,Horse_0680,Jockey_033,3,牡,1400,ダート,良,9,57.2,469.2,-6.8,137.0,1.0,3.333,0.667,,1.0,0.349,1
R20230708_0380,2023-07-08,Horse_0251,Horse_0251,Jockey_073,6,牝,1400,ダート,良,2,56.8,465.3,14.1,44.0,2.0,9.333,0.4,0.0,0.0,0.24,10
R20230708_0380,2023-07-08,Horse_0595,Horse_0595,Jockey_066,9,牡,1400,ダート,良,6,57.9,439.3,1.9,25.0,3.0,4.0,0.2,,0.0,0.26,5
R20230708_0380,2023-07-08,Horse_0463,Horse_0463,Jockey_046,7,牡,1400,ダート,良,7,53.8,516.4,13.7,81.0,2.0,6.333,0.2,0.0,0.0,0.22,4
R20230708_0380,2023-07-08,Horse_0321,Horse_0321,Jockey_042,8,牝,1400,ダート,良,10,53.9,482.2,-1.6,418.0,0.0,5.333,0.2,0.0,1.0,0.32,7
R20230708_0380,2023-07-08,Horse_0802,Horse_0802,Jockey_029,9,牡,1400,ダート,良,4,54.2,523.3,9.6,25.0,3.0,5.333,0.4,0.5,0.0,0.24,2
R20230708_0380,2023-07-08,Horse_0602,Horse_0602,Jockey_047,9,せん,1400,ダート,良,8,54.3,500.9,-8.8,97.0,1.0,4.0,0.5,0.0,0.5,0.213,3
R20230708_0380,2023-07-08,Horse_0043,Horse_0043,Jockey_041,6,牡,1400,ダート,良,3,53.6,501.0,-3.7,43.0,2.0,13.333,0.0,0.0,0.0,0.24,9
R20230710_0381,2023-07-10,Horse_0403,Horse_0403,Jockey_056,2,牝,1400,ダート,良,9,55.0,493.2,6.6,51.0,2.0,3.5,0.5,,,0.26,2
R20230710_0381,2023-07-10,Horse_0011,Horse_0011,Jockey_009,3,牝,1400,ダート,良,15,55.7,464.8,7.0,27.0,2.0,6.667,0.0,,0.0,0.26,8
R20230710_0381,2023-07-10,Horse_0600,Horse_0600,Jockey_002,4,牝,1400,ダート,良,14,54.0,512.7,11.5,108.0,2.0,4.667,0.4,0.0,0.0,0.36,9
R20230710_0381,2023-07-10,Horse_0337,Horse_0337,Jockey_037,7,牝,1400,ダート,良,2,53.4,496.8,14.8,46.0,2.0,5.333,0.0,,0.0,0.12,7
R20230710_0381,2023-07-10,Horse_0287,Horse_0287,Jockey_001,7,牡,1400,ダート,良,11,54.7,463.5,-7.4,210.0,0.0,6.667,0.2,,0.0,0.28,12
R20230710_0381,2023-07-10,Horse_0719,Horse_0719,Jockey_015,4,牝,1400,ダート,良,1,55.2,468.6,-3.6,136.0,1.0,6.667,0.2,0.0,,0.12,16
R20230710_0381,2023-07-10,Horse_0513,Horse_0513,Jockey_072,7,牝,1400,ダート,良,4,55.2,478.3,11.9,188.0,0.0,4.333,0.4,0.5,0.0,0.34,14
R20230710_0381,2023-07-10,Horse_0778,Horse_0778,Jockey_049,5,牝,1400,ダート,良,8,53.8,453.0,0.3,116.0,2.0,9.333,0.0,,0.0,0.26,6
R20230710_0381,2023-07-10,Horse_0880,Horse_0880,Jockey_030,9,牝,1400,ダート,良,12,53.1,484.9,-5.5,115.0,2.0,9.667,0.0,0.0,0.0,0.16,13
R20230710_0381,2023-07-10,Horse_0053,Horse_0053,Jockey_055,4,牡,1400,ダート,良,6,53.4,504.4,-19.7,145.0,1.0,9.333,0.0,0.0,0.0,0.28,10
R20230710_0381,2023-07-10,Horse_0408,Horse_0408,Jockey_054,2,牡,1400,ダート,良,3,56.0,457.7,-9.1,30.0,2.0,3.0,1.0,,1.0,0.18,3
R20230710_0381,2023-07-10,Horse_0774,Horse_0774,Jockey_060,9,牝,1400,ダート,良,10,51.6,463.9,0.1,289.0,0.0,4.667,0.6,,0.5,0.1,15
R20230710_0381,2023-07-10,Horse_0389,Horse_0389,Jockey_079,3,牡,1400,ダート,良,16,55.1,455.1,-12.8,108.0,1.0,6.0,0.333,,0.5,0.14,11
R20230710_0381,2023-07-10,Horse_0874,Horse_0874,Jockey_050,5,牝,1400,ダート,良,5,55.1,520.7,4.7,43.0,2.0,9.0,0.0,0.0,0.0,0.2,4
R20230710_0381,2023-07-10,Horse_0817,Horse_0817,Jockey_036,3,せん,1400,ダート,良,13,55.5,426.6,2.1,52.0,1.0,2.0,1.0,,1.0,0.32,1
R20230710_0381,2023-07-10,Horse_0507,Horse_0507,Jockey_066,4,牝,1400,ダート,良,7,56.9,469.3,-2.8,116.0,1.0,3.667,0.25,,,0.24,5
R20230712_0382,2023-07-12,Horse_0170,Horse_0170,Jockey_011,3,牡,1600,ダート,良,2,55.0,518.7,-6.7,73.0,2.0,3.333,0.4,0.0,1.0,0.188,6
R20230712_0382,2023-07-12,Horse_0768,Horse_0768,Jockey_071,7,牝,1600,ダート,良,3,53.4,442.7,8.2,41.0,2.0,5.0,0.2,0.0,0.25,0.28,7
R20230712_0382,2023-07-12,Horse_0320,Horse_0320,Jockey_046,8,牡,1600,ダート,良,7,53.5,436.7,-5.8,491.0,0.0,6.333,0.25,1.0,0.0,0.22,11
R20230712_0382,2023-07-12,Horse_0691,Horse_0691,Jockey_040,3,牝,1600,ダート,良,9,56.2,452.1,4.0,113.0,2.0,3.667,0.25,0.0,1.0,0.32,5
R20230712_0382,2023-07-12,Horse_0109,Horse_0109,Jockey_030,4,牡,1600,ダート,良,10,56.7,500.3,-9.7,121.0,2.0,6.333,0.2,0.0,1.0,0.16,8
R20230712_0382,2023-07-12,Horse_0704,Horse_0704,Jockey_066,9,せん,1600,ダート,良,5,54.3,443.0,-0.5,12.0,1.0,13.667,0.0,0.0,0.0,0.24,9
R20230712_0382,2023-07-12,Horse_0528,Horse_0528,Jockey_079,3,牡,1600,ダート,良,4,53.1,430.6,-1.9,53.0,2.0,7.667,0.333,0.0,,0.14,4
R20230712_0382,2023-07-12,Horse_0474,Horse_0474,Jockey_080,8,牝,1600,ダート,良,8,55.4,471.7,-0.4,168.0,1.0,1.667,0.8,0.667,0.667,0.2,2
R20230712_0382,2023-07-12,Horse_0348,Horse_0348,Jockey_007,5,牝,1600,ダート,良,1,52.7,462.7,1.3,46.0,1.0,9.667,0.4,0.667,1.0,0.12,1
R20230712_0382,2023-07-12,Horse_0597,Horse_0597,Jockey_028,5,牝,1600,ダート,良,11,53.6,461.9,-2.2,293.0,0.0,9.667,0.0,0.0,0.0,0.286,10
R20230712_0382,2023-07-12,Horse_0386,Horse_0386,Jockey_051,3,牝,1600,ダート,良,6,54.3,443.3,-19.3,87.0,1.0,2.0,1.0,1.0,1.0,0.3,3
R20230715_0383,2023-07-15,Horse_0496,Horse_0496,Jockey_015,7,牡,1800,芝,不良,10,54.5,440.3,8.8,288.0,0.0,7.0,0.0,,0.25,0.12,12
R20230715_0383,2023-07-15,Horse_0581,Horse_0581,Jockey_019,3,牡,1800,芝,不良,2,56.6,468.1,-12.2,15.0,4.0,4.0,0.5,,0.667,0.2,9
R20230715_0383,2023-07-15,Horse_0122,Horse_0122,Jockey_041,4,牝,1800,芝,不良,7,52.5,480.4,7.5,26.0,1.0,10.0,0.0,0.0,0.0,0.24,5
R20230715_0383,2023-07-15,Horse_0725,Horse_0725,Jockey_042,9,牡,1800,芝,不良,11,54.6,460.3,-9.5,88.0,1.0,5.333,0.333,0.0,0.5,0.3,7
R20230715_0383,2023-07-15,Horse_0288,Horse_0288,Jockey_056,9,牡,1800,芝,不良,9,53.7,468.0,14.8,65.0,3.0,4.667,0.2,0.0,0.25,0.26,3
R20230715_0383,2023-07-15,Horse_0582,Horse_0582,Jockey_039,7,せん,1800,芝,不良,3,55.5,438.4,-8.7,104.0,2.0,5.667,0.0,0.0,0.0,0.24,10
R20230715_0383,2023-07-15,Horse_0550,Horse_0550,Jockey_013,7,せん,1800,芝,不良,12,57.4,468.4,11.9,273.0,0.0,10.0,0.0,0.0,0.0,0.16,11
R20230715_0383,2023-07-15,Horse_0261,Horse_0261,Jockey_009,5,牝,1800,芝,不良,4,53.5,475.4,9.9,149.0,1.0,7.667,0.2,,0.2,0.26,1
R20230715_0383,2023-07-15,Horse_0862,Horse_0862,Jockey_014,4,牝,1800,芝,不良,1,53.0,445.4,-13.8,65.0,1.0,7.667,0.4,0.0,0.375,0.16,6
R20230715_0383,2023-07-15,Horse_0854,Horse_0854,Jockey_043,5,牝,1800,芝,不良,8,54.9,456.6,-2.4,150.0,1.0,10.0,0.0,,0.167,0.16,2
R20230715_0383,2023-07-15,Horse_0785,Horse_0785,Jockey_064,4,牡,1800,芝,不良,6,53.7,483.6,1.2,350.0,0.0,3.0,0.4,0.5,0.4,0.22,8
R20230715_0383,2023-07-15,Horse_0762,Horse_0762,Jockey_045,7,せん,1800,芝,不良,5,56.2,475.8,-2.8,174.0,1.0,4.0,0.6,0.667,0.75,0.3,4
R20230717_0384,2023-07-17,Horse_0730,Horse_0730,Jockey_061,2,牝,2000,ダート,良,2,52.8,448.1,-12.7,65.0,2.0,4.0,0.5,0.5,,0.4,3
R20230717_0384,2023-07-17,Horse_0575,Horse_0575,Jockey_002,6,牡,2000,ダート,良,4,57.1,465.8,-5.9,143.0,1.0,8.333,0.0,0.0,0.0,0.34,8
R20230717_0384,2023-07-17,Horse_0561,Horse_0561,Jockey_050,8,牝,2000,ダート,良,7,55.4,478.0,13.1,128.0,2.0,11.0,0.0,0.0,0.0,0.18,7
R20230717_0384,2023-07-17,Horse_0052,Horse_0052,Jockey_064,6,牝,2000,ダート,良,8,55.3,487.9,-3.0,181.0,0.0,7.667,0.333,,,0.2,12
R20230717_0384,2023-07-17,Horse_0243,Horse_0243,Jockey_070,7,牡,2000,ダート,良,3,53.8,479.0,-6.1,241.0,0.0,6.0,0.2,,0.5,0.22,5
R20230717_0384,2023-07-17,Horse_0787,Horse_0787,Jockey_063,3,牡,2000,ダート,良,10,53.3,465.8,3.4,166.0,1.0,5.333,0.4,0.0,0.0,0.24,9
R20230717_0384,2023-07-17,Horse_0577,Horse_0577,Jockey_043,3,牡,2000,ダート,良,6,54.3,506.7,3.7,151.0,1.0,3.667,0.4,,0.333,0.18,6
R20230717_0384,2023-07-17,Horse_0157,Horse_0157,Jockey_041,2,牡,2000,ダート,良,9,57.0,432.7,-2.8,59.0,1.0,6.5,0.5,,,0.24,4
R20230717_0384,2023-07-17,Horse_0766,Horse_0766,Jockey_007,7,牝,2000,ダート,良,1,56.0,439.4,-14.4,53.0,3.0,6.333,0.2,0.5,0.0,0.14,2
R20230717_0384,2023-07-17,Horse_0354,Horse_0354,Jockey_055,3,牡,2000,ダート,良,12,55.6,424.1,-7.6,158.0,1.0,9.0,0.0,0.0,0.0,0.28,10
R20230717_0384,2023-07-17,Horse_0456,Horse_0456,Jockey_069,3,牡,2000,ダート,良,5,54.6,457.1,-5.7,67.0,1.0,9.0,0.25,,0.0,0.32,1
R20230717_0384,2023-07-17,Horse_0480,Horse_0480,Jockey_049,4,牝,2000,ダート,良,11,54.0,485.4,12.4,126.0,1.0,11.333,0.0,,,0.26,11
R20230720_0385,2023-07-20,Horse_0629,Horse_0629,Jockey_041,7,牡,1400,ダート,良,6,53.6,503.1,-0.7,15.0,2.0,4.667,0.4,0.0,0.6,0.24,3
R20230720_0385,2023-07-20,Horse_0607,Horse_0607,Jockey_065,3,牝,1400,ダート,良,11,52.9,442.3,-0.5,27.0,1.0,7.667,0.0,,0.0,0.326,10
R20230720_0385,2023-07-20,Horse_0874,Horse_0874,Jockey_025,5,牝,1400,ダート,良,8,51.0,507.3,-13.4,10.0,3.0,7.333,0.0,0.0,0.0,0.38,1
R20230720_0385,2023-07-20,Horse_0010,Horse_0010,Jockey_006,5,牡,1400,ダート,良,7,57.3,486.9,-8.3,65.0,1.0,5.667,0.0,,,0.24,7
R20230720_0385,2023-07-20,Horse_0202,Horse_0202,Jockey_010,7,牝,1400,ダート,良,2,55.4,524.6,-2.0,156.0,1.0,4.667,0.2,0.0,0.2,0.36,5
R20230720_0385,2023-07-20,Horse_0211,Horse_0211,Jockey_044,5,牡,1400,ダート,良,10,55.8,518.8,8.6,43.0,1.0,10.667,0.0,0.0,0.0,0.333,9
R20230720_0385,2023-07-20,Horse_0029,Horse_0029,Jockey_064,2,せん,1400,ダート,良,9,56.0,484.3,5.7,169.0,1.0,1.0,1.0,,,0.2,4
R20230720_0385,2023-07-20,Horse_0039,Horse_0039,Jockey_001,8,牝,1400,ダート,良,12,54.8,439.7,0.3,176.0,1.0,7.333,0.4,,0.0,0.28,8
R20230720_0385,2023-07-20,Horse_0783,Horse_0783,Jockey_042,9,牡,1400,ダート,良,5,53.7,516.3,-6.7,146.0,1.0,12.667,0.0,0.0,0.0,0.3,11
R20230720_0385,2023-07-20,Horse_0519,Horse_0519,Jockey_072,2,牝,1400,ダート,良,4,52.1,426.8,-13.9,161.0,1.0,10.0,0.0,,,0.34,12
R20230720_0385,2023-07-20,Horse_0731,Horse_0731,Jockey_075,9,せん,1400,ダート,良,3,55.9,471.0,-8.0,157.0,1.0,7.0,0.4,0.0,0.0,0.24,6
R20230720_0385,2023-07-20,Horse_0797,Horse_0797,Jockey_013,9,せん,1400,ダート,良,1,56.2,490.3,6.7,142.0,2.0,2.333,0.8,0.667,0.667,0.16,2
R20230723_0386,2023-07-23,Horse_0046,Horse_0046,Jockey_056,9,牡,1200,芝,重,4,54.8,499.0,9.1,23.0,3.0,6.333,0.2,0.0,0.125,0.28,4
R20230723_0386,2023-07-23,Horse_0388,Horse_0388,Jockey_043,9,牝,1200,芝,重,5,55.9,448.8,2.3,196.0,0.0,6.667,0.0,0.0,0.0,0.18,8
R20230723_0386,2023-07-23,Horse_0887,Horse_0887,Jockey_068,2,牝,1200,芝,重,2,54.7,472.0,-6.0,108.0,2.0,3.5,0.5,,0.5,0.28,3
R20230723_0386,2023-07-23,Horse_0657,Horse_0657,Jockey_058,8,牡,1200,芝,重,6,56.0,451.5,2.8,65.0,1.0,9.333,0.0,,0.0,0.32,2
R20230723_0386,2023-07-23,Horse_0578,Horse_0578,Jockey_009,3,牡,1200,芝,重,3,55.2,509.5,-3.9,299.0,0.0,3.0,0.5,,,0.26,5
R20230723_0386,2023-07-23,Horse_0223,Horse_0223,Jockey_055,2,牡,1200,芝,重,8,52.1,417.7,-25.0,149.0,1.0,12.0,0.0,,0.0,0.28,7
R20230723_0386,2023-07-23,Horse_0809,Horse_0809,Jockey_070,6,牡,1200,芝,重,7,55.8,538.1,4.5,134.0,1.0,6.0,0.6,0.0,0.75,0.2,1
R20230723_0386,2023-07-23,Horse_0100,Horse_0100,Jockey_024,5,牝,1200,芝,重,1,54.1,473.0,-7.6,110.0,3.0,10.333,0.0,,0.0,0.14,6
R20230724_0387,2023-07-24,Horse_0416,Horse_0416,Jockey_011,3,牡,1400,ダート,良,5,57.2,528.3,-8.1,488.0,0.0,2.0,1.0,1.0,1.0,0.184,10
R20230724_0387,2023-07-24,Horse_0284,Horse_0284,Jockey_056,5,牡,1400,ダート,良,6,56.6,443.2,-1.3,111.0,1.0,4.667,0.4,0.0,0.5,0.28,6
R20230724_0387,2023-07-24,Horse_0836,Horse_0836,Jockey_064,6,牝,1400,ダート,良,7,55.5,507.6,2.2,163.0,1.0,8.0,0.5,1.0,1.0,0.2,7
R20230724_0387,2023-07-24,Horse_0531,Horse_0531,Jockey_007,6,牡,1400,ダート,良,8,55.8,506.7,13.8,28.0,2.0,4.667,0.6,0.0,0.333,0.16,5
R20230724_0387,2023-07-24,Horse_0169,Horse_0169,Jockey_058,6,牝,1400,ダート,良,3,53.8,466.7,-10.7,129.0,2.0,9.333,0.0,0.0,0.0,0.34,2
R20230724_0387,2023-07-24,Horse_0193,Horse_0193,Jockey_030,3,牝,1400,ダート,良,9,53.6,477.0,-14.1,206.0,0.0,6.333,0.0,,0.0,0.16,9
R20230724_0387,2023-07-24,Horse_0335,Horse_0335,Jockey_070,8,牝,1400,ダート,良,10,55.9,422.9,5.0,340.0,0.0,1.667,0.6,0.5,0.0,0.22,8
R20230724_0387,2023-07-24,Horse_0754,Horse_0754,Jockey_018,7,牡,1400,ダート,良,1,54.7,477.7,5.6,90.0,3.0,9.333,0.0,0.0,0.0,0.52,4
R20230724_0387,2023-07-24,Horse_0339,Horse_0339,Jockey_047,9,牡,1400,ダート,良,2,55.7,466.3,-0.8,66.0,1.0,9.667,0.4,0.0,0.333,0.229,3
R20230724_0387,2023-07-24,Horse_0208,Horse_0208,Jockey_032,2,牡,1400,ダート,良,4,53.4,409.7,,,0.0,,,,,0.24,1
R20230726_0388,2023-07-26,Horse_0337,Horse_0337,Jockey_063,7,牝,2400,芝,不良,7,53.6,487.7,-9.1,16.0,3.0,6.333,0.0,,0.0,0.24,8
R20230726_0388,2023-07-26,Horse_0338,Horse_0338,Jockey_042,9,牡,2400,芝,不良,2,56.1,449.3,1.5,76.0,1.0,8.0,0.2,,0.0,0.3,4
R20230726_0388,2023-07-26,Horse_0403,Horse_0403,Jockey_014,2,牝,2400,芝,不良,8,53.8,485.5,-7.7,16.0,3.0,3.0,0.667,,0.5,0.16,7
R20230726_0388,2023-07-26,Horse_0371,Horse_0371,Jockey_047,2,牡,2400,芝,不良,6,57.0,449.8,3.1,55.0,1.0,3.0,1.0,,,0.245,6
R20230726_0388,2023-07-26,Horse_0140,Horse_0140,Jockey_050,2,牝,2400,芝,不良,10,54.8,502.3,,,0.0,,,,,0.18,1
R20230726_0388,2023-07-26,Horse_0526,Horse_0526,Jockey_075,3,牡,2400,芝,不良,4,57.8,550.4,,,0.0,,,,,0.24,3
R20230726_0388,2023-07-26,Horse_0272,Horse_0272,Jockey_078,3,牡,2400,芝,不良,9,54.9,465.6,-7.5,79.0,1.0,4.333,0.5,,0.0,0.24,5
R20230726_0388,2023-07-26,Horse_0551,Horse_0551,Jockey_068,4,牡,2400,芝,不良,5,54.5,483.8,2.9,299.0,0.0,5.667,0.4,,0.5,0.3,9
R20230726_0388,2023-07-26,Horse_0261,Horse_0261,Jockey_041,5,牝,2400,芝,不良,3,54.8,467.0,-8.4,11.0,2.0,5.333,0.4,0.0,0.333,0.26,2
R20230726_0388,2023-07-26,Horse_0380,Horse_0380,Jockey_070,7,牡,2400,芝,不良,1,53.6,492.1,4.1,99.0,1.0,6.333,0.0,,0.0,0.22,10
R20230727_0389,2023-07-27,Horse_0556,Horse_0556,Jockey_069,5,せん,2000,芝,稍重,2,54.7,520.1,-5.6,124.0,1.0,11.333,0.0,0.0,0.0,0.34,12
R20230727_0389,2023-07-27,Horse_0479,Horse_0479,Jockey_052,9,牡,2000,芝,稍重,14,57.8,466.6,-12.3,153.0,1.0,8.333,0.0,,0.0,0.26,13
R20230727_0389,2023-07-27,Horse_0473,Horse_0473,Jockey_037,6,牝,2000,芝,稍重,7,55.3,441.6,3.7,154.0,1.0,8.0,0.0,,0.0,0.12,3
R20230727_0389,2023-07-27,Horse_0798,Horse_0798,Jockey_028,2,牝,2000,芝,稍重,13,58.3,427.1,0.3,38.0,2.0,4.0,0.5,,0.5,0.28,1
R20230727_0389,2023-07-27,Horse_0863,Horse_0863,Jockey_060,5,牝,2000,芝,稍重,10,52.1,465.3,-0.6,22.0,1.0,5.667,0.5,0.0,1.0,0.1,7
R20230727_0389,2023-07-27,Horse_0364,Horse_0364,Jockey_080,6,牡,2000,芝,稍重,1,53.5,434.6,-7.5,60.0,1.0,6.333,0.2,0.333,1.0,0.2,2
R20230727_0389,2023-07-27,Horse_0137,Horse_0137,Jockey_068,7,牡,2000,芝,稍重,4,52.9,428.8,9.5,40.0,1.0,7.333,0.2,0.0,0.0,0.3,10
R20230727_0389,2023-07-27,Horse_0104,Horse_0104,Jockey_074,6,牡,2000,芝,稍重,12,54.1,466.3,-8.8,100.0,2.0,11.667,0.0,,0.0,0.24,11
R20230727_0389,2023-07-27,Horse_0050,Horse_0050,Jockey_027,8,牝,2000,芝,稍重,3,54.7,465.2,-0.1,40.0,3.0,12.0,0.0,0.0,0.0,0.224,9
R20230727_0389,2023-07-27,Horse_0435,Horse_0435,Jockey_008,5,牝,2000,芝,稍重,6,54.2,484.2,6.6,103.0,3.0,5.333,0.0,0.0,0.0,0.14,6
R20230727_0389,2023-07-27,Horse_0764,Horse_0764,Jockey_015,5,牝,2000,芝,稍重,8,54.1,442.7,13.9,215.0,0.0,8.0,0.2,1.0,0.4,0.12,8
R20230727_0389,2023-07-27,Horse_0308,Horse_0308,Jockey_066,9,牡,2000,芝,稍重,11,54.6,457.9,1.4,69.0,1.0,6.667,0.0,0.0,0.0,0.22,4
R20230727_0389,2023-07-27,Horse_0262,Horse_0262,Jockey_046,8,牡,2000,芝,稍重,9,54.2,523.5,11.1,149.0,1.0,9.333,0.0,0.0,0.0,0.22,14
R20230727_0389,2023-07-27,Horse_0451,Horse_0451,Jockey_035,4,牡,2000,芝,稍重,5,54.8,412.5,-19.1,82.0,2.0,4.333,0.2,0.0,0.25,0.306,5
R20230729_0390,2023-07-29,Horse_0870,Horse_0870,Jockey_028,4,せん,1600,芝,良,1,57.7,524.2,12.6,167.0,1.0,12.0,0.0,0.0,0.0,0.3,6
R20230729_0390,2023-07-29,Horse_0808,Horse_0808,Jockey_025,7,せん,1600,芝,良,4,55.1,450.8,-5.0,82.0,1.0,8.667,0.0,0.0,0.0,0.38,1
R20230729_0390,2023-07-29,Horse_0446,Horse_0446,Jockey_069,4,牡,1600,芝,良,2,54.6,450.0,10.6,587.0,0.0,10.667,0.0,0.0,0.0,0.32,9
R20230729_0390,2023-07-29,Horse_0064,Horse_0064,Jockey_029,6,せん,1600,芝,良,7,54.3,436.4,-1.8,70.0,2.0,6.667,0.4,1.0,0.4,0.24,2
R20230729_0390,2023-07-29,Horse_0358,Horse_0358,Jockey_078,6,牝,1600,芝,良,9,53.2,479.3,9.9,299.0,0.0,12.333,0.0,0.0,0.0,0.22,8
R20230729_0390,2023-07-29,Horse_0125,Horse_0125,Jockey_024,2,牡,1600,芝,良,6,53.5,506.7,-1.8,65.0,1.0,1.0,1.0,1.0,1.0,0.14,3
R20230729_0390,2023-07-29,Horse_0422,Horse_0422,Jockey_056,7,牝,1600,芝,良,8,54.5,488.0,-11.6,154.0,1.0,4.667,0.2,0.0,0.25,0.28,5
R20230729_0390,2023-07-29,Horse_0571,Horse_0571,Jockey_019,8,せん,1600,芝,良,3,54.6,449.1,-9.8,24.0,1.0,8.667,0.0,,0.0,0.2,7
R20230729_0390,2023-07-29,Horse_0047,Horse_0047,Jockey_022,3,牡,1600,芝,良,5,55.0,484.1,5.2,98.0,1.0,4.333,0.333,,0.333,0.14,4
R20230801_0391,2023-08-01,Horse_0612,Horse_0612,Jockey_035,5,牡,2400,芝,重,15,55.4,510.2,-10.9,158.0,1.0,10.333,0.0,,0.0,0.3,12
R20230801_0391,2023-08-01,Horse_0043,Horse_0043,Jockey_058,6,牡,2400,芝,重,7,53.8,503.4,2.4,24.0,2.0,11.0,0.0,,0.0,0.36,11
R20230801_0391,2023-08-01,Horse_0014,Horse_0014,Jockey_067,2,牡,2400,芝,重,9,53.7,421.4,1.3,45.0,3.0,6.0,0.333,,1.0,0.24,8
R20230801_0391,2023-08-01,Horse_0896,Horse_0896,Jockey_011,8,牝,2400,芝,重,12,51.0,465.4,-9.6,73.0,1.0,10.333,0.0,,0.0,0.18,9
R20230801_0391,2023-08-01,Horse_0355,Horse_0355,Jockey_040,4,牡,2400,芝,重,11,55.4,459.7,-3.4,157.0,1.0,7.0,0.4,,0.143,0.3,5
R20230801_0391,2023-08-01,Horse_0012,Horse_0012,Jockey_014,3,牡,2400,芝,重,10,54.1,459.1,4.2,39.0,1.0,3.0,0.667,0.0,,0.16,2
R20230801_0391,2023-08-01,Horse_0408,Horse_0408,Jockey_029,2,牡,2400,芝,重,14,55.2,458.4,0.7,22.0,3.0,3.0,1.0,,1.0,0.24,6
R20230801_0391,2023-08-01,Horse_0811,Horse_0811,Jockey_023,4,牝,2400,芝,重,6,52.8,467.7,6.0,137.0,1.0,10.0,0.0,,0.0,0.143,13
R20230801_0391,2023-08-01,Horse_0110,Horse_0110,Jockey_002,5,牡,2400,芝,重,8,54.4,488.8,10.2,49.0,2.0,2.667,0.6,1.0,0.6,0.32,3
R20230801_0391,2023-08-01,Horse_0522,Horse_0522,Jockey_074,8,牝,2400,芝,重,4,53.7,458.8,-14.7,270.0,0.0,11.5,0.0,,,0.24,14
R20230801_0391,2023-08-01,Horse_0847,Horse_0847,Jockey_071,3,牡,2400,芝,重,1,54.5,489.3,7.1,576.0,0.0,5.0,0.0,,0.0,0.26,15
R20230801_0391,2023-08-01,Horse_0123,Horse_0123,Jockey_057,7,牝,2400,芝,重,16,52.9,537.0,-10.5,129.0,1.0,1.0,0.8,,0.667,0.48,1
R20230801_0391,2023-08-01,Horse_0081,Horse_0081,Jockey_064,2,牡,2400,芝,重,5,55.1,427.6,-4.8,101.0,2.0,9.0,0.0,,0.0,0.2,10
R20230801_0391,2023-08-01,Horse_0041,Horse_0041,Jockey_018,6,牡,2400,芝,重,2,56.1,511.2,5.6,151.0,1.0,4.0,0.2,,0.0,0.5,4
R20230801_0391,2023-08-01,Horse_0346,Horse_0346,Jockey_073,3,牡,2400,芝,重,3,54.4,450.7,7.9,562.0,0.0,5.0,0.0,,,0.24,16
R20230801_0391,2023-08-01,Horse_0399,Horse_0399,Jockey_015,8,牡,2400,芝,重,13,54.7,471.0,11.3,98.0,1.0,6.667,0.0,,0.0,0.12,7
R20230804_0392,2023-08-04,Horse_0794,Horse_0794,Jockey_010,2,牡,1200,芝,稍重,14,54.5,415.8,-2.1,104.0,2.0,6.0,0.0,,0.0,0.34,8
R20230804_0392,2023-08-04,Horse_0280,Horse_0280,Jockey_077,8,せん,1200,芝,稍重,10,54.5,470.1,2.3,270.0,0.0,6.333,0.333,,0.0,0.06,12
R20230804_0392,2023-08-04,Horse_0114,Horse_0114,Jockey_073,4,牡,1200,芝,稍重,1,56.1,457.1,-8.7,58.0,1.0,3.333,0.8,1.0,1.0,0.24,1
R20230804_0392,2023-08-04,Horse_0186,Horse_0186,Jockey_051,7,せん,1200,芝,稍重,3,54.9,445.4,14.5,291.0,0.0,7.333,0.25,1.0,0.5,0.32,14
R20230804_0392,2023-08-04,Horse_0720,Horse_0720,Jockey_041,9,牝,1200,芝,稍重,7,56.0,418.7,2.9,184.0,0.0,5.667,0.4,1.0,0.429,0.26,11
R20230804_0392,2023-08-04,Horse_0602,Horse_0602,Jockey_032,9,せん,1200,芝,稍重,12,54.7,503.9,3.0,27.0,2.0,2.333,0.6,,0.5,0.26,3
R20230804_0392,2023-08-04,Horse_0352,Horse_0352,Jockey_042,5,牝,1200,芝,稍重,5,56.3,473.3,6.4,237.0,0.0,5.0,0.5,,0.5,0.28,6
R20230804_0392,2023-08-04,Horse_0604,Horse_0604,Jockey_008,9,牡,1200,芝,稍重,9,56.0,492.0,-0.3,35.0,2.0,6.0,0.0,0.0,0.167,0.14,9
R20230804_0392,2023-08-04,Horse_0889,Horse_0889,Jockey_031,8,牡,1200,芝,稍重,2,55.2,509.8,-0.1,233.0,0.0,5.333,0.0,,0.0,0.28,13
R20230804_0392,2023-08-04,Horse_0542,Horse_0542,Jockey_060,4,せん,1200,芝,稍重,8,55.5,428.4,-7.1,724.0,0.0,12.0,0.0,0.0,0.0,0.1,15
R20230804_0392,2023-08-04,Horse_0196,Horse_0196,Jockey_040,7,牝,1200,芝,稍重,6,53.3,505.6,3.3,219.0,0.0,7.0,0.2,0.0,0.2,0.3,10
R20230804_0392,2023-08-04,Horse_0789,Horse_0789,Jockey_045,6,牡,1200,芝,稍重,4,54.4,482.2,-9.6,381.0,0.0,3.667,0.25,,0.25,0.3,4
R20230804_0392,2023-08-04,Horse_0568,Horse_0568,Jockey_036,7,牝,1200,芝,稍重,11,53.6,524.0,6.1,135.0,1.0,8.0,0.0,0.0,0.0,0.34,2
R20230804_0392,2023-08-04,Horse_0395,Horse_0395,Jockey_048,3,牡,1200,芝,稍重,13,53.1,440.1,6.6,34.0,2.0,9.0,0.333,,0.0,0.22,5
R20230804_0392,2023-08-04,Horse_0540,Horse_0540,Jockey_009,4,牡,1200,芝,稍重,15,53.2,465.6,-5.5,353.0,0.0,5.0,0.5,,1.0,0.26,7
R20230808_0393,2023-08-08,Horse_0872,Horse_0872,Jockey_025,9,牝,2000,ダート,良,2,52.7,465.6,2.3,772.0,0.0,2.5,1.0,,,0.4,7
R20230808_0393,2023-08-08,Horse_0430,Horse_0430,Jockey_033,8,牝,2000,ダート,良,7,53.0,452.2,-12.2,59.0,1.0,6.333,0.2,0.5,0.0,0.364,1
R20230808_0393,2023-08-08,Horse_0684,Horse_0684,Jockey_039,6,牝,2000,ダート,良,5,54.6,440.9,22.5,248.0,0.0,12.0,0.0,0.0,0.0,0.24,8
R20230808_0393,2023-08-08,Horse_0224,Horse_0224,Jockey_035,3,牝,2000,ダート,良,4,56.1,446.0,5.1,112.0,1.0,9.0,0.0,,0.0,0.3,3
R20230808_0393,2023-08-08,Horse_0397,Horse_0397,Jockey_013,7,牝,2000,ダート,良,3,54.2,437.2,2.5,174.0,1.0,10.0,0.0,0.0,,0.18,4
R20230808_0393,2023-08-08,Horse_0828,Horse_0828,Jockey_055,8,牡,2000,ダート,良,8,56.5,502.7,-3.8,188.0,0.0,3.667,0.2,1.0,0.0,0.26,2
R20230808_0393,2023-08-08,Horse_0634,Horse_0634,Jockey_006,3,牝,2000,ダート,良,6,56.0,483.9,1.7,417.0,0.0,5.0,0.0,0.0,,0.24,6
R20230808_0393,2023-08-08,Horse_0144,Horse_0144,Jockey_009,4,牡,2000,ダート,良,1,54.5,474.7,17.9,81.0,2.0,7.0,0.0,0.0,0.0,0.24,5
R20230811_0394,2023-08-11,Horse_0733,Horse_0733,Jockey_014,9,牝,1800,芝,良,5,54.2,476.5,5.9,131.0,2.0,9.667,0.0,,0.0,0.18,7
R20230811_0394,2023-08-11,Horse_0863,Horse_0863,Jockey_073,5,牝,1800,芝,良,1,53.0,465.6,0.3,15.0,2.0,7.0,0.4,1.0,0.5,0.26,1
R20230811_0394,2023-08-11,Horse_0380,Horse_0380,Jockey_029,7,牡,1800,芝,良,7,55.6,493.9,1.8,16.0,2.0,8.333,0.0,,0.0,0.22,6
R20230811_0394,2023-08-11,Horse_0235,Horse_0235,Jockey_040,6,せん,1800,芝,良,4,55.6,517.2,3.9,300.0,0.0,3.333,0.6,,0.286,0.3,5
R20230811_0394,2023-08-11,Horse_0756,Horse_0756,Jockey_060,6,牝,1800,芝,良,6,53.7,469.3,-0.0,476.0,0.0,1.667,0.6,1.0,0.5,0.1,8
R20230811_0394,2023-08-11,Horse_0567,Horse_0567,Jockey_023,2,牡,1800,芝,良,2,55.6,451.5,,,0.0,,,,,0.14,4
R20230811_0394,2023-08-11,Horse_0287,Horse_0287,Jockey_063,7,牡,1800,芝,良,8,53.4,460.1,-3.4,32.0,1.0,9.333,0.2,0.0,0.333,0.24,2
R20230811_0394,2023-08-11,Horse_0126,Horse_0126,Jockey_038,8,牝,1800,芝,良,3,56.6,491.5,16.7,148.0,2.0,6.0,0.4,,0.6,0.18,3
R20230812_0395,2023-08-12,Horse_0761,Horse_0761,Jockey_045,6,牡,1400,芝,良,6,56.8,508.4,0.0,104.0,1.0,4.667,0.8,,0.0,0.3,13
R20230812_0395,2023-08-12,Horse_0501,Horse_0501,Jockey_030,4,牝,1400,芝,良,4,53.8,453.6,2.5,71.0,3.0,5.333,0.4,0.0,0.143,0.16,5
R20230812_0395,2023-08-12,Horse_0371,Horse_0371,Jockey_018,2,牡,1400,芝,良,16,55.9,447.6,-2.2,17.0,2.0,4.5,0.5,,0.0,0.5,2
R20230812_0395,2023-08-12,Horse_0087,Horse_0087,Jockey_055,9,牝,1400,芝,良,3,54.8,412.1,-0.4,471.0,0.0,4.0,0.8,1.0,1.0,0.26,11
R20230812_0395,2023-08-12,Horse_0886,Horse_0886,Jockey_036,3,牝,1400,芝,良,5,56.8,451.5,3.3,91.0,2.0,2.667,0.8,0.5,0.833,0.36,1
R20230812_0395,2023-08-12,Horse_0068,Horse_0068,Jockey_017,4,牡,1400,芝,良,14,54.0,514.7,-1.4,56.0,2.0,2.0,0.6,,0.333,0.426,4
R20230812_0395,2023-08-12,Horse_0184,Horse_0184,Jockey_028,9,牝,1400,芝,良,10,55.4,474.3,5.3,60.0,2.0,3.667,0.4,0.0,0.333,0.3,3
R20230812_0395,2023-08-12,Horse_0782,Horse_0782,Jockey_043,2,牡,1400,芝,良,8,56.6,476.9,10.8,98.0,1.0,2.0,1.0,,1.0,0.18,8
R20230812_0395,2023-08-12,Horse_0558,Horse_0558,Jockey_033,8,牡,1400,芝,良,1,54.3,453.5,-7.7,272.0,0.0,5.0,0.4,,0.5,0.378,7
R20230812_0395,2023-08-12,Horse_0801,Horse_0801,Jockey_007,8,牝,1400,芝,良,2,56.5,484.2,-7.6,130.0,1.0,6.0,0.2,0.5,0.333,0.16,15
R20230812_0395,2023-08-12,Horse_0514,Horse_0514,Jockey_041,8,牝,1400,芝,良,12,54.5,486.0,-17.4,364.0,0.0,9.333,0.2,0.0,0.2,0.26,10
R20230812_0395,2023-08-12,Horse_0310,Horse_0310,Jockey_012,3,牝,1400,芝,良,11,53.8,491.1,4.6,79.0,1.0,9.0,0.0,,0.0,0.2,14
R20230812_0395,2023-08-12,Horse_0348,Horse_0348,Jockey_025,5,牝,1400,芝,良,9,52.6,456.4,-6.3,31.0,2.0,7.667,0.4,0.0,0.0,0.38,6
R20230812_0395,2023-08-12,Horse_0466,Horse_0466,Jockey_052,7,牡,1400,芝,良,13,54.0,493.6,-6.1,622.0,0.0,6.5,0.5,,1.0,0.26,16
R20230812_0395,2023-08-12,Horse_0802,Horse_0802,Jockey_023,9,牡,1400,芝,良,15,54.5,515.0,-8.3,35.0,4.0,2.667,0.4,0.667,0.4,0.14,9
R20230812_0395,2023-08-12,Horse_0792,Horse_0792,Jockey_063,2,牝,1400,芝,良,7,55.7,466.8,5.1,130.0,1.0,5.0,0.333,0.0,0.333,0.26,12
R20230815_0396,2023-08-15,Horse_0282,Horse_0282,Jockey_038,7,牡,2000,芝,重,4,57.6,437.4,0.1,66.0,2.0,6.667,0.0,0.0,0.0,0.18,5
R20230815_0396,2023-08-15,Horse_0343,Horse_0343,Jockey_012,7,牡,2000,芝,重,7,55.1,469.5,7.2,334.0,0.0,2.0,0.8,1.0,0.667,0.2,6
R20230815_0396,2023-08-15,Horse_0160,Horse_0160,Jockey_051,3,牝,2000,芝,重,5,55.0,442.6,-4.4,69.0,2.0,10.0,0.0,0.0,0.0,0.32,3
R20230815_0396,2023-08-15,Horse_0819,Horse_0819,Jockey_043,9,牝,2000,芝,重,8,52.2,430.9,-0.0,184.0,0.0,3.667,0.6,0.0,0.625,0.18,10
R20230815_0396,2023-08-15,Horse_0217,Horse_0217,Jockey_045,2,牡,2000,芝,重,1,56.0,474.7,-3.7,152.0,1.0,7.0,0.0,0.0,0.0,0.28,8
R20230815_0396,2023-08-15,Horse_0454,Horse_0454,Jockey_052,6,牡,2000,芝,重,2,56.2,460.2,0.0,319.0,0.0,4.667,0.0,,0.0,0.24,9
R20230815_0396,2023-08-15,Horse_0489,Horse_0489,Jockey_053,4,牡,2000,芝,重,12,55.9,496.6,5.0,66.0,1.0,7.667,0.2,1.0,0.0,0.12,2
R20230815_0396,2023-08-15,Horse_0667,Horse_0667,Jockey_011,6,牡,2000,芝,重,6,54.8,471.1,-1.8,168.0,1.0,5.333,0.6,,0.4,0.18,7
R20230815_0396,2023-08-15,Horse_0190,Horse_0190,Jockey_048,6,牡,2000,芝,重,11,52.4,480.5,2.4,221.0,0.0,12.667,0.0,0.0,0.0,0.22,12
R20230815_0396,2023-08-15,Horse_0846,Horse_0846,Jockey_008,4,牝,2000,芝,重,3,56.9,456.1,1.0,302.0,0.0,4.333,0.4,1.0,0.6,0.12,4
R20230815_0396,2023-08-15,Horse_0314,Horse_0314,Jockey_030,5,牝,2000,芝,重,13,53.9,475.1,17.7,349.0,0.0,8.0,0.0,0.0,0.0,0.16,13
R20230815_0396,2023-08-15,Horse_0837,Horse_0837,Jockey_076,9,牡,2000,芝,重,10,54.7,473.1,4.0,119.0,2.0,5.667,0.2,0.0,0.0,0.28,1
R20230815_0396,2023-08-15,Horse_0246,Horse_0246,Jockey_013,5,牡,2000,芝,重,9,54.1,475.6,2.3,523.0,0.0,2.5,1.0,1.0,1.0,0.18,11
R20230816_0397,2023-08-16,Horse_0502,Horse_0502,Jockey_015,7,牝,2000,芝,稍重,9,54.1,490.8,4.0,253.0,0.0,10.667,0.0,,0.0,0.12,13
R20230816_0397,2023-08-16,Horse_0869,Horse_0869,Jockey_045,6,牝,2000,芝,稍重,8,53.8,458.6,-8.2,128.0,2.0,5.333,0.0,0.0,0.0,0.28,9
R20230816_0397,2023-08-16,Horse_0601,Horse_0601,Jockey_067,8,牡,2000,芝,稍重,14,54.2,491.5,17.7,42.0,3.0,6.0,0.0,0.0,0.0,0.22,11
R20230816_0397,2023-08-16,Horse_0593,Horse_0593,Jockey_078,5,牝,2000,芝,稍重,4,52.8,473.0,5.0,162.0,1.0,10.333,0.0,0.0,0.0,0.22,3
R20230816_0397,2023-08-16,Horse_0025,Horse_0025,Jockey_028,2,牝,2000,芝,稍重,12,55.7,477.3,,,0.0,,,,,0.32,5
R20230816_0397,2023-08-16,Horse_0716,Horse_0716,Jockey_023,3,牝,2000,芝,稍重,10,53.0,391.3,-0.7,105.0,1.0,6.667,0.5,,0.5,0.14,7
R20230816_0397,2023-08-16,Horse_0065,Horse_0065,Jockey_024,7,牡,2000,芝,稍重,1,55.0,462.1,-5.1,447.0,0.0,3.0,1.0,,1.0,0.16,14
R20230816_0397,2023-08-16,Horse_0267,Horse_0267,Jockey_032,8,牡,2000,芝,稍重,11,54.6,424.3,2.2,97.0,4.0,2.333,0.8,0.75,1.0,0.28,2
R20230816_0397,2023-08-16,Horse_0600,Horse_0600,Jockey_060,4,牝,2000,芝,稍重,13,55.1,511.0,-1.7,37.0,3.0,5.333,0.2,1.0,0.5,0.1,1
R20230816_0397,2023-08-16,Horse_0652,Horse_0652,Jockey_043,7,牡,2000,芝,稍重,5,56.9,489.3,-11.2,76.0,1.0,5.0,0.25,1.0,0.5,0.18,6
R20230816_0397,2023-08-16,Horse_0715,Horse_0715,Jockey_013,4,牝,2000,芝,稍重,3,54.6,527.6,-14.8,143.0,1.0,4.0,0.6,0.0,0.143,0.18,10
R20230816_0397,2023-08-16,Horse_0298,Horse_0298,Jockey_056,5,牡,2000,芝,稍重,6,56.9,518.2,-5.2,170.0,1.0,4.0,0.2,,0.25,0.28,12
R20230816_0397,2023-08-16,Horse_0274,Horse_0274,Jockey_041,2,牡,2000,芝,稍重,7,54.9,465.4,-2.2,58.0,1.0,3.333,0.333,,0.333,0.24,4
R20230816_0397,2023-08-16,Horse_0638,Horse_0638,Jockey_075,6,せん,2000,芝,稍重,2,55.0,434.7,-9.9,75.0,2.0,8.333,0.0,,0.0,0.26,8
R20230817_0398,2023-08-17,Horse_0630,Horse_0630,Jockey_064,5,牡,1600,芝,良,1,55.6,431.6,-4.2,200.0,0.0,5.667,0.0,0.0,0.2,0.2,13
R20230817_0398,2023-08-17,Horse_0407,Horse_0407,Jockey_070,7,牝,1600,芝,良,13,53.5,449.9,-4.0,177.0,1.0,5.333,0.2,0.0,0.0,0.22,9
R20230817_0398,2023-08-17,Horse_0358,Horse_0358,Jockey_059,6,牝,1600,芝,良,12,53.9,481.8,2.5,19.0,1.0,10.0,0.0,0.0,0.0,0.38,7
R20230817_0398,2023-08-17,Horse_0328,Horse_0328,Jockey_066,6,牡,1600,芝,良,11,56.5,515.0,-6.4,101.0,3.0,2.333,0.4,,0.0,0.22,5
R20230817_0398,2023-08-17,Horse_0499,Horse_0499,Jockey_033,4,牝,1600,芝,良,3,53.0,478.5,-15.3,68.0,1.0,8.333,0.0,0.0,0.0,0.37,4
R20230817_0398,2023-08-17,Horse_0299,Horse_0299,Jockey_005,6,牡,1600,芝,良,5,55.1,418.9,15.9,167.0,1.0,12.333,0.0,0.0,,0.46,10
R20230817_0398,2023-08-17,Horse_0810,Horse_0810,Jockey_017,6,牝,1600,芝,良,7,54.3,443.1,11.4,73.0,1.0,5.0,0.0,1.0,0.0,0.417,8
R20230817_0398,2023-08-17,Horse_0239,Horse_0239,Jockey_045,6,牡,1600,芝,良,9,56.0,474.9,4.9,159.0,1.0,10.667,0.0,0.0,0.0,0.28,12
R20230817_0398,2023-08-17,Horse_0892,Horse_0892,Jockey_032,9,牡,1600,芝,良,14,57.1,468.7,9.5,204.0,0.0,13.0,0.0,0.0,0.0,0.3,14
R20230817_0398,2023-08-17,Horse_0229,Horse_0229,Jockey_051,3,牡,1600,芝,良,6,55.1,517.2,-8.6,128.0,1.0,1.0,1.0,,1.0,0.34,1
R20230817_0398,2023-08-17,Horse_0293,Horse_0293,Jockey_053,4,牝,1600,芝,良,2,54.7,501.5,2.9,43.0,1.0,4.0,0.8,1.0,1.0,0.14,2
R20230817_0398,2023-08-17,Horse_0038,Horse_0038,Jockey_042,7,牡,1600,芝,良,10,53.4,489.9,-1.7,187.0,0.0,9.333,0.2,0.0,0.2,0.28,11
R20230817_0398,2023-08-17,Horse_0022,Horse_0022,Jockey_016,6,牝,1600,芝,良,4,55.1,454.2,5.2,83.0,1.0,5.667,0.2,,0.25,0.245,3
R20230817_0398,2023-08-17,Horse_0626,Horse_0626,Jockey_025,5,せん,1600,芝,良,8,56.5,433.1,-10.8,230.0,0.0,4.333,0.8,1.0,0.8,0.36,6
R20230820_0399,2023-08-20,Horse_0218,Horse_0218,Jockey_074,9,牝,1200,芝,良,10,54.5,482.3,12.5,184.0,0.0,10.0,0.0,,0.0,0.22,15
R20230820_0399,2023-08-20,Horse_0450,Horse_0450,Jockey_003,4,牝,1200,芝,良,16,56.5,511.6,4.3,120.0,1.0,3.333,0.4,0.0,0.4,0.22,4
R20230820_0399,2023-08-20,Horse_0035,Horse_0035,Jockey_057,2,牡,1200,芝,良,1,56.3,422.1,-0.6,189.0,0.0,3.5,0.5,1.0,0.0,0.48,1
R20230820_0399,2023-08-20,Horse_0339,Horse_0339,Jockey_058,9,牡,1200,芝,良,15,55.0,457.1,-9.2,27.0,2.0,7.0,0.4,0.25,0.125,0.34,9
R20230820_0399,2023-08-20,Horse_0312,Horse_0312,Jockey_007,2,牝,1200,芝,良,6,54.7,465.4,,,0.0,,,,,0.16,7
R20230820_0399,2023-08-20,Horse_0377,Horse_0377,Jockey_065,9,牡,1200,芝,良,4,56.5,436.8,3.9,299.0,0.0,9.667,0.0,0.0,0.0,0.318,11
R20230820_0399,2023-08-20,Horse_0359,Horse_0359,Jockey_047,6,牝,1200,芝,良,9,54.8,494.4,-0.1,148.0,1.0,6.0,0.2,0.0,0.25,0.24,6
R20230820_0399,2023-08-20,Horse_0699,Horse_0699,Jockey_015,6,牝,1200,芝,良,3,53.8,484.8,2.5,577.0,0.0,6.667,0.4,,1.0,0.12,16
R20230820_0399,2023-08-20,Horse_0063,Horse_0063,Jockey_044,9,牝,1200,芝,良,7,53.5,508.7,3.6,224.0,0.0,4.667,0.25,1.0,0.0,0.326,13
R20230820_0399,2023-08-20,Horse_0119,Horse_0119,Jockey_008,6,牝,1200,芝,良,8,53.0,398.7,-0.1,157.0,1.0,5.0,0.2,,0.5,0.12,8
R20230820_0399,2023-08-20,Horse_0820,Horse_0820,Jockey_013,6,牝,1200,芝,良,5,54.3,506.5,-4.2,50.0,2.0,9.0,0.0,,0.0,0.18,14
R20230820_0399,2023-08-20,Horse_0220,Horse_0220,Jockey_033,8,牝,1200,芝,良,14,53.2,517.1,-7.6,184.0,0.0,7.667,0.0,0.0,0.0,0.362,12
R20230820_0399,2023-08-20,Horse_0382,Horse_0382,Jockey_011,9,牡,1200,芝,良,11,54.9,480.9,1.6,86.0,1.0,9.333,0.2,0.0,0.167,0.18,5
R20230820_0399,2023-08-20,Horse_0231,Horse_0231,Jockey_026,8,牝,1200,芝,良,13,54.7,490.6,1.1,79.0,2.0,4.0,0.6,,0.8,0.3,2
R20230820_0399,2023-08-20,Horse_0079,Horse_0079,Jockey_032,6,牡,1200,芝,良,12,52.4,471.6,-8.0,80.0,2.0,5.667,0.0,0.0,0.25,0.3,3
R20230820_0399,2023-08-20,Horse_0436,Horse_0436,Jockey_018,3,牡,1200,芝,良,2,55.8,486.7,-9.5,258.0,0.0,6.667,0.0,0.0,0.0,0.5,10
R20230821_0400,2023-08-21,Horse_0272,Horse_0272,Jockey_021,3,牡,2000,芝,良,13,56.0,473.7,8.1,26.0,2.0,4.333,0.4,0.0,0.0,0.22,5
R20230821_0400,2023-08-21,Horse_0519,Horse_0519,Jockey_042,2,牝,2000,芝,良,14,52.2,433.2,6.4,32.0,1.0,11.0,0.0,,0.0,0.28,14
R20230821_0400,2023-08-21,Horse_0706,Horse_0706,Jockey_024,3,牝,2000,芝,良,12,53.8,466.2,3.0,75.0,1.0,2.667,0.5,1.0,0.5,0.16,4
R20230821_0400,2023-08-21,Horse_0476,Horse_0476,Jockey_066,3,牡,2000,芝,良,16,54.6,455.8,4.6,72.0,2.0,8.0,0.0,,,0.22,13
R20230821_0400,2023-08-21,Horse_0860,Horse_0860,Jockey_031,7,牡,2000,芝,良,11,56.8,540.2,8.0,69.0,2.0,6.667,0.4,1.0,0.4,0.28,2
R20230821_0400,2023-08-21,Horse_0728,Horse_0728,Jockey_027,3,牡,2000,芝,良,3,54.1,490.9,-0.7,157.0,1.0,6.333,0.333,,0.333,0.22,6
R20230821_0400,2023-08-21,Horse_0791,Horse_0791,Jockey_014,6,牡,2000,芝,良,5,54.9,458.7,-0.5,152.0,1.0,7.333,0.4,,1.0,0.18,9
R20230821_0400,2023-08-21,Horse_0524,Horse_0524,Jockey_016,6,牝,2000,芝,良,7,53.6,405.4,-9.3,90.0,1.0,6.0,0.2,0.5,1.0,0.26,1
R20230821_0400,2023-08-21,Horse_0205,Horse_0205,Jockey_022,3,牡,2000,芝,良,8,52.4,413.1,-14.0,276.0,0.0,4.5,0.5,1.0,0.0,0.12,11
R20230821_0400,2023-08-21,Horse_0822,Horse_0822,Jockey_049,9,牡,2000,芝,良,9,54.1,447.0,-3.6,373.0,0.0,10.333,0.2,0.0,0.0,0.24,15
R20230821_0400,2023-08-21,Horse_0478,Horse_0478,Jockey_060,5,牝,2000,芝,良,2,55.8,448.0,2.7,516.0,0.0,7.0,0.0,0.0,0.0,0.12,16
R20230821_0400,2023-08-21,Horse_0121,Horse_0121,Jockey_017,3,牝,2000,芝,良,10,52.2,415.9,-13.4,181.0,0.0,7.667,0.0,,0.0,0.408,7
R20230821_0400,2023-08-21,Horse_0304,Horse_0304,Jockey_032,3,牝,2000,芝,良,15,57.1,456.0,-1.9,75.0,1.0,6.667,0.333,0.0,0.5,0.32,10
R20230821_0400,2023-08-21,Horse_0597,Horse_0597,Jockey_003,5,牝,2000,芝,良,1,54.9,461.9,0.0,40.0,1.0,10.0,0.0,,0.0,0.22,12
R20230821_0400,2023-08-21,Horse_0365,Horse_0365,Jockey_018,7,牡,2000,芝,良,6,53.5,458.3,-11.0,85.0,1.0,9.0,0.0,,0.0,0.5,3
R20230821_0400,2023-08-21,Horse_0731,Horse_0731,Jockey_013,9,せん,2000,芝,良,4,54.6,480.3,9.3,32.0,1.0,5.0,0.4,,0.5,0.18,8
R20230825_0401,2023-08-25,Horse_0852,Horse_0852,Jockey_074,9,牡,1600,芝,良,16,57.5,445.2,6.7,277.0,0.0,7.0,0.0,0.0,0.0,0.2,13
R20230825_0401,2023-08-25,Horse_0003,Horse_0003,Jockey_018,9,牝,1600,芝,良,5,53.9,462.8,8.4,526.0,0.0,8.333,0.2,0.5,0.2,0.52,15
R20230825_0401,2023-08-25,Horse_0565,Horse_0565,Jockey_067,5,牝,1600,芝,良,2,54.0,468.3,-2.0,111.0,1.0,8.333,0.0,0.0,0.0,0.2,8
R20230825_0401,2023-08-25,Horse_0668,Horse_0668,Jockey_064,8,せん,1600,芝,良,12,53.9,479.8,17.1,298.0,0.0,11.0,0.0,,0.333,0.2,12
R20230825_0401,2023-08-25,Horse_0509,Horse_0509,Jockey_072,4,牝,1600,芝,良,6,55.1,488.1,-1.0,189.0,0.0,1.333,1.0,0.0,0.667,0.34,4
R20230825_0401,2023-08-25,Horse_0711,Horse_0711,Jockey_050,6,牝,1600,芝,良,1,54.1,473.8,17.1,145.0,2.0,6.0,0.4,0.333,0.25,0.2,7
R20230825_0401,2023-08-25,Horse_0555,Horse_0555,Jockey_075,6,牡,1600,芝,良,8,55.7,442.5,8.0,391.0,0.0,8.0,0.0,0.0,0.0,0.24,14
R20230825_0401,2023-08-25,Horse_0792,Horse_0792,Jockey_044,2,牝,1600,芝,良,14,54.8,452.9,-13.9,13.0,2.0,6.667,0.25,0.0,0.25,0.319,1
R20230825_0401,2023-08-25,Horse_0881,Horse_0881,Jockey_048,7,牡,1600,芝,良,3,53.7,489.3,0.0,55.0,2.0,10.667,0.0,0.0,0.0,0.22,3
R20230825_0401,2023-08-25,Horse_0434,Horse_0434,Jockey_017,2,牝,1600,芝,良,7,53.5,477.0,-1.7,56.0,1.0,3.0,1.0,1.0,,0.4,11
R20230825_0401,2023-08-25,Horse_0465,Horse_0465,Jockey_016,4,牡,1600,芝,良,4,54.8,489.1,1.4,251.0,0.0,4.0,0.4,,0.0,0.26,9
R20230825_0401,2023-08-25,Horse_0373,Horse_0373,Jockey_026,7,牡,1600,芝,良,11,55.6,469.0,4.1,91.0,2.0,9.333,0.0,0.0,0.0,0.32,6
R20230825_0401,2023-08-25,Horse_0046,Horse_0046,Jockey_053,9,牡,1600,芝,良,10,54.0,497.0,-2.0,33.0,3.0,5.333,0.2,0.0,0.111,0.16,10
R20230825_0401,2023-08-25,Horse_0754,Horse_0754,Jockey_028,7,牡,1600,芝,良,15,54.7,475.6,-2.1,32.0,4.0,7.0,0.0,,0.333,0.32,2
R20230825_0401,2023-08-25,Horse_0032,Horse_0032,Jockey_010,5,牝,1600,芝,良,9,53.7,514.8,-9.6,51.0,1.0,6.333,0.0,0.0,0.0,0.34,5
R20230825_0401,2023-08-25,Horse_0013,Horse_0013,Jockey_069,4,牡,1600,芝,良,13,54.7,449.4,19.8,295.0,0.0,9.667,0.0,,0.0,0.3,16
R20230829_0402,2023-08-29,Horse_0418,Horse_0418,Jockey_047,6,牡,1800,芝,不良,11,53.2,436.8,5.7,133.0,2.0,5.333,0.6,,0.2,0.24,8
R20230829_0402,2023-08-29,Horse_0766,Horse_0766,Jockey_071,7,牝,1800,芝,不良,2,53.1,451.1,11.7,43.0,3.0,5.0,0.4,0.0,0.2,0.24,2
R20230829_0402,2023-08-29,Horse_0016,Horse_0016,Jockey_020,5,牡,1800,芝,不良,10,56.3,427.9,-23.0,133.0,2.0,3.333,0.6,0.0,0.5,0.184,6
R20230829_0402,2023-08-29,Horse_0320,Horse_0320,Jockey_007,8,牡,1800,芝,不良,3,55.2,427.6,-9.1,48.0,1.0,9.667,0.2,,0.333,0.16,1
R20230829_0402,2023-08-29,Horse_0511,Horse_0511,Jockey_038,7,牡,1800,芝,不良,4,57.6,471.0,-6.3,64.0,2.0,9.0,0.0,0.0,0.0,0.18,5
R20230829_0402,2023-08-29,Horse_0528,Horse_0528,Jockey_013,3,牡,1800,芝,不良,9,54.3,430.7,0.1,48.0,2.0,8.0,0.25,,0.333,0.18,7
R20230829_0402,2023-08-29,Horse_0430,Horse_0430,Jockey_017,8,牝,1800,芝,不良,8,56.7,460.8,8.6,21.0,2.0,5.667,0.4,0.0,0.5,0.38,4
R20230829_0402,2023-08-29,Horse_0364,Horse_0364,Jockey_021,6,牡,1800,芝,不良,7,56.3,440.6,6.0,33.0,2.0,6.333,0.4,1.0,1.0,0.22,3
R20230829_0402,2023-08-29,Horse_0615,Horse_0615,Jockey_025,4,牝,1800,芝,不良,6,55.4,523.4,-2.2,67.0,3.0,7.667,0.0,0.0,0.0,0.36,10
R20230829_0402,2023-08-29,Horse_0635,Horse_0635,Jockey_014,4,牡,1800,芝,不良,1,57.7,463.3,-10.1,277.0,0.0,2.333,0.8,1.0,0.75,0.18,9
R20230829_0402,2023-08-29,Horse_0239,Horse_0239,Jockey_048,6,牡,1800,芝,不良,5,54.2,465.6,-9.3,12.0,2.0,11.333,0.0,0.0,0.0,0.24,11
R20230901_0403,2023-09-01,Horse_0216,Horse_0216,Jockey_039,2,せん,1800,芝,良,11,59.0,460.8,,,0.0,,,,,0.24,3
R20230901_0403,2023-09-01,Horse_0091,Horse_0091,Jockey_021,4,牡,1800,芝,良,12,54.8,468.7,11.1,238.0,0.0,7.0,0.4,,0.0,0.24,7
R20230901_0403,2023-09-01,Horse_0454,Horse_0454,Jockey_008,6,牡,1800,芝,良,3,53.5,460.1,-0.1,17.0,1.0,5.667,0.0,0.0,0.0,0.12,5
R20230901_0403,2023-09-01,Horse_0661,Horse_0661,Jockey_043,5,牝,1800,芝,良,9,54.5,523.9,-13.9,211.0,0.0,8.667,0.4,0.0,0.667,0.18,8
R20230901_0403,2023-09-01,Horse_0339,Horse_0339,Jockey_023,9,牡,1800,芝,良,5,53.4,453.4,-3.7,12.0,3.0,5.667,0.2,0.0,0.111,0.14,9
R20230901_0403,2023-09-01,Horse_0230,Horse_0230,Jockey_062,3,牡,1800,芝,良,10,54.9,520.5,6.2,198.0,0.0,4.667,0.333,,0.5,0.24,2
R20230901_0403,2023-09-01,Horse_0898,Horse_0898,Jockey_018,5,牝,1800,芝,良,4,54.3,479.4,0.1,67.0,1.0,11.333,0.0,0.0,0.0,0.5,6
R20230901_0403,2023-09-01,Horse_0301,Horse_0301,Jockey_011,8,牡,1800,芝,良,6,55.7,490.5,11.5,328.0,0.0,6.667,0.2,,0.0,0.18,10
R20230901_0403,2023-09-01,Horse_0466,Horse_0466,Jockey_006,7,牡,1800,芝,良,7,55.7,503.0,9.4,20.0,1.0,9.667,0.333,,0.5,0.24,4
R20230901_0403,2023-09-01,Horse_0629,Horse_0629,Jockey_009,7,牡,1800,芝,良,8,53.7,490.7,-12.4,43.0,2.0,2.333,0.6,1.0,0.167,0.24,1
R20230901_0403,2023-09-01,Horse_0096,Horse_0096,Jockey_046,7,牝,1800,芝,良,2,54.6,487.7,0.2,152.0,2.0,7.0,0.2,,0.5,0.2,11
R20230901_0403,2023-09-01,Horse_0043,Horse_0043,Jockey_068,6,牡,1800,芝,良,1,56.8,511.4,8.0,31.0,3.0,10.333,0.0,,0.0,0.28,12
R20230905_0404,2023-09-05,Horse_0081,Horse_0081,Jockey_010,2,牡,1600,芝,良,8,54.4,442.1,14.5,35.0,2.0,9.333,0.0,,0.0,0.34,2
R20230905_0404,2023-09-05,Horse_0249,Horse_0249,Jockey_072,9,牡,1600,芝,良,7,55.5,461.9,0.1,196.0,0.0,2.333,0.6,0.5,0.333,0.32,5
R20230905_0404,2023-09-05,Horse_0242,Horse_0242,Jockey_077,3,牡,1600,芝,良,4,53.6,537.8,-13.2,215.0,0.0,4.667,0.333,,0.0,0.06,8
R20230905_0404,2023-09-05,Horse_0389,Horse_0389,Jockey_061,3,牡,1600,芝,良,3,56.3,454.9,-0.2,57.0,2.0,9.0,0.25,,0.0,0.42,1
R20230905_0404,2023-09-05,Horse_0294,Horse_0294,Jockey_020,2,牝,1600,芝,良,1,54.2,502.7,-3.9,165.0,1.0,5.0,0.5,1.0,0.5,0.18,6
R20230905_0404,2023-09-05,Horse_0805,Horse_0805,Jockey_045,7,せん,1600,芝,良,9,56.7,497.3,3.1,117.0,1.0,5.333,0.4,0.333,0.2,0.26,3
R20230905_0404,2023-09-05,Horse_0535,Horse_0535,Jockey_028,6,せん,1600,芝,良,6,55.4,498.8,-20.2,194.0,0.0,6.333,0.0,0.0,0.0,0.34,9
R20230905_0404,2023-09-05,Horse_0530,Horse_0530,Jockey_024,2,牡,1600,芝,良,5,54.2,504.7,10.5,147.0,1.0,3.0,1.0,,1.0,0.16,4
R20230905_0404,2023-09-05,Horse_0192,Horse_0192,Jockey_076,8,牝,1600,芝,良,2,54.5,492.2,6.0,100.0,2.0,4.0,0.4,0.5,0.625,0.28,7
R20230907_0405,2023-09-07,Horse_0561,Horse_0561,Jockey_005,8,牝,1400,芝,重,1,54.2,475.8,-2.2,52.0,2.0,10.333,0.0,0.0,0.0,0.46,9
R20230907_0405,2023-09-07,Horse_0413,Horse_0413,Jockey_076,4,牝,1400,芝,重,3,54.5,476.6,26.1,225.0,0.0,8.0,0.0,0.0,0.0,0.28,10
R20230907_0405,2023-09-07,Horse_0900,Horse_0900,Jockey_008,5,牝,1400,芝,重,7,55.7,410.4,-1.0,138.0,1.0,6.333,0.5,0.0,1.0,0.12,8
R20230907_0405,2023-09-07,Horse_0873,Horse_0873,Jockey_071,3,牝,1400,芝,重,5,53.6,498.5,6.7,103.0,1.0,7.0,0.2,0.0,0.25,0.26,4
R20230907_0405,2023-09-07,Horse_0823,Horse_0823,Jockey_058,2,牡,1400,芝,重,6,55.5,455.5,5.3,92.0,1.0,2.0,1.0,,,0.34,5
R20230907_0405,2023-09-07,Horse_0863,Horse_0863,Jockey_056,5,牝,1400,芝,重,10,53.0,450.1,-15.5,27.0,3.0,5.333,0.4,,0.667,0.28,2
R20230907_0405,2023-09-07,Horse_0060,Horse_0060,Jockey_026,3,牡,1400,芝,重,8,55.4,435.6,-7.7,312.0,0.0,6.0,0.0,,,0.3,7
R20230907_0405,2023-09-07,Horse_0329,Horse_0329,Jockey_039,7,牡,1400,芝,重,9,54.2,411.4,-10.7,218.0,0.0,3.0,0.8,1.0,0.8,0.26,6
R20230907_0405,2023-09-07,Horse_0498,Horse_0498,Jockey_014,4,牝,1400,芝,重,4,53.8,447.8,8.2,122.0,1.0,5.667,0.4,0.333,0.0,0.18,3
R20230907_0405,2023-09-07,Horse_0267,Horse_0267,Jockey_002,8,牡,1400,芝,重,2,56.6,414.6,-9.7,22.0,4.0,2.667,0.8,,1.0,0.32,1
R20230911_0406,2023-09-11,Horse_0404,Horse_0404,Jockey_064,4,牡,2400,芝,重,12,56.6,443.5,5.3,107.0,2.0,4.333,0.6,1.0,0.333,0.2,3
R20230911_0406,2023-09-11,Horse_0550,Horse_0550,Jockey_014,7,せん,2400,芝,重,6,56.4,460.0,-8.4,58.0,1.0,9.0,0.0,,0.0,0.2,11
R20230911_0406,2023-09-11,Horse_0801,Horse_0801,Jockey_042,8,牝,2400,芝,重,4,53.9,490.3,6.1,30.0,2.0,9.333,0.2,,0.286,0.26,7
R20230911_0406,2023-09-11,Horse_0169,Horse_0169,Jockey_075,6,牝,2400,芝,重,3,55.4,474.1,7.4,49.0,2.0,6.667,0.2,,0.0,0.24,9
R20230911_0406,2023-09-11,Horse_0701,Horse_0701,Jockey_066,2,牡,2400,芝,重,2,57.6,465.4,10.1,90.0,2.0,3.667,0.667,,0.667,0.22,4
R20230911_0406,2023-09-11,Horse_0078,Horse_0078,Jockey_016,2,牝,2400,芝,重,9,54.5,453.9,-6.1,98.0,1.0,3.0,1.0,1.0,1.0,0.26,2
R20230911_0406,2023-09-11,Horse_0888,Horse_0888,Jockey_041,6,牝,2400,芝,重,1,54.6,452.3,-0.1,174.0,1.0,4.333,0.4,,0.5,0.22,6
R20230911_0406,2023-09-11,Horse_0885,Horse_0885,Jockey_013,2,牡,2400,芝,重,5,55.2,499.3,11.6,156.0,1.0,1.5,1.0,,1.0,0.18,8
R20230911_0406,2023-09-11,Horse_0585,Horse_0585,Jockey_032,5,牡,2400,芝,重,10,56.4,457.5,-3.9,240.0,0.0,7.333,0.333,,0.0,0.32,5
R20230911_0406,2023-09-11,Horse_0231,Horse_0231,Jockey_044,8,牝,2400,芝,重,7,56.8,502.3,11.7,22.0,3.0,2.0,0.8,1.0,0.833,0.333,1
R20230911_0406,2023-09-11,Horse_0813,Horse_0813,Jockey_056,3,牡,2400,芝,重,8,56.0,458.5,4.7,115.0,2.0,9.667,0.0,,0.0,0.28,12
R20230911_0406,2023-09-11,Horse_0295,Horse_0295,Jockey_069,6,牝,2400,芝,重,11,53.9,454.6,-0.2,315.0,0.0,9.0,0.0,,0.25,0.3,10
R20230913_0407,2023-09-13,Horse_0212,Horse_0212,Jockey_006,8,牝,1800,芝,良,7,54.0,465.3,-1.2,116.0,1.0,7.0,0.0,0.0,0.0,0.22,7
R20230913_0407,2023-09-13,Horse_0692,Horse_0692,Jockey_064,4,牡,1800,芝,良,4,56.3,470.1,-3.3,155.0,1.0,10.0,0.0,,0.0,0.2,9
R20230913_0407,2023-09-13,Horse_0623,Horse_0623,Jockey_079,2,牡,1800,芝,良,3,56.9,502.2,6.3,82.0,1.0,6.0,0.5,,,0.14,8
R20230913_0407,2023-09-13,Horse_0261,Horse_0261,Jockey_034,5,牝,1800,芝,良,9,53.0,468.4,1.4,49.0,2.0,2.667,0.4,1.0,0.429,0.18,3
R20230913_0407,2023-09-13,Horse_0483,Horse_0483,Jockey_040,5,牡,1800,芝,良,2,53.2,524.2,7.2,110.0,2.0,6.333,0.2,0.5,0.0,0.28,1
R20230913_0407,2023-09-13,Horse_0482,Horse_0482,Jockey_070,4,牡,1800,芝,良,6,57.0,460.3,-0.7,231.0,0.0,4.667,0.6,0.0,0.0,0.22,6
R20230913_0407,2023-09-13,Horse_0297,Horse_0297,Jockey_073,7,牡,1800,芝,良,5,54.3,427.3,4.2,257.0,0.0,9.333,0.0,,0.0,0.28,5
R20230913_0407,2023-09-13,Horse_0680,Horse_0680,Jockey_053,3,牡,1800,芝,良,8,55.5,474.7,5.5,67.0,1.0,2.0,0.75,,0.0,0.16,2
R20230913_0407,2023-09-13,Horse_0487,Horse_0487,Jockey_045,9,牝,1800,芝,良,1,54.7,527.8,0.5,175.0,1.0,6.0,0.667,0.0,1.0,0.26,4
R20230916_0408,2023-09-16,Horse_0822,Horse_0822,Jockey_021,9,牡,1600,ダート,良,10,54.7,439.5,-7.5,26.0,1.0,13.0,0.0,0.333,0.333,0.24,2
R20230916_0408,2023-09-16,Horse_0544,Horse_0544,Jockey_031,9,牝,1600,ダート,良,8,54.5,504.2,21.7,133.0,1.0,8.667,0.0,0.0,0.0,0.3,10
R20230916_0408,2023-09-16,Horse_0133,Horse_0133,Jockey_010,4,牡,1600,ダート,良,9,56.7,473.3,2.2,219.0,0.0,8.667,0.5,1.0,0.5,0.36,8
R20230916_0408,2023-09-16,Horse_0505,Horse_0505,Jockey_065,6,牡,1600,ダート,良,4,54.1,465.4,-0.6,212.0,0.0,13.0,0.0,,,0.311,9
R20230916_0408,2023-09-16,Horse_0516,Horse_0516,Jockey_011,6,牡,1600,ダート,良,1,57.7,484.0,-8.2,120.0,2.0,4.333,0.8,0.0,0.333,0.18,3
R20230916_0408,2023-09-16,Horse_0144,Horse_0144,Jockey_048,4,牡,1600,ダート,良,6,52.9,475.5,0.8,39.0,3.0,5.667,0.0,0.0,0.0,0.24,6
R20230916_0408,2023-09-16,Horse_0657,Horse_0657,Jockey_079,8,牡,1600,ダート,良,5,56.5,447.5,-4.0,55.0,2.0,7.333,0.2,0.0,0.0,0.14,5
R20230916_0408,2023-09-16,Horse_0729,Horse_0729,Jockey_038,8,せん,1600,ダート,良,2,56.1,479.2,-6.1,326.0,0.0,3.0,0.4,0.2,0.5,0.18,7
R20230916_0408,2023-09-16,Horse_0793,Horse_0793,Jockey_033,2,牡,1600,ダート,良,7,56.7,461.8,-5.6,119.0,2.0,1.5,1.0,1.0,,0.354,4
R20230916_0408,2023-09-16,Horse_0688,Horse_0688,Jockey_036,3,牡,1600,ダート,良,3,55.9,521.3,-11.7,77.0,2.0,2.667,0.4,1.0,0.0,0.38,1
R20230918_0409,2023-09-18,Horse_0145,Horse_0145,Jockey_014,6,牡,1800,芝,稍重,6,54.3,498.0,-3.0,176.0,1.0,4.0,0.4,0.0,0.333,0.2,7
R20230918_0409,2023-09-18,Horse_0185,Horse_0185,Jockey_066,5,せん,1800,芝,稍重,9,56.4,398.4,11.1,115.0,1.0,8.667,0.0,0.0,0.0,0.22,5
R20230918_0409,2023-09-18,Horse_0064,Horse_0064,Jockey_059,6,せん,1800,芝,稍重,7,56.8,436.6,0.2,51.0,3.0,5.333,0.4,0.0,0.5,0.38,1
R20230918_0409,2023-09-18,Horse_0304,Horse_0304,Jockey_057,3,牝,1800,芝,稍重,8,54.3,452.1,-3.9,28.0,2.0,9.333,0.25,,0.333,0.48,3
R20230918_0409,2023-09-18,Horse_0824,Horse_0824,Jockey_025,2,せん,1800,芝,稍重,5,56.0,488.5,-0.9,118.0,1.0,1.0,1.0,,,0.34,2
R20230918_0409,2023-09-18,Horse_0739,Horse_0739,Jockey_019,9,牡,1800,芝,稍重,2,55.9,430.9,6.5,278.0,0.0,4.667,0.2,,0.2,0.2,4
R20230918_0409,2023-09-18,Horse_0323,Horse_0323,Jockey_002,6,牝,1800,芝,稍重,1,54.2,495.8,-0.9,80.0,2.0,4.667,0.4,0.5,0.5,0.32,6
R20230918_0409,2023-09-18,Horse_0406,Horse_0406,Jockey_038,8,せん,1800,芝,稍重,3,54.5,431.2,-4.3,322.0,0.0,10.667,0.0,,0.0,0.18,10
R20230918_0409,2023-09-18,Horse_0108,Horse_0108,Jockey_046,6,牡,1800,芝,稍重,10,52.1,418.3,-9.5,167.0,1.0,9.667,0.2,0.333,0.25,0.2,8
R20230918_0409,2023-09-18,Horse_0417,Horse_0417,Jockey_013,6,牡,1800,芝,稍重,4,53.1,472.9,1.6,297.0,0.0,3.667,0.6,1.0,0.5,0.16,9
R20230922_0410,2023-09-22,Horse_0535,Horse_0535,Jockey_018,6,せん,1200,芝,良,11,54.2,499.8,1.0,17.0,1.0,7.333,0.0,0.0,0.0,0.48,3
R20230922_0410,2023-09-22,Horse_0700,Horse_0700,Jockey_080,3,牡,1200,芝,良,1,55.0,492.0,-14.2,308.0,0.0,4.667,0.25,0.0,0.333,0.22,7
R20230922_0410,2023-09-22,Horse_0651,Horse_0651,Jockey_005,6,牡,1200,芝,良,13,55.4,475.4,-2.0,95.0,2.0,7.333,0.0,,0.111,0.44,6
R20230922_0410,2023-09-22,Horse_0017,Horse_0017,Jockey_006,8,牝,1200,芝,良,9,53.7,479.5,-7.9,243.0,0.0,6.0,0.4,0.667,0.0,0.2,8
R20230922_0410,2023-09-22,Horse_0131,Horse_0131,Jockey_075,8,牝,1200,芝,良,10,54.7,424.0,4.8,91.0,1.0,2.667,0.8,,1.0,0.22,1
R20230922_0410,2023-09-22,Horse_0013,Horse_0013,Jockey_044,4,牡,1200,芝,良,8,53.7,450.3,0.9,28.0,1.0,12.0,0.0,0.0,0.0,0.347,10
R20230922_0410,2023-09-22,Horse_0236,Horse_0236,Jockey_023,5,牝,1200,芝,良,4,53.1,469.1,-12.0,199.0,0.0,10.0,0.0,0.0,0.0,0.14,13
R20230922_0410,2023-09-22,Horse_0253,Horse_0253,Jockey_053,4,せん,1200,芝,良,7,55.5,488.5,3.7,182.0,0.0,14.0,0.0,0.0,0.0,0.18,11
R20230922_0410,2023-09-22,Horse_0384,Horse_0384,Jockey_079,8,牝,1200,芝,良,2,54.7,459.6,-19.3,255.0,0.0,8.0,0.0,,,0.14,9
R20230922_0410,2023-09-22,Horse_0230,Horse_0230,Jockey_050,3,牡,1200,芝,良,6,54.5,510.0,-10.5,21.0,1.0,4.0,0.5,,0.667,0.2,2
R20230922_0410,2023-09-22,Horse_0380,Horse_0380,Jockey_011,7,牡,1200,芝,良,5,56.1,480.0,-13.9,42.0,3.0,8.333,0.0,0.0,0.0,0.2,5
R20230922_0410,2023-09-22,Horse_0583,Horse_0583,Jockey_055,8,せん,1200,芝,良,12,55.3,535.4,4.8,284.0,0.0,8.333,0.0,0.0,0.0,0.24,12
R20230922_0410,2023-09-22,Horse_0779,Horse_0779,Jockey_014,9,牡,1200,芝,良,3,55.4,479.3,3.8,190.0,0.0,4.333,0.2,,0.4,0.2,4
R20230926_0411,2023-09-26,Horse_0714,Horse_0714,Jockey_055,2,牝,1200,芝,良,1,54.9,506.2,-6.8,214.0,0.0,5.0,0.0,,0.0,0.24,11
R20230926_0411,2023-09-26,Horse_0288,Horse_0288,Jockey_051,9,牡,1200,芝,良,2,53.9,469.0,1.0,73.0,2.0,4.0,0.2,0.0,0.333,0.34,4
R20230926_0411,2023-09-26,Horse_0062,Horse_0062,Jockey_059,4,せん,1200,芝,良,13,55.0,480.3,-7.4,92.0,2.0,7.333,0.4,0.0,0.0,0.4,7
R20230926_0411,2023-09-26,Horse_0293,Horse_0293,Jockey_063,4,牝,1200,芝,良,10,53.2,505.9,4.4,40.0,2.0,4.333,0.8,1.0,1.0,0.26,3
R20230926_0411,2023-09-26,Horse_0497,Horse_0497,Jockey_015,4,牡,1200,芝,良,3,53.6,467.2,-2.7,591.0,0.0,9.0,0.0,0.0,0.0,0.12,13
R20230926_0411,2023-09-26,Horse_0274,Horse_0274,Jockey_050,2,牡,1200,芝,良,7,53.9,449.3,-16.1,41.0,2.0,4.333,0.25,,0.25,0.2,8
R20230926_0411,2023-09-26,Horse_0666,Horse_0666,Jockey_034,3,牡,1200,芝,良,14,54.4,492.7,8.5,83.0,1.0,10.333,0.0,,0.0,0.2,5
R20230926_0411,2023-09-26,Horse_0636,Horse_0636,Jockey_040,9,牝,1200,芝,良,5,53.5,515.1,-2.7,123.0,2.0,6.0,0.0,0.0,0.0,0.3,1
R20230926_0411,2023-09-26,Horse_0895,Horse_0895,Jockey_073,8,牝,1200,芝,良,8,54.2,496.5,-3.3,277.0,0.0,10.667,0.2,0.0,0.0,0.28,12
R20230926_0411,2023-09-26,Horse_0111,Horse_0111,Jockey_019,4,牡,1200,芝,良,4,55.7,442.8,-4.6,185.0,0.0,9.333,0.0,0.0,0.0,0.18,9
R20230926_0411,2023-09-26,Horse_0322,Horse_0322,Jockey_025,3,牡,1200,芝,良,11,56.4,524.1,14.4,408.0,0.0,4.5,0.5,,0.5,0.36,10
R20230926_0411,2023-09-26,Horse_0493,Horse_0493,Jockey_032,4,牡,1200,芝,良,12,52.8,505.9,1.9,408.0,0.0,10.667,0.0,0.0,0.0,0.3,14
R20230926_0411,2023-09-26,Horse_0257,Horse_0257,Jockey_022,4,せん,1200,芝,良,9,54.0,454.6,4.5,211.0,0.0,7.333,0.0,0.0,0.0,0.12,6
R20230926_0411,2023-09-26,Horse_0701,Horse_0701,Jockey_038,2,牡,1200,芝,良,6,54.7,455.6,-9.8,15.0,3.0,4.0,0.5,1.0,0.5,0.18,2
R20230929_0412,2023-09-29,Horse_0771,Horse_0771,Jockey_005,8,牡,1600,芝,良,3,54.2,506.9,-0.5,144.0,1.0,6.333,0.5,,0.0,0.42,5
R20230929_0412,2023-09-29,Horse_0002,Horse_0002,Jockey_080,8,牝,1600,芝,良,5,55.8,466.1,0.4,104.0,2.0,3.667,0.4,0.333,0.333,0.2,6
R20230929_0412,2023-09-29,Horse_0422,Horse_0422,Jockey_001,7,牝,1600,芝,良,7,56.7,476.3,-11.7,62.0,1.0,4.667,0.2,0.0,0.222,0.26,2
R20230929_0412,2023-09-29,Horse_0339,Horse_0339,Jockey_075,9,牡,1600,芝,良,4,55.2,468.0,14.6,28.0,4.0,7.0,0.2,0.5,0.1,0.24,7
R20230929_0412,2023-09-29,Horse_0785,Horse_0785,Jockey_063,4,牡,1600,芝,良,1,54.8,484.9,1.3,76.0,1.0,5.333,0.4,0.0,0.333,0.28,4
R20230929_0412,2023-09-29,Horse_0448,Horse_0448,Jockey_004,2,牝,1600,芝,良,6,52.5,548.3,,,0.0,,,,,0.24,1
R20230929_0412,2023-09-29,Horse_0179,Horse_0179,Jockey_077,5,牝,1600,芝,良,2,54.6,450.6,9.7,344.0,0.0,6.333,0.0,0.0,0.0,0.06,8
R20230929_0412,2023-09-29,Horse_0599,Horse_0599,Jockey_037,6,牡,1600,芝,良,8,54.0,464.1,-2.0,132.0,1.0,9.0,0.2,0.333,0.25,0.14,3
R20231001_0413,2023-10-01,Horse_0665,Horse_0665,Jockey_006,7,牝,1800,芝,重,2,51.6,501.4,-15.1,328.0,0.0,9.667,0.0,0.0,0.0,0.2,7
R20231001_0413,2023-10-01,Horse_0556,Horse_0556,Jockey_056,5,せん,1800,芝,重,1,55.1,530.2,10.1,66.0,1.0,11.0,0.0,,0.0,0.26,6
R20231001_0413,2023-10-01,Horse_0170,Horse_0170,Jockey_036,3,牡,1800,芝,重,6,55.8,518.4,-0.3,81.0,3.0,5.0,0.4,,0.0,0.4,5
R20231001_0413,2023-10-01,Horse_0702,Horse_0702,Jockey_033,2,牝,1800,芝,重,5,55.1,482.2,-6.9,148.0,1.0,8.0,0.0,,0.0,0.347,3
R20231001_0413,2023-10-01,Horse_0229,Horse_0229,Jockey_030,3,牡,1800,芝,重,4,54.2,522.8,5.6,45.0,2.0,1.0,1.0,,1.0,0.16,1
R20231001_0413,2023-10-01,Horse_0832,Horse_0832,Jockey_051,8,牡,1800,芝,重,7,54.7,394.0,0.6,154.0,1.0,5.333,0.4,1.0,0.5,0.34,2
R20231001_0413,2023-10-01,Horse_0649,Horse_0649,Jockey_071,6,牝,1800,芝,重,3,52.8,493.9,6.4,113.0,1.0,8.333,0.2,0.0,0.25,0.26,4
R20231001_0413,2023-10-01,Horse_0753,Horse_0753,Jockey_053,3,牡,1800,芝,重,8,54.5,516.6,-17.2,291.0,0.0,6.667,0.2,0.0,0.333,0.18,8
R20231001_0413,2023-10-01,Horse_0182,Horse_0182,Jockey_048,8,牝,1800,芝,重,9,55.9,455.9,-21.0,516.0,0.0,9.667,0.0,0.0,0.0,0.22,9
R20231003_0414,2023-10-03,Horse_0208,Horse_0208,Jockey_030,2,牡,1400,ダート,良,7,55.4,397.5,-12.2,71.0,1.0,1.0,1.0,1.0,1.0,0.18,6
R20231003_0414,2023-10-03,Horse_0349,Horse_0349,Jockey_009,7,牡,1400,ダート,良,11,56.1,506.9,-8.2,95.0,1.0,8.0,0.0,0.0,0.0,0.26,2
R20231003_0414,2023-10-03,Horse_0353,Horse_0353,Jockey_001,3,牝,1400,ダート,良,9,55.6,437.7,6.0,90.0,1.0,6.0,0.0,0.0,0.0,0.28,3
R20231003_0414,2023-10-03,Horse_0510,Horse_0510,Jockey_023,5,牝,1400,ダート,良,10,55.4,453.1,0.2,178.0,1.0,5.667,0.2,0.5,0.333,0.12,11
R20231003_0414,2023-10-03,Horse_0699,Horse_0699,Jockey_033,6,牝,1400,ダート,良,8,55.7,498.1,13.3,44.0,1.0,9.667,0.2,0.0,0.25,0.36,4
R20231003_0414,2023-10-03,Horse_0022,Horse_0022,Jockey_066,6,牝,1400,ダート,良,3,52.2,447.4,-6.8,47.0,2.0,4.333,0.4,1.0,0.0,0.2,1
R20231003_0414,2023-10-03,Horse_0476,Horse_0476,Jockey_027,3,牡,1400,ダート,良,4,55.0,460.6,4.8,43.0,2.0,9.0,0.0,,0.0,0.22,5
R20231003_0414,2023-10-03,Horse_0502,Horse_0502,Jockey_050,7,牝,1400,ダート,良,1,53.3,504.9,14.1,48.0,1.0,11.333,0.0,0.0,0.0,0.2,9
R20231003_0414,2023-10-03,Horse_0592,Horse_0592,Jockey_077,4,牡,1400,ダート,良,5,54.7,528.4,7.7,228.0,0.0,6.667,0.0,0.0,0.333,0.06,8
R20231003_0414,2023-10-03,Horse_0541,Horse_0541,Jockey_008,7,牝,1400,ダート,良,2,55.5,432.4,-6.7,369.0,0.0,7.667,0.0,0.0,0.333,0.12,10
R20231003_0414,2023-10-03,Horse_0595,Horse_0595,Jockey_046,9,牡,1400,ダート,良,6,54.3,423.5,-15.8,87.0,4.0,4.0,0.2,0.0,0.0,0.2,7
R20231005_0415,2023-10-05,Horse_0886,Horse_0886,Jockey_042,3,牝,1800,ダート,良,7,55.7,457.3,5.8,54.0,3.0,2.333,0.8,1.0,0.5,0.26,1
R20231005_0415,2023-10-05,Horse_0547,Horse_0547,Jockey_078,7,牡,1800,ダート,良,8,54.0,455.4,0.6,139.0,1.0,11.333,0.2,0.0,0.0,0.24,6
R20231005_0415,2023-10-05,Horse_0204,Horse_0204,Jockey_002,9,牡,1800,ダート,良,1,54.3,435.5,-6.5,641.0,0.0,4.0,0.8,,1.0,0.32,7
R20231005_0415,2023-10-05,Horse_0496,Horse_0496,Jockey_076,7,牡,1800,ダート,良,2,53.3,435.9,-4.4,82.0,1.0,8.333,0.0,0.0,0.333,0.28,3
R20231005_0415,2023-10-05,Horse_0677,Horse_0677,Jockey_060,9,せん,1800,ダート,良,6,54.2,485.6,-16.3,89.0,3.0,8.0,0.0,,0.0,0.12,8
R20231005_0415,2023-10-05,Horse_0808,Horse_0808,Jockey_040,7,せん,1800,ダート,良,3,57.3,456.2,5.4,68.0,2.0,7.0,0.2,0.0,0.0,0.32,2
R20231005_0415,2023-10-05,Horse_0169,Horse_0169,Jockey_014,6,牝,1800,ダート,良,4,53.7,480.7,6.6,24.0,2.0,6.333,0.2,0.0,0.333,0.2,4
R20231005_0415,2023-10-05,Horse_0080,Horse_0080,Jockey_015,6,牡,1800,ダート,良,5,55.6,465.2,-4.5,101.0,1.0,4.667,0.2,,0.0,0.12,5
R20231008_0416,2023-10-08,Horse_0356,Horse_0356,Jockey_008,4,牝,1800,芝,稍重,7,52.1,450.2,-4.8,309.0,0.0,10.333,0.0,0.0,0.0,0.12,15
R20231008_0416,2023-10-08,Horse_0360,Horse_0360,Jockey_032,7,牝,1800,芝,稍重,10,56.6,440.1,-4.5,206.0,0.0,3.0,0.4,0.333,0.5,0.3,2
R20231008_0416,2023-10-08,Horse_0638,Horse_0638,Jockey_072,6,せん,1800,芝,稍重,15,54.3,451.2,16.5,53.0,3.0,8.333,0.0,0.0,0.0,0.3,8
R20231008_0416,2023-10-08,Horse_0254,Horse_0254,Jockey_064,8,牝,1800,芝,稍重,11,54.4,439.4,-4.6,130.0,1.0,5.667,0.2,1.0,0.2,0.2,5
R20231008_0416,2023-10-08,Horse_0833,Horse_0833,Jockey_031,9,牝,1800,芝,稍重,12,53.9,493.6,3.6,496.0,0.0,12.333,0.0,0.0,0.0,0.28,13
R20231008_0416,2023-10-08,Horse_0370,Horse_0370,Jockey_076,9,牝,1800,芝,稍重,3,53.9,494.9,12.2,185.0,0.0,5.0,0.2,,0.333,0.3,7
R20231008_0416,2023-10-08,Horse_0475,Horse_0475,Jockey_035,9,牡,1800,芝,稍重,14,54.8,459.0,-0.6,293.0,0.0,4.667,0.6,0.0,0.5,0.32,4
R20231008_0416,2023-10-08,Horse_0571,Horse_0571,Jockey_080,8,せん,1800,芝,稍重,1,55.6,452.4,3.3,71.0,2.0,7.667,0.0,0.0,0.0,0.18,14
R20231008_0416,2023-10-08,Horse_0743,Horse_0743,Jockey_077,3,牡,1800,芝,稍重,8,53.7,488.5,6.0,142.0,1.0,9.5,0.0,0.0,0.0,0.06,9
R20231008_0416,2023-10-08,Horse_0166,Horse_0166,Jockey_061,5,せん,1800,芝,稍重,13,55.2,489.6,8.6,282.0,0.0,9.0,0.0,,0.0,0.42,12
R20231008_0416,2023-10-08,Horse_0600,Horse_0600,Jockey_058,4,牝,1800,芝,稍重,4,52.5,506.3,-4.7,53.0,2.0,4.0,0.4,,0.571,0.34,1
R20231008_0416,2023-10-08,Horse_0548,Horse_0548,Jockey_043,7,牡,1800,芝,稍重,5,56.6,464.3,-8.6,201.0,0.0,8.667,0.2,0.0,0.125,0.18,11
R20231008_0416,2023-10-08,Horse_0611,Horse_0611,Jockey_053,5,牡,1800,芝,稍重,6,52.7,430.5,9.2,196.0,0.0,8.333,0.0,0.0,0.0,0.18,10
R20231008_0416,2023-10-08,Horse_0094,Horse_0094,Jockey_046,3,牡,1800,芝,稍重,9,58.2,468.5,-6.7,117.0,2.0,4.333,0.4,1.0,0.5,0.2,6
R20231008_0416,2023-10-08,Horse_0809,Horse_0809,Jockey_023,6,牡,1800,芝,稍重,2,56.5,534.8,-3.3,77.0,1.0,6.0,0.6,,0.8,0.12,3
R20231011_0417,2023-10-11,Horse_0314,Horse_0314,Jockey_024,5,牝,2000,ダート,良,15,51.9,469.4,-5.7,57.0,1.0,11.0,0.0,0.0,0.0,0.16,14
R20231011_0417,2023-10-11,Horse_0366,Horse_0366,Jockey_078,6,牡,2000,ダート,良,16,53.5,451.0,20.1,128.0,2.0,2.0,0.6,0.5,0.5,0.22,4
R20231011_0417,2023-10-11,Horse_0806,Horse_0806,Jockey_028,5,牝,2000,ダート,良,4,53.4,459.4,-3.4,120.0,2.0,4.0,0.6,1.0,0.667,0.32,8
R20231011_0417,2023-10-11,Horse_0487,Horse_0487,Jockey_074,9,牝,2000,ダート,良,5,53.3,523.3,-4.5,28.0,1.0,7.0,0.5,1.0,0.5,0.2,3
R20231011_0417,2023-10-11,Horse_0670,Horse_0670,Jockey_071,3,牝,2000,ダート,良,12,54.9,439.2,-3.5,103.0,1.0,7.0,0.2,0.0,0.0,0.26,9
R20231011_0417,2023-10-11,Horse_0558,Horse_0558,Jockey_043,8,牡,2000,ダート,良,11,55.5,469.0,15.5,60.0,1.0,3.333,0.4,0.0,0.0,0.18,12
R20231011_0417,2023-10-11,Horse_0761,Horse_0761,Jockey_037,6,牡,2000,ダート,良,1,55.6,500.0,-8.4,60.0,2.0,8.333,0.6,1.0,0.667,0.16,1
R20231011_0417,2023-10-11,Horse_0826,Horse_0826,Jockey_016,8,牝,2000,ダート,良,2,55.6,464.8,5.4,303.0,0.0,7.0,0.4,0.0,0.333,0.28,13
R20231011_0417,2023-10-11,Horse_0220,Horse_0220,Jockey_045,8,牝,2000,ダート,良,3,54.6,522.2,5.1,52.0,1.0,9.333,0.0,0.0,0.0,0.26,15
R20231011_0417,2023-10-11,Horse_0443,Horse_0443,Jockey_042,3,牝,2000,ダート,良,13,54.3,474.3,-5.1,192.0,0.0,8.667,0.0,,0.0,0.28,16
R20231011_0417,2023-10-11,Horse_0754,Horse_0754,Jockey_075,7,牡,2000,ダート,良,14,55.7,479.4,3.8,47.0,4.0,5.0,0.2,0.5,0.0,0.24,7
R20231011_0417,2023-10-11,Horse_0418,Horse_0418,Jockey_055,6,牡,2000,ダート,良,7,54.6,442.9,6.1,43.0,2.0,7.333,0.4,,0.667,0.24,6
R20231011_0417,2023-10-11,Horse_0385,Horse_0385,Jockey_039,8,せん,2000,ダート,良,6,51.4,482.6,-9.1,172.0,1.0,8.667,0.2,0.0,0.0,0.24,10
R20231011_0417,2023-10-11,Horse_0078,Horse_0078,Jockey_021,2,牝,2000,ダート,良,10,51.5,459.1,5.2,30.0,2.0,2.667,1.0,,,0.26,2
R20231011_0417,2023-10-11,Horse_0529,Horse_0529,Jockey_017,3,牝,2000,ダート,良,9,54.7,509.7,4.6,180.0,1.0,7.333,0.25,0.0,0.333,0.38,11
R20231011_0417,2023-10-11,Horse_0229,Horse_0229,Jockey_064,3,牡,2000,ダート,良,8,55.4,525.1,2.3,10.0,2.0,1.0,1.0,,,0.2,5
R20231013_0418,2023-10-13,Horse_0538,Horse_0538,Jockey_038,3,牝,1400,芝,良,8,56.3,520.4,-13.4,182.0,0.0,4.333,0.4,,0.667,0.2,8
R20231013_0418,2023-10-13,Horse_0024,Horse_0024,Jockey_055,8,牡,1400,芝,良,5,55.0,464.0,3.2,350.0,0.0,5.333,0.0,0.0,0.0,0.24,10
R20231013_0418,2023-10-13,Horse_0617,Horse_0617,Jockey_022,8,牡,1400,芝,良,10,55.4,535.1,21.7,104.0,2.0,7.0,0.2,0.25,0.25,0.12,9
R20231013_0418,2023-10-13,Horse_0495,Horse_0495,Jockey_074,9,牡,1400,芝,良,9,56.4,434.8,9.7,181.0,0.0,5.0,0.333,0.0,0.5,0.2,7
R20231013_0418,2023-10-13,Horse_0765,Horse_0765,Jockey_025,3,牡,1400,芝,良,6,56.3,403.8,-7.8,116.0,1.0,2.667,0.6,,0.5,0.36,4
R20231013_0418,2023-10-13,Horse_0348,Horse_0348,Jockey_041,5,牝,1400,芝,良,4,55.3,451.1,-5.3,62.0,3.0,6.667,0.2,0.0,0.0,0.22,1
R20231013_0418,2023-10-13,Horse_0504,Horse_0504,Jockey_080,9,牝,1400,芝,良,7,53.4,505.9,13.0,112.0,1.0,4.667,0.4,0.5,0.4,0.18,6
R20231013_0418,2023-10-13,Horse_0693,Horse_0693,Jockey_002,8,せん,1400,芝,良,1,57.1,430.9,-3.9,185.0,0.0,5.667,0.6,1.0,0.667,0.3,5
R20231013_0418,2023-10-13,Horse_0287,Horse_0287,Jockey_059,7,牡,1400,芝,良,3,55.8,464.5,4.4,63.0,2.0,7.0,0.2,0.0,0.5,0.38,3
R20231013_0418,2023-10-13,Horse_0850,Horse_0850,Jockey_008,2,牝,1400,芝,良,2,53.9,473.1,-3.3,150.0,1.0,9.0,0.0,,0.0,0.12,2
R20231015_0419,2023-10-15,Horse_0327,Horse_0327,Jockey_033,2,牡,1400,芝,重,10,55.8,499.5,12.6,241.0,0.0,8.0,0.0,,0.0,0.34,11
R20231015_0419,2023-10-15,Horse_0330,Horse_0330,Jockey_049,6,牡,1400,芝,重,13,54.8,448.7,-3.6,141.0,1.0,6.667,0.0,0.0,0.0,0.24,6
R20231015_0419,2023-10-15,Horse_0808,Horse_0808,Jockey_036,7,せん,1400,芝,重,12,54.1,455.0,-1.2,10.0,3.0,2.667,0.4,0.0,0.25,0.38,10
R20231015_0419,2023-10-15,Horse_0744,Horse_0744,Jockey_013,5,牝,1400,芝,重,9,52.5,509.3,25.2,372.0,0.0,4.0,0.0,,,0.16,12
R20231015_0419,2023-10-15,Horse_0733,Horse_0733,Jockey_023,9,牝,1400,芝,重,3,56.9,485.0,8.5,65.0,1.0,10.0,0.0,,0.0,0.14,13
R20231015_0419,2023-10-15,Horse_0827,Horse_0827,Jockey_039,8,牝,1400,芝,重,7,54.9,476.6,-5.7,162.0,1.0,6.333,0.333,,0.5,0.24,2
R20231015_0419,2023-10-15,Horse_0079,Horse_0079,Jockey_047,6,牡,1400,芝,重,2,52.6,459.1,-12.5,56.0,3.0,4.333,0.2,0.0,0.4,0.24,4
R20231015_0419,2023-10-15,Horse_0525,Horse_0525,Jockey_006,6,牝,1400,芝,重,8,53.9,467.3,4.9,137.0,1.0,1.667,0.8,0.0,1.0,0.2,1
R20231015_0419,2023-10-15,Horse_0533,Horse_0533,Jockey_034,7,牝,1400,芝,重,4,54.6,505.3,0.8,102.0,1.0,10.667,0.0,0.0,0.0,0.2,5
R20231015_0419,2023-10-15,Horse_0722,Horse_0722,Jockey_063,9,せん,1400,芝,重,1,54.8,427.3,-1.3,511.0,0.0,6.667,0.5,,0.5,0.28,14
R20231015_0419,2023-10-15,Horse_0687,Horse_0687,Jockey_074,9,牝,1400,芝,重,5,55.7,476.1,-4.7,216.0,0.0,8.333,0.2,0.25,0.25,0.2,3
R20231015_0419,2023-10-15,Horse_0207,Horse_0207,Jockey_020,4,せん,1400,芝,重,14,55.8,413.5,-0.0,142.0,1.0,10.333,0.0,0.0,0.0,0.18,7
R20231015_0419,2023-10-15,Horse_0607,Horse_0607,Jockey_051,3,牝,1400,芝,重,6,54.4,433.5,-8.8,87.0,2.0,9.333,0.0,0.0,0.0,0.36,9
R20231015_0419,2023-10-15,Horse_0308,Horse_0308,Jockey_031,9,牡,1400,芝,重,11,57.3,452.2,-5.7,80.0,2.0,6.667,0.0,,0.0,0.28,8
R20231016_0420,2023-10-16,Horse_0299,Horse_0299,Jockey_047,6,牡,1200,芝,重,12,53.1,408.2,-10.7,60.0,1.0,10.667,0.0,,0.0,0.22,2
R20231016_0420,2023-10-16,Horse_0773,Horse_0773,Jockey_071,5,牡,1200,芝,重,3,53.6,486.1,20.1,233.0,0.0,10.333,0.2,,0.0,0.26,8
R20231016_0420,2023-10-16,Horse_0171,Horse_0171,Jockey_077,4,牡,1200,芝,重,6,55.0,442.0,20.2,121.0,2.0,4.667,0.2,0.0,0.0,0.06,5
R20231016_0420,2023-10-16,Horse_0562,Horse_0562,Jockey_019,7,牝,1200,芝,重,8,54.5,523.2,-7.3,219.0,0.0,13.0,0.0,,0.0,0.18,10
R20231016_0420,2023-10-16,Horse_0063,Horse_0063,Jockey_032,9,牝,1200,芝,重,10,55.9,493.0,-15.7,57.0,1.0,7.667,0.2,0.5,0.0,0.32,7
R20231016_0420,2023-10-16,Horse_0772,Horse_0772,Jockey_029,8,牡,1200,芝,重,2,55.2,451.8,4.4,156.0,1.0,8.667,0.0,,0.0,0.2,1
R20231016_0420,2023-10-16,Horse_0737,Horse_0737,Jockey_013,9,牝,1200,芝,重,11,54.1,419.6,-0.8,144.0,2.0,9.667,0.0,0.0,0.0,0.16,4
R20231016_0420,2023-10-16,Horse_0019,Horse_0019,Jockey_057,7,牝,1200,芝,重,5,56.8,442.9,-11.8,493.0,0.0,2.0,1.0,1.0,1.0,0.48,11
R20231016_0420,2023-10-16,Horse_0146,Horse_0146,Jockey_044,4,牡,1200,芝,重,9,53.3,517.7,0.9,142.0,1.0,12.0,0.0,0.0,0.0,0.34,6
R20231016_0420,2023-10-16,Horse_0702,Horse_0702,Jockey_060,2,牝,1200,芝,重,4,56.1,477.3,-4.9,15.0,2.0,5.5,0.5,0.0,0.5,0.12,3
R20231016_0420,2023-10-16,Horse_0276,Horse_0276,Jockey_021,7,牝,1200,芝,重,1,55.2,520.4,2.6,297.0,0.0,4.0,0.6,1.0,0.6,0.28,12
R20231016_0420,2023-10-16,Horse_0100,Horse_0100,Jockey_046,5,牝,1200,芝,重,7,51.5,475.8,2.8,85.0,1.0,9.0,0.0,0.0,0.0,0.18,9
R20231020_0421,2023-10-20,Horse_0746,Horse_0746,Jockey_045,6,牝,2000,芝,良,11,57.0,449.4,-0.1,199.0,0.0,1.333,0.8,1.0,0.8,0.24,2
R20231020_0421,2023-10-20,Horse_0567,Horse_0567,Jockey_012,2,牡,2000,芝,良,14,55.3,443.9,-7.6,70.0,1.0,4.0,0.0,,0.0,0.2,8
R20231020_0421,2023-10-20,Horse_0613,Horse_0613,Jockey_017,6,牡,2000,芝,良,3,54.4,447.2,14.7,251.0,0.0,3.333,0.8,0.5,0.571,0.38,7
R20231020_0421,2023-10-20,Horse_0051,Horse_0051,Jockey_052,3,牝,2000,芝,良,6,52.9,443.9,9.2,431.0,0.0,3.0,1.0,1.0,,0.22,14
R20231020_0421,2023-10-20,Horse_0159,Horse_0159,Jockey_066,6,牝,2000,芝,良,7,53.1,510.0,-8.8,142.0,1.0,6.333,0.0,1.0,0.25,0.22,12
R20231020_0421,2023-10-20,Horse_0876,Horse_0876,Jockey_014,8,牡,2000,芝,良,4,55.3,496.6,2.0,162.0,1.0,9.0,0.0,,0.0,0.2,15
R20231020_0421,2023-10-20,Horse_0526,Horse_0526,Jockey_071,3,牡,2000,芝,良,5,58.5,543.7,-6.7,86.0,1.0,3.0,1.0,,1.0,0.26,4
R20231020_0421,2023-10-20,Horse_0047,Horse_0047,Jockey_072,3,牡,2000,芝,良,2,53.4,483.3,-0.8,83.0,1.0,4.667,0.25,0.0,0.25,0.3,3
R20231020_0421,2023-10-20,Horse_0225,Horse_0225,Jockey_068,2,牡,2000,芝,良,10,55.8,436.7,,,0.0,,,,,0.28,13
R20231020_0421,2023-10-20,Horse_0157,Horse_0157,Jockey_037,2,牡,2000,芝,良,13,54.1,430.9,-1.8,95.0,2.0,5.667,0.333,0.0,0.5,0.18,10
R20231020_0421,2023-10-20,Horse_0620,Horse_0620,Jockey_056,6,牡,2000,芝,良,1,55.3,455.3,-3.3,568.0,0.0,9.0,0.0,0.0,0.0,0.26,16
R20231020_0421,2023-10-20,Horse_0630,Horse_0630,Jockey_016,5,牡,2000,芝,良,16,56.0,434.7,3.1,64.0,1.0,8.333,0.0,,0.167,0.28,6
R20231020_0421,2023-10-20,Horse_0812,Horse_0812,Jockey_069,7,牡,2000,芝,良,9,55.9,522.8,7.5,146.0,1.0,8.667,0.0,0.0,0.0,0.3,9
R20231020_0421,2023-10-20,Horse_0150,Horse_0150,Jockey_055,4,牝,2000,芝,良,8,52.4,383.6,-17.6,178.0,1.0,6.0,0.2,0.0,0.25,0.24,11
R20231020_0421,2023-10-20,Horse_0061,Horse_0061,Jockey_057,5,牡,2000,芝,良,15,56.4,467.7,3.2,141.0,1.0,5.667,0.2,,0.25,0.48,5
R20231020_0421,2023-10-20,Horse_0516,Horse_0516,Jockey_054,6,牡,2000,芝,良,12,55.4,489.1,5.1,34.0,2.0,2.333,0.8,1.0,0.571,0.2,1
R20231023_0422,2023-10-23,Horse_0686,Horse_0686,Jockey_021,9,牡,1800,芝,良,7,54.6,437.9,10.0,173.0,1.0,11.0,0.0,0.0,0.5,0.28,9
R20231023_0422,2023-10-23,Horse_0441,Horse_0441,Jockey_027,5,牝,1800,芝,良,1,53.4,461.0,-7.8,271.0,0.0,8.0,0.0,0.0,0.0,0.22,10
R20231023_0422,2023-10-23,Horse_0214,Horse_0214,Jockey_076,8,牡,1800,芝,良,8,56.8,437.7,-0.2,250.0,0.0,3.667,0.2,,0.333,0.3,6
R20231023_0422,2023-10-23,Horse_0305,Horse_0305,Jockey_001,2,牡,1800,芝,良,3,53.7,457.3,-7.1,128.0,1.0,4.5,0.5,0.0,,0.3,1
R20231023_0422,2023-10-23,Horse_0236,Horse_0236,Jockey_034,5,牝,1800,芝,良,6,54.8,483.7,14.6,31.0,1.0,11.333,0.0,0.0,0.0,0.2,5
R20231023_0422,2023-10-23,Horse_0148,Horse_0148,Jockey_058,4,牡,1800,芝,良,12,55.2,492.8,5.7,140.0,1.0,5.0,0.2,0.0,0.167,0.36,3
R20231023_0422,2023-10-23,Horse_0897,Horse_0897,Jockey_022,7,牡,1800,芝,良,9,55.1,424.0,-0.6,282.0,0.0,13.0,0.0,0.0,0.0,0.12,11
R20231023_0422,2023-10-23,Horse_0037,Horse_0037,Jockey_037,4,牝,1800,芝,良,5,55.1,496.0,-2.0,202.0,0.0,13.0,0.25,0.0,0.333,0.18,2
R20231023_0422,2023-10-23,Horse_0142,Horse_0142,Jockey_060,4,牡,1800,芝,良,2,56.2,420.9,-1.6,327.0,0.0,9.333,0.0,0.0,0.333,0.14,12
R20231023_0422,2023-10-23,Horse_0509,Horse_0509,Jockey_054,4,牝,1800,芝,良,11,54.3,484.9,-3.2,59.0,1.0,2.0,0.8,1.0,0.5,0.22,4
R20231023_0422,2023-10-23,Horse_0415,Horse_0415,Jockey_056,9,牡,1800,芝,良,4,53.8,487.1,10.9,207.0,0.0,3.0,0.6,,0.333,0.26,7
R20231023_0422,2023-10-23,Horse_0053,Horse_0053,Jockey_009,4,牡,1800,芝,良,10,55.2,511.1,6.7,105.0,1.0,9.0,0.0,,0.0,0.26,8
R20231026_0423,2023-10-26,Horse_0879,Horse_0879,Jockey_062,9,牡,1400,芝,重,11,53.9,467.4,-0.9,227.0,0.0,7.667,0.0,0.5,0.25,0.26,7
R20231026_0423,2023-10-26,Horse_0397,Horse_0397,Jockey_015,7,牝,1400,芝,重,9,55.5,447.0,9.8,79.0,1.0,8.667,0.0,,0.0,0.12,12
R20231026_0423,2023-10-26,Horse_0846,Horse_0846,Jockey_078,4,牝,1400,芝,重,10,56.8,469.7,13.6,72.0,1.0,4.667,0.4,0.25,0.5,0.22,2
R20231026_0423,2023-10-26,Horse_0162,Horse_0162,Jockey_077,9,牡,1400,芝,重,6,53.8,498.4,-5.1,693.0,0.0,5.667,0.333,,0.5,0.06,15
R20231026_0423,2023-10-26,Horse_0776,Horse_0776,Jockey_005,5,牡,1400,芝,重,7,53.5,472.2,4.2,201.0,0.0,7.0,0.4,0.0,0.5,0.42,9
R20231026_0423,2023-10-26,Horse_0450,Horse_0450,Jockey_018,4,牝,1400,芝,重,4,56.6,499.5,-12.1,67.0,1.0,3.667,0.4,0.0,0.333,0.5,6
R20231026_0423,2023-10-26,Horse_0586,Horse_0586,Jockey_013,6,牝,1400,芝,重,16,53.1,462.3,-9.1,219.0,0.0,3.667,0.4,1.0,0.5,0.16,8
R20231026_0423,2023-10-26,Horse_0680,Horse_0680,Jockey_044,3,牡,1400,芝,重,14,54.2,475.9,1.2,43.0,2.0,1.667,0.8,1.0,0.5,0.34,3
R20231026_0423,2023-10-26,Horse_0467,Horse_0467,Jockey_004,9,牡,1400,芝,重,5,56.1,492.6,-6.4,118.0,1.0,6.333,0.4,1.0,0.167,0.26,4
R20231026_0423,2023-10-26,Horse_0341,Horse_0341,Jockey_017,2,牡,1400,芝,重,8,54.6,474.9,,,0.0,,,,,0.36,1
R20231026_0423,2023-10-26,Horse_0132,Horse_0132,Jockey_074,9,牡,1400,芝,重,13,55.2,476.9,-0.4,143.0,1.0,10.0,0.0,0.0,0.0,0.22,14
R20231026_0423,2023-10-26,Horse_0095,Horse_0095,Jockey_012,9,せん,1400,芝,重,2,55.0,493.1,-0.9,293.0,0.0,8.667,0.2,0.0,0.0,0.2,13
R20231026_0423,2023-10-26,Horse_0893,Horse_0893,Jockey_064,7,牡,1400,芝,重,15,53.7,474.4,-4.0,496.0,0.0,12.0,0.0,0.0,0.0,0.2,16
R20231026_0423,2023-10-26,Horse_0717,Horse_0717,Jockey_049,9,牡,1400,芝,重,12,54.3,518.7,-22.6,338.0,0.0,5.667,0.2,1.0,0.333,0.24,11
R20231026_0423,2023-10-26,Horse_0176,Horse_0176,Jockey_058,4,牡,1400,芝,重,3,57.4,502.1,6.1,118.0,1.0,6.333,0.6,,0.2,0.38,10
R20231026_0423,2023-10-26,Horse_0540,Horse_0540,Jockey_019,4,牡,1400,芝,重,1,53.4,456.1,-9.5,83.0,1.0,5.667,0.333,,0.5,0.18,5
R20231029_0424,2023-10-29,Horse_0676,Horse_0676,Jockey_039,2,牡,1400,芝,良,1,52.8,433.1,12.1,259.0,0.0,10.0,0.0,,0.0,0.24,8
R20231029_0424,2023-10-29,Horse_0314,Horse_0314,Jockey_048,5,牝,1400,芝,良,2,52.7,474.0,4.6,18.0,2.0,13.0,0.0,,0.0,0.22,7
R20231029_0424,2023-10-29,Horse_0479,Horse_0479,Jockey_027,9,牡,1400,芝,良,4,54.6,472.9,6.3,94.0,1.0,8.0,0.0,0.0,0.0,0.22,3
R20231029_0424,2023-10-29,Horse_0154,Horse_0154,Jockey_012,7,牝,1400,芝,良,3,55.7,452.8,4.3,402.0,0.0,6.0,0.2,0.0,0.333,0.2,9
R20231029_0424,2023-10-29,Horse_0144,Horse_0144,Jockey_013,4,牡,1400,芝,良,8,50.4,480.1,4.6,43.0,3.0,6.333,0.0,0.0,0.0,0.16,4
R20231029_0424,2023-10-29,Horse_0656,Horse_0656,Jockey_040,8,牡,1400,芝,良,7,55.3,502.7,15.6,291.0,0.0,5.333,0.2,0.0,0.333,0.34,6
R20231029_0424,2023-10-29,Horse_0110,Horse_0110,Jockey_021,5,牡,1400,芝,良,5,55.5,487.7,-1.1,89.0,3.0,2.333,0.8,0.0,0.667,0.26,1
R20231029_0424,2023-10-29,Horse_0018,Horse_0018,Jockey_018,6,せん,1400,芝,良,6,54.7,448.3,4.4,288.0,0.0,4.667,0.2,,0.25,0.48,5
R20231029_0424,2023-10-29,Horse_0319,Horse_0319,Jockey_076,7,牝,1400,芝,良,9,55.5,464.5,12.7,204.0,0.0,5.333,0.8,1.0,0.667,0.3,2
R20231031_0425,2023-10-31,Horse_0370,Horse_0370,Jockey_022,9,牝,2000,芝,良,4,52.7,486.4,-8.5,23.0,1.0,5.0,0.2,0.0,0.286,0.12,13
R20231031_0425,2023-10-31,Horse_0244,Horse_0244,Jockey_041,3,牡,2000,芝,良,9,55.9,496.8,-2.4,242.0,0.0,6.5,0.5,,1.0,0.24,14
R20231031_0425,2023-10-31,Horse_0448,Horse_0448,Jockey_034,2,牝,2000,芝,良,13,56.0,531.9,-16.4,32.0,1.0,1.0,1.0,,1.0,0.2,5
R20231031_0425,2023-10-31,Horse_0489,Horse_0489,Jockey_058,4,牡,2000,芝,良,1,55.8,497.0,0.4,77.0,2.0,6.333,0.4,1.0,0.2,0.38,2
R20231031_0425,2023-10-31,Horse_0522,Horse_0522,Jockey_024,8,牝,2000,芝,良,2,54.2,476.7,17.9,91.0,1.0,12.333,0.0,0.0,0.0,0.16,7
R20231031_0425,2023-10-31,Horse_0092,Horse_0092,Jockey_025,8,牝,2000,芝,良,5,55.1,478.9,-1.5,184.0,0.0,7.0,0.0,0.5,0.25,0.36,3
R20231031_0425,2023-10-31,Horse_0723,Horse_0723,Jockey_027,9,牝,2000,芝,良,11,53.3,495.5,-0.0,262.0,0.0,9.667,0.0,0.0,0.0,0.24,11
R20231031_0425,2023-10-31,Horse_0819,Horse_0819,Jockey_048,9,牝,2000,芝,良,12,56.9,430.2,-0.7,77.0,1.0,6.0,0.6,0.0,0.556,0.2,10
R20231031_0425,2023-10-31,Horse_0649,Horse_0649,Jockey_043,6,牝,2000,芝,良,6,54.9,487.0,-6.9,30.0,2.0,7.667,0.2,1.0,0.2,0.18,6
R20231031_0425,2023-10-31,Horse_0348,Horse_0348,Jockey_015,5,牝,2000,芝,良,10,56.5,471.1,20.0,18.0,4.0,2.667,0.4,,0.143,0.12,8
R20231031_0425,2023-10-31,Horse_0027,Horse_0027,Jockey_001,7,牝,2000,芝,良,7,55.7,459.7,13.5,208.0,0.0,3.667,0.4,,0.333,0.32,9
R20231031_0425,2023-10-31,Horse_0420,Horse_0420,Jockey_016,2,牡,2000,芝,良,14,55.1,480.8,-11.4,130.0,1.0,2.0,1.0,,,0.28,1
R20231031_0425,2023-10-31,Horse_0758,Horse_0758,Jockey_064,8,牝,2000,芝,良,8,52.7,479.5,5.6,206.0,0.0,5.667,0.2,,0.25,0.2,12
R20231031_0425,2023-10-31,Horse_0791,Horse_0791,Jockey_042,6,牡,2000,芝,良,3,56.0,456.0,-2.7,71.0,1.0,9.333,0.4,0.0,0.5,0.28,4
R20231103_0426,2023-11-03,Horse_0488,Horse_0488,Jockey_072,4,牡,1400,芝,良,9,54.6,476.1,-0.7,130.0,1.0,8.333,0.0,0.0,0.0,0.32,2
R20231103_0426,2023-11-03,Horse_0223,Horse_0223,Jockey_024,2,牡,1400,芝,良,1,54.8,444.6,26.9,103.0,1.0,9.5,0.0,,0.0,0.16,13
R20231103_0426,2023-11-03,Horse_0107,Horse_0107,Jockey_015,4,牝,1400,芝,良,13,57.6,458.1,-1.5,199.0,0.0,6.333,0.0,0.0,0.0,0.12,10
R20231103_0426,2023-11-03,Horse_0118,Horse_0118,Jockey_068,8,牝,1400,芝,良,4,55.3,477.8,-11.7,222.0,0.0,7.667,0.333,0.0,0.333,0.28,12
R20231103_0426,2023-11-03,Horse_0861,Horse_0861,Jockey_026,9,牡,1400,芝,良,7,54.2,443.3,-5.6,126.0,3.0,13.0,0.0,,0.0,0.3,14
R20231103_0426,2023-11-03,Horse_0246,Horse_0246,Jockey_009,5,牡,1400,芝,良,10,54.3,468.4,-7.2,80.0,1.0,5.333,0.667,,0.5,0.26,3
R20231103_0426,2023-11-03,Horse_0371,Horse_0371,Jockey_053,2,牡,1400,芝,良,11,55.3,450.6,3.0,83.0,3.0,3.667,0.667,1.0,0.5,0.18,6
R20231103_0426,2023-11-03,Horse_0410,Horse_0410,Jockey_016,5,牝,1400,芝,良,2,56.8,467.5,10.7,251.0,0.0,5.333,0.2,0.25,0.167,0.3,8
R20231103_0426,2023-11-03,Horse_0192,Horse_0192,Jockey_070,8,牝,1400,芝,良,5,52.8,496.9,4.7,59.0,2.0,5.0,0.2,0.667,0.556,0.22,5
R20231103_0426,2023-11-03,Horse_0629,Horse_0629,Jockey_078,7,牡,1400,芝,良,8,56.2,504.8,14.1,63.0,3.0,1.667,0.8,0.167,0.286,0.24,4
R20231103_0426,2023-11-03,Horse_0072,Horse_0072,Jockey_066,3,牡,1400,芝,良,6,54.1,471.7,4.8,171.0,1.0,7.0,0.25,,0.25,0.22,11
R20231103_0426,2023-11-03,Horse_0346,Horse_0346,Jockey_052,3,牡,1400,芝,良,12,55.2,452.3,1.6,94.0,1.0,10.5,0.0,,0.0,0.2,7
R20231103_0426,2023-11-03,Horse_0792,Horse_0792,Jockey_065,2,牝,1400,芝,良,14,53.4,460.0,7.1,70.0,2.0,5.0,0.4,0.0,0.4,0.304,1
R20231103_0426,2023-11-03,Horse_0544,Horse_0544,Jockey_010,9,牝,1400,芝,良,3,54.4,496.1,-8.1,48.0,1.0,9.333,0.0,,0.0,0.36,9
R20231105_0427,2023-11-05,Horse_0857,Horse_0857,Jockey_034,8,牡,1600,芝,重,7,55.2,428.1,0.4,191.0,0.0,7.5,0.0,,0.0,0.2,2
R20231105_0427,2023-11-05,Horse_0879,Horse_0879,Jockey_038,9,牡,1600,芝,重,6,55.3,478.6,11.2,10.0,1.0,7.0,0.0,0.0,0.2,0.2,8
R20231105_0427,2023-11-05,Horse_0591,Horse_0591,Jockey_074,4,牝,1600,芝,重,2,55.1,477.4,13.0,257.0,0.0,7.333,0.0,0.0,0.25,0.2,6
R20231105_0427,2023-11-05,Horse_0774,Horse_0774,Jockey_043,9,牝,1600,芝,重,9,54.2,469.0,5.1,118.0,1.0,9.333,0.4,1.0,0.667,0.18,4
R20231105_0427,2023-11-05,Horse_0737,Horse_0737,Jockey_067,9,牝,1600,芝,重,5,56.2,426.9,7.3,20.0,2.0,8.667,0.0,0.0,0.0,0.2,7
R20231105_0427,2023-11-05,Horse_0601,Horse_0601,Jockey_001,8,牡,1600,芝,重,4,55.8,472.0,-19.5,81.0,2.0,7.667,0.0,0.0,0.0,0.32,3
R20231105_0427,2023-11-05,Horse_0453,Horse_0453,Jockey_042,6,牡,1600,芝,重,3,55.7,448.4,9.2,261.0,0.0,6.0,0.2,,0.167,0.26,5
R20231105_0427,2023-11-05,Horse_0868,Horse_0868,Jockey_080,7,牝,1600,芝,重,1,55.6,466.9,1.8,405.0,0.0,7.0,0.0,0.0,0.0,0.18,10
R20231105_0427,2023-11-05,Horse_0169,Horse_0169,Jockey_077,6,牝,1600,芝,重,10,53.3,470.5,-10.2,31.0,3.0,5.0,0.2,0.0,0.0,0.06,9
R20231105_0427,2023-11-05,Horse_0782,Horse_0782,Jockey_057,2,牡,1600,芝,重,8,56.2,458.1,-18.8,85.0,1.0,5.0,0.5,,0.5,0.48,1
R20231106_0428,2023-11-06,Horse_0584,Horse_0584,Jockey_038,9,牡,1800,芝,良,3,52.9,494.8,-18.9,210.0,0.0,8.0,0.0,,0.0,0.2,12
R20231106_0428,2023-11-06,Horse_0364,Horse_0364,Jockey_007,6,牡,1800,芝,良,8,52.4,430.9,-9.7,69.0,3.0,4.333,0.6,1.0,1.0,0.18,2
R20231106_0428,2023-11-06,Horse_0542,Horse_0542,Jockey_049,4,せん,1800,芝,良,10,55.5,438.6,10.2,94.0,1.0,13.0,0.0,,0.0,0.24,6
R20231106_0428,2023-11-06,Horse_0523,Horse_0523,Jockey_079,4,牝,1800,芝,良,4,54.0,449.2,-0.4,238.0,0.0,10.5,0.0,0.0,0.0,0.14,7
R20231106_0428,2023-11-06,Horse_0145,Horse_0145,Jockey_057,6,牡,1800,芝,良,12,53.3,481.4,-16.6,49.0,1.0,4.667,0.4,0.0,0.25,0.48,3
R20231106_0428,2023-11-06,Horse_0331,Horse_0331,Jockey_028,6,牝,1800,芝,良,13,54.6,477.5,12.9,164.0,1.0,7.667,0.2,,0.667,0.3,9
R20231106_0428,2023-11-06,Horse_0127,Horse_0127,Jockey_015,6,牝,1800,芝,良,7,54.8,438.6,-4.2,179.0,1.0,9.0,0.0,0.0,0.0,0.12,11
R20231106_0428,2023-11-06,Horse_0577,Horse_0577,Jockey_024,3,牡,1800,芝,良,1,54.7,506.9,0.2,112.0,1.0,3.0,0.4,,0.667,0.14,5
R20231106_0428,2023-11-06,Horse_0046,Horse_0046,Jockey_068,9,牡,1800,芝,良,6,56.1,499.1,2.1,73.0,3.0,8.333,0.2,0.0,0.1,0.28,10
R20231106_0428,2023-11-06,Horse_0654,Horse_0654,Jockey_006,6,牝,1800,芝,良,11,56.1,487.0,1.9,140.0,1.0,8.333,0.25,1.0,0.5,0.22,8
R20231106_0428,2023-11-06,Horse_0534,Horse_0534,Jockey_073,3,牡,1800,芝,良,2,55.6,519.6,-0.9,341.0,0.0,8.0,0.0,,,0.28,13
R20231106_0428,2023-11-06,Horse_0524,Horse_0524,Jockey_018,6,牝,1800,芝,良,5,54.2,407.6,2.2,77.0,2.0,3.667,0.4,,1.0,0.48,4
R20231106_0428,2023-11-06,Horse_0886,Horse_0886,Jockey_026,3,牝,1800,芝,良,9,56.2,454.0,-3.3,32.0,3.0,1.333,0.8,1.0,0.857,0.3,1
R20231107_0429,2023-11-07,Horse_0388,Horse_0388,Jockey_076,9,牝,1200,芝,稍重,1,53.6,448.6,-0.2,107.0,1.0,6.333,0.0,0.0,0.0,0.32,5
R20231107_0429,2023-11-07,Horse_0233,Horse_0233,Jockey_049,6,牝,1200,芝,稍重,4,56.9,418.9,1.9,211.0,0.0,7.333,0.0,0.5,0.4,0.22,7
R20231107_0429,2023-11-07,Horse_0822,Horse_0822,Jockey_027,9,牡,1200,芝,稍重,6,55.9,457.8,18.3,52.0,2.0,9.0,0.2,0.0,0.0,0.24,9
R20231107_0429,2023-11-07,Horse_0678,Horse_0678,Jockey_075,9,牝,1200,芝,稍重,8,52.9,466.8,-15.5,178.0,1.0,9.667,0.0,0.0,0.0,0.24,10
R20231107_0429,2023-11-07,Horse_0264,Horse_0264,Jockey_019,3,牡,1200,芝,稍重,11,55.7,467.8,3.6,147.0,1.0,8.0,0.2,,0.2,0.16,2
R20231107_0429,2023-11-07,Horse_0638,Horse_0638,Jockey_042,6,せん,1200,芝,稍重,9,55.4,448.8,-2.4,30.0,3.0,7.0,0.0,0.0,0.0,0.26,4
R20231107_0429,2023-11-07,Horse_0090,Horse_0090,Jockey_074,4,牝,1200,芝,稍重,5,55.4,502.1,-2.8,440.0,0.0,5.333,0.8,1.0,1.0,0.18,8
R20231107_0429,2023-11-07,Horse_0555,Horse_0555,Jockey_061,6,牡,1200,芝,稍重,7,55.1,438.4,-4.1,74.0,1.0,9.667,0.0,0.0,0.0,0.4,6
R20231107_0429,2023-11-07,Horse_0702,Horse_0702,Jockey_056,2,牝,1200,芝,稍重,2,54.1,480.0,2.7,22.0,2.0,4.667,0.667,0.5,0.667,0.24,3
R20231107_0429,2023-11-07,Horse_0173,Horse_0173,Jockey_015,7,牝,1200,芝,稍重,3,56.0,450.8,-1.7,227.0,0.0,10.667,0.0,0.0,0.0,0.12,11
R20231107_0429,2023-11-07,Horse_0474,Horse_0474,Jockey_058,8,牝,1200,芝,稍重,10,56.4,473.7,2.0,118.0,1.0,2.0,1.0,,0.5,0.4,1
R20231108_0430,2023-11-08,Horse_0763,Horse_0763,Jockey_034,4,牝,1600,ダート,良,7,55.3,534.9,5.0,231.0,0.0,10.667,0.0,0.0,0.0,0.22,6
R20231108_0430,2023-11-08,Horse_0177,Horse_0177,Jockey_015,6,牡,1600,ダート,良,9,54.2,442.2,-6.1,148.0,1.0,11.667,0.0,0.0,0.0,0.12,7
R20231108_0430,2023-11-08,Horse_0030,Horse_0030,Jockey_028,8,牡,1600,ダート,良,6,54.2,461.7,1.9,142.0,1.0,4.333,0.4,0.0,0.333,0.28,2
R20231108_0430,2023-11-08,Horse_0433,Horse_0433,Jockey_070,3,牡,1600,ダート,良,5,53.9,447.4,-15.6,657.0,0.0,10.0,0.0,,0.0,0.2,9
R20231108_0430,2023-11-08,Horse_0870,Horse_0870,Jockey_056,4,せん,1600,ダート,良,3,54.0,520.2,-4.0,102.0,1.0,10.0,0.0,0.0,0.0,0.26,4
R20231108_0430,2023-11-08,Horse_0013,Horse_0013,Jockey_026,4,牡,1600,ダート,良,2,56.6,434.9,-15.4,47.0,2.0,10.667,0.0,0.0,0.0,0.32,5
R20231108_0430,2023-11-08,Horse_0188,Horse_0188,Jockey_040,4,牡,1600,ダート,良,8,56.6,416.4,-7.6,160.0,1.0,2.667,0.75,1.0,0.0,0.32,1
R20231108_0430,2023-11-08,Horse_0776,Horse_0776,Jockey_020,5,牡,1600,ダート,良,4,53.9,469.5,-2.7,13.0,1.0,8.667,0.2,0.333,0.25,0.18,3
R20231108_0430,2023-11-08,Horse_0310,Horse_0310,Jockey_063,3,牝,1600,ダート,良,1,55.2,503.9,12.8,88.0,2.0,10.667,0.0,0.0,0.0,0.28,8
R20231110_0431,2023-11-10,Horse_0227,Horse_0227,Jockey_028,4,牝,2000,ダート,重,7,55.5,471.2,-12.8,156.0,1.0,7.0,0.0,0.5,0.0,0.3,12
R20231110_0431,2023-11-10,Horse_0743,Horse_0743,Jockey_062,3,牡,2000,ダート,重,5,54.1,494.9,6.4,33.0,2.0,9.333,0.0,,,0.26,10
R20231110_0431,2023-11-10,Horse_0232,Horse_0232,Jockey_023,8,牡,2000,ダート,重,12,59.0,491.8,-0.3,244.0,0.0,6.0,0.6,0.333,1.0,0.14,13
R20231110_0431,2023-11-10,Horse_0259,Horse_0259,Jockey_027,8,せん,2000,ダート,重,1,53.4,493.3,15.8,273.0,0.0,3.667,0.4,0.0,0.667,0.22,7
R20231110_0431,2023-11-10,Horse_0430,Horse_0430,Jockey_064,8,牝,2000,ダート,重,4,55.8,473.3,12.5,73.0,3.0,4.667,0.4,0.6,0.25,0.2,5
R20231110_0431,2023-11-10,Horse_0664,Horse_0664,Jockey_036,2,牡,2000,ダート,重,11,55.6,498.4,18.4,144.0,1.0,7.0,0.0,,,0.36,3
R20231110_0431,2023-11-10,Horse_0365,Horse_0365,Jockey_068,7,牡,2000,ダート,重,14,53.4,469.9,11.6,81.0,2.0,6.333,0.2,1.0,0.0,0.26,8
R20231110_0431,2023-11-10,Horse_0369,Horse_0369,Jockey_037,9,牡,2000,ダート,重,8,56.8,468.0,-2.5,144.0,1.0,6.333,0.0,0.0,0.0,0.2,4
R20231110_0431,2023-11-10,Horse_0352,Horse_0352,Jockey_073,5,牝,2000,ダート,重,6,54.9,463.9,-9.4,98.0,1.0,5.333,0.333,0.0,,0.28,1
R20231110_0431,2023-11-10,Horse_0130,Horse_0130,Jockey_041,4,牡,2000,ダート,重,2,56.1,479.5,-6.1,431.0,0.0,6.667,0.5,,0.5,0.24,15
R20231110_0431,2023-11-10,Horse_0536,Horse_0536,Jockey_046,9,牝,2000,ダート,重,13,51.4,533.2,3.7,167.0,1.0,9.667,0.2,0.0,1.0,0.18,14
R20231110_0431,2023-11-10,Horse_0723,Horse_0723,Jockey_025,9,牝,2000,ダート,重,15,55.1,490.2,-5.3,10.0,1.0,10.0,0.0,0.0,0.0,0.36,9
R20231110_0431,2023-11-10,Horse_0135,Horse_0135,Jockey_055,5,牝,2000,ダート,重,3,56.2,425.0,-3.3,248.0,0.0,6.333,0.0,,,0.24,11
R20231110_0431,2023-11-10,Horse_0450,Horse_0450,Jockey_048,4,牝,2000,ダート,重,10,55.2,505.3,5.8,15.0,2.0,4.0,0.4,0.667,0.5,0.2,2
R20231110_0431,2023-11-10,Horse_0616,Horse_0616,Jockey_067,2,牡,2000,ダート,重,9,53.5,493.7,,,0.0,,,,,0.18,6
R20231112_0432,2023-11-12,Horse_0569,Horse_0569,Jockey_078,6,牡,2400,ダート,重,3,54.7,508.3,2.5,409.0,0.0,7.667,0.25,,1.0,0.22,8
R20231112_0432,2023-11-12,Horse_0208,Horse_0208,Jockey_053,2,牡,2400,ダート,重,7,55.9,411.2,13.7,40.0,2.0,3.5,0.5,,0.5,0.18,4
R20231112_0432,2023-11-12,Horse_0038,Horse_0038,Jockey_035,7,牡,2400,ダート,重,6,54.8,498.1,8.2,87.0,1.0,10.0,0.0,0.0,0.0,0.32,7
R20231112_0432,2023-11-12,Horse_0316,Horse_0316,Jockey_080,9,牡,2400,ダート,重,2,56.9,494.0,0.9,241.0,0.0,1.333,0.8,1.0,0.667,0.18,2
R20231112_0432,2023-11-12,Horse_0337,Horse_0337,Jockey_030,7,牝,2400,ダート,重,4,55.7,496.1,8.4,109.0,3.0,7.0,0.0,0.0,0.0,0.18,5
R20231112_0432,2023-11-12,Horse_0340,Horse_0340,Jockey_071,7,牡,2400,ダート,重,9,56.6,502.9,-4.3,274.0,0.0,5.333,0.4,,0.667,0.24,9
R20231112_0432,2023-11-12,Horse_0692,Horse_0692,Jockey_009,4,牡,2400,ダート,重,5,53.3,470.0,-0.1,60.0,1.0,9.0,0.0,,0.0,0.26,6
R20231112_0432,2023-11-12,Horse_0509,Horse_0509,Jockey_003,4,牝,2400,ダート,重,1,55.8,500.7,15.8,20.0,2.0,3.0,0.6,0.0,0.75,0.2,1
R20231112_0432,2023-11-12,Horse_0056,Horse_0056,Jockey_004,7,牝,2400,ダート,重,8,52.1,489.2,-1.5,204.0,0.0,5.0,0.5,0.0,,0.26,3
R20231113_0433,2023-11-13,Horse_0047,Horse_0047,Jockey_022,3,牡,1200,ダート,稍重,2,53.9,475.4,-7.9,24.0,2.0,4.333,0.4,0.0,,0.12,6
R20231113_0433,2023-11-13,Horse_0157,Horse_0157,Jockey_070,2,牡,1200,ダート,稍重,4,54.8,426.8,-4.1,24.0,3.0,5.0,0.25,,0.0,0.2,7
R20231113_0433,2023-11-13,Horse_0547,Horse_0547,Jockey_065,7,牡,1200,ダート,稍重,7,55.3,454.9,-0.5,39.0,2.0,11.667,0.2,,0.0,0.319,4
R20231113_0433,2023-11-13,Horse_0769,Horse_0769,Jockey_051,8,牡,1200,ダート,稍重,12,53.9,474.1,10.3,271.0,0.0,7.667,0.2,0.0,0.5,0.36,16
R20231113_0433,2023-11-13,Horse_0710,Horse_0710,Jockey_005,6,せん,1200,ダート,稍重,1,55.4,440.8,-0.4,288.0,0.0,6.0,0.2,1.0,0.25,0.4,8
R20231113_0433,2023-11-13,Horse_0485,Horse_0485,Jockey_080,4,牝,1200,ダート,稍重,16,54.5,439.2,-13.9,166.0,1.0,2.333,0.6,0.0,0.0,0.2,3
R20231113_0433,2023-11-13,Horse_0336,Horse_0336,Jockey_061,7,せん,1200,ダート,稍重,14,54.4,476.3,5.5,288.0,0.0,4.0,0.2,,0.0,0.4,9
R20231113_0433,2023-11-13,Horse_0207,Horse_0207,Jockey_071,4,せん,1200,ダート,稍重,13,54.3,420.6,7.1,29.0,2.0,9.667,0.0,0.0,0.0,0.22,5
R20231113_0433,2023-11-13,Horse_0884,Horse_0884,Jockey_052,5,牝,1200,ダート,稍重,6,56.3,487.4,9.7,241.0,0.0,1.333,1.0,1.0,1.0,0.18,12
R20231113_0433,2023-11-13,Horse_0071,Horse_0071,Jockey_040,3,牡,1200,ダート,稍重,11,53.1,470.0,-5.5,379.0,0.0,4.333,0.333,,0.333,0.34,15
R20231113_0433,2023-11-13,Horse_0785,Horse_0785,Jockey_054,4,牡,1200,ダート,稍重,15,55.8,465.8,-19.1,45.0,2.0,5.333,0.2,,0.333,0.2,10
R20231113_0433,2023-11-13,Horse_0715,Horse_0715,Jockey_020,4,牝,1200,ダート,稍重,8,54.7,533.0,5.4,89.0,1.0,5.333,0.4,0.0,1.0,0.2,1
R20231113_0433,2023-11-13,Horse_0367,Horse_0367,Jockey_041,7,牡,1200,ダート,稍重,9,54.8,461.5,-7.2,401.0,0.0,3.667,0.8,1.0,1.0,0.24,13
R20231113_0433,2023-11-13,Horse_0088,Horse_0088,Jockey_058,2,牡,1200,ダート,稍重,3,55.3,472.6,,,0.0,,,,,0.42,2
R20231113_0433,2023-11-13,Horse_0312,Horse_0312,Jockey_067,2,牝,1200,ダート,稍重,5,54.4,478.3,12.9,85.0,1.0,7.0,0.0,0.0,,0.18,14
R20231113_0433,2023-11-13,Horse_0691,Horse_0691,Jockey_073,3,牝,1200,ダート,稍重,10,56.2,447.4,-4.7,124.0,1.0,3.667,0.2,0.5,0.5,0.3,11
R20231115_0434,2023-11-15,Horse_0401,Horse_0401,Jockey_067,4,牝,1800,ダート,良,11,56.5,478.1,0.5,286.0,0.0,7.333,0.4,0.333,0.333,0.18,11
R20231115_0434,2023-11-15,Horse_0887,Horse_0887,Jockey_060,2,牝,1800,ダート,良,4,55.0,472.6,0.6,115.0,1.0,3.333,0.667,,,0.14,9
R20231115_0434,2023-11-15,Horse_0764,Horse_0764,Jockey_026,5,牝,1800,ダート,良,10,53.3,442.6,-0.1,111.0,1.0,7.0,0.2,0.0,0.0,0.3,4
R20231115_0434,2023-11-15,Horse_0018,Horse_0018,Jockey_029,6,せん,1800,ダート,良,6,54.2,440.6,-7.7,17.0,1.0,4.667,0.2,0.0,0.0,0.22,6
R20231115_0434,2023-11-15,Horse_0428,Horse_0428,Jockey_066,5,牡,1800,ダート,良,9,52.6,439.9,-8.8,142.0,1.0,9.667,0.2,,0.5,0.2,10
R20231115_0434,2023-11-15,Horse_0370,Horse_0370,Jockey_005,9,牝,1800,ダート,良,7,55.3,485.0,-1.4,15.0,2.0,7.333,0.2,0.0,0.0,0.38,5
R20231115_0434,2023-11-15,Horse_0566,Horse_0566,Jockey_078,6,牝,1800,ダート,良,8,52.9,452.6,6.6,166.0,1.0,7.667,0.25,,0.5,0.22,1
R20231115_0434,2023-11-15,Horse_0017,Horse_0017,Jockey_008,8,牝,1800,ダート,良,2,53.7,490.6,11.1,54.0,1.0,4.667,0.4,0.0,0.667,0.14,2
R20231115_0434,2023-11-15,Horse_0716,Horse_0716,Jockey_074,3,牝,1800,ダート,良,3,55.2,387.6,-3.7,91.0,1.0,5.333,0.4,0.0,0.5,0.18,3
R20231115_0434,2023-11-15,Horse_0187,Horse_0187,Jockey_065,5,牡,1800,ダート,良,1,53.4,447.0,22.1,503.0,0.0,3.667,0.4,0.0,0.5,0.312,12
R20231115_0434,2023-11-15,Horse_0301,Horse_0301,Jockey_023,8,牡,1800,ダート,良,12,54.8,486.5,-4.0,75.0,1.0,6.667,0.2,0.0,0.333,0.14,7
R20231115_0434,2023-11-15,Horse_0251,Horse_0251,Jockey_070,6,牝,1800,ダート,良,5,54.1,452.9,-12.4,130.0,2.0,8.667,0.2,0.0,0.0,0.2,8
R20231119_0435,2023-11-19,Horse_0045,Horse_0045,Jockey_021,2,牝,1800,芝,良,9,55.1,505.2,4.6,176.0,1.0,8.0,0.0,,0.0,0.26,6
R20231119_0435,2023-11-19,Horse_0487,Horse_0487,Jockey_040,9,牝,1800,芝,良,8,54.8,525.0,1.7,39.0,2.0,3.333,0.6,0.0,0.5,0.34,2
R20231119_0435,2023-11-19,Horse_0821,Horse_0821,Jockey_017,3,牡,1800,芝,良,1,56.1,419.3,-6.1,203.0,0.0,9.0,0.2,,0.2,0.38,7
R20231119_0435,2023-11-19,Horse_0818,Horse_0818,Jockey_022,8,牝,1800,芝,良,4,54.8,416.5,-4.4,200.0,0.0,8.333,0.0,0.0,0.0,0.1,9
R20231119_0435,2023-11-19,Horse_0673,Horse_0673,Jockey_020,5,牡,1800,芝,良,3,55.8,502.0,20.9,240.0,0.0,1.333,0.8,0.667,1.0,0.22,5
R20231119_0435,2023-11-19,Horse_0480,Horse_0480,Jockey_009,4,牝,1800,芝,良,2,53.3,482.8,-2.6,125.0,1.0,10.0,0.0,,0.0,0.26,3
R20231119_0435,2023-11-19,Horse_0725,Horse_0725,Jockey_025,9,牡,1800,芝,良,5,55.3,473.1,12.8,127.0,1.0,5.667,0.25,0.0,0.333,0.36,4
R20231119_0435,2023-11-19,Horse_0719,Horse_0719,Jockey_068,4,牝,1800,芝,良,6,55.3,481.6,13.0,132.0,1.0,9.0,0.2,0.0,0.2,0.24,8
R20231119_0435,2023-11-19,Horse_0676,Horse_0676,Jockey_005,2,牡,1800,芝,良,7,57.5,427.5,-5.6,21.0,1.0,9.0,0.0,,0.0,0.38,1
R20231120_0436,2023-11-20,Horse_0039,Horse_0039,Jockey_009,8,牝,1800,芝,重,1,56.4,447.9,8.2,123.0,1.0,8.333,0.2,,0.5,0.28,3
R20231120_0436,2023-11-20,Horse_0751,Horse_0751,Jockey_035,8,牡,1800,芝,重,5,54.7,494.8,1.1,191.0,0.0,5.667,0.4,,0.25,0.32,4
R20231120_0436,2023-11-20,Horse_0227,Horse_0227,Jockey_053,4,牝,1800,芝,重,7,55.7,472.2,1.0,10.0,2.0,9.0,0.0,0.0,0.5,0.18,5
R20231120_0436,2023-11-20,Horse_0419,Horse_0419,Jockey_005,6,牝,1800,芝,重,8,54.1,517.2,7.3,198.0,0.0,9.0,0.0,1.0,0.0,0.4,8
R20231120_0436,2023-11-20,Horse_0338,Horse_0338,Jockey_010,9,牡,1800,芝,重,2,55.2,440.9,-8.4,117.0,1.0,8.0,0.2,1.0,0.0,0.34,6
R20231120_0436,2023-11-20,Horse_0756,Horse_0756,Jockey_041,6,牝,1800,芝,重,3,55.8,454.6,-14.7,101.0,1.0,4.0,0.6,0.5,0.333,0.24,1
R20231120_0436,2023-11-20,Horse_0753,Horse_0753,Jockey_025,3,牡,1800,芝,重,6,53.6,506.5,-10.1,50.0,1.0,8.667,0.2,0.0,0.25,0.36,7
R20231120_0436,2023-11-20,Horse_0900,Horse_0900,Jockey_022,5,牝,1800,芝,重,4,55.2,396.1,-14.3,74.0,1.0,5.333,0.4,0.0,0.5,0.1,2
R20231122_0437,2023-11-22,Horse_0463,Horse_0463,Jockey_076,7,牡,2000,ダート,良,2,52.7,501.8,-14.6,137.0,1.0,6.333,0.2,,0.0,0.3,9
R20231122_0437,2023-11-22,Horse_0434,Horse_0434,Jockey_022,2,牝,2000,ダート,良,13,55.4,472.7,-4.3,89.0,2.0,7.0,0.5,,1.0,0.12,7
R20231122_0437,2023-11-22,Horse_0128,Horse_0128,Jockey_032,2,牡,2000,ダート,良,11,56.2,495.6,-16.7,193.0,0.0,5.667,0.333,0.5,0.0,0.3,4
R20231122_0437,2023-11-22,Horse_0784,Horse_0784,Jockey_036,7,牝,2000,ダート,良,12,55.6,403.3,-0.8,270.0,0.0,6.0,0.0,0.0,0.0,0.38,10
R20231122_0437,2023-11-22,Horse_0148,Horse_0148,Jockey_030,4,牡,2000,ダート,良,1,52.4,486.9,-5.9,30.0,2.0,3.667,0.4,0.0,0.333,0.18,1
R20231122_0437,2023-11-22,Horse_0178,Horse_0178,Jockey_020,8,牝,2000,ダート,良,8,53.9,475.0,-5.7,268.0,0.0,13.333,0.0,,0.0,0.2,15
R20231122_0437,2023-11-22,Horse_0498,Horse_0498,Jockey_018,4,牝,2000,ダート,良,7,55.4,445.5,-2.3,76.0,1.0,4.333,0.6,1.0,0.857,0.46,3
R20231122_0437,2023-11-22,Horse_0215,Horse_0215,Jockey_039,6,牡,2000,ダート,良,10,53.0,478.8,4.6,362.0,0.0,1.333,0.8,0.5,0.333,0.24,8
R20231122_0437,2023-11-22,Horse_0369,Horse_0369,Jockey_028,9,牡,2000,ダート,良,6,55.0,471.7,3.7,12.0,2.0,5.667,0.0,0.0,0.0,0.3,6
R20231122_0437,2023-11-22,Horse_0337,Horse_0337,Jockey_019,7,牝,2000,ダート,良,3,54.6,503.8,7.7,10.0,3.0,6.667,0.0,0.0,0.0,0.18,14
R20231122_0437,2023-11-22,Horse_0361,Horse_0361,Jockey_031,2,牡,2000,ダート,良,4,57.1,464.8,,,0.0,,,,,0.28,2
R20231122_0437,2023-11-22,Horse_0344,Horse_0344,Jockey_005,4,牡,2000,ダート,良,5,54.4,486.6,-5.3,165.0,2.0,6.667,0.0,0.0,0.0,0.4,12
R20231122_0437,2023-11-22,Horse_0078,Horse_0078,Jockey_053,2,牝,2000,ダート,良,9,53.8,456.0,-3.1,42.0,3.0,2.333,1.0,1.0,1.0,0.18,5
R20231122_0437,2023-11-22,Horse_0587,Horse_0587,Jockey_069,3,牡,2000,ダート,良,14,54.9,503.2,-13.0,245.0,0.0,6.333,0.0,,0.0,0.28,11
R20231122_0437,2023-11-22,Horse_0805,Horse_0805,Jockey_001,7,せん,2000,ダート,良,15,57.3,507.5,10.2,78.0,1.0,4.667,0.4,,1.0,0.34,13
R20231124_0438,2023-11-24,Horse_0052,Horse_0052,Jockey_038,6,牝,2000,芝,良,7,51.5,492.3,4.4,130.0,1.0,10.667,0.25,0.0,0.333,0.2,4
R20231124_0438,2023-11-24,Horse_0893,Horse_0893,Jockey_069,7,牡,2000,芝,良,4,55.3,486.0,11.6,29.0,1.0,13.333,0.0,0.0,0.0,0.28,10
R20231124_0438,2023-11-24,Horse_0458,Horse_0458,Jockey_026,4,牡,2000,芝,良,6,57.9,470.0,-14.9,197.0,0.0,4.333,0.2,0.0,0.2,0.28,9
R20231124_0438,2023-11-24,Horse_0530,Horse_0530,Jockey_034,2,牡,2000,芝,良,10,53.4,511.1,6.4,80.0,1.0,3.5,0.5,,0.5,0.22,7
R20231124_0438,2023-11-24,Horse_0190,Horse_0190,Jockey_023,6,牡,2000,芝,良,2,56.3,486.0,5.5,101.0,1.0,12.0,0.0,0.0,0.0,0.14,8
R20231124_0438,2023-11-24,Horse_0415,Horse_0415,Jockey_010,9,牡,2000,芝,良,5,55.1,483.1,-4.0,32.0,1.0,5.0,0.6,0.5,0.25,0.34,2
R20231124_0438,2023-11-24,Horse_0528,Horse_0528,Jockey_003,3,牡,2000,芝,良,8,54.6,437.3,6.6,87.0,2.0,7.0,0.2,,0.25,0.22,1
R20231124_0438,2023-11-24,Horse_0385,Horse_0385,Jockey_032,8,せん,2000,芝,良,9,54.7,493.2,10.6,44.0,1.0,8.333,0.2,0.0,0.25,0.3,3
R20231124_0438,2023-11-24,Horse_0418,Horse_0418,Jockey_020,6,牡,2000,芝,良,1,56.0,434.3,-8.6,44.0,2.0,7.333,0.2,0.0,0.167,0.18,5
R20231124_0438,2023-11-24,Horse_0159,Horse_0159,Jockey_016,6,牝,2000,芝,良,3,53.6,525.2,15.2,35.0,2.0,8.333,0.0,0.5,0.2,0.28,6
R20231127_0439,2023-11-27,Horse_0164,Horse_0164,Jockey_062,5,牡,1600,芝,稍重,12,56.4,456.3,-2.9,261.0,0.0,5.333,0.2,0.333,0.143,0.26,6
R20231127_0439,2023-11-27,Horse_0785,Horse_0785,Jockey_013,4,牡,1600,芝,稍重,8,55.9,474.3,8.5,14.0,3.0,7.333,0.0,0.0,0.286,0.16,7
R20231127_0439,2023-11-27,Horse_0533,Horse_0533,Jockey_033,7,牝,1600,芝,稍重,1,52.7,501.8,-3.5,43.0,2.0,10.667,0.0,0.0,0.0,0.34,9
R20231127_0439,2023-11-27,Horse_0022,Horse_0022,Jockey_057,6,牝,1600,芝,稍重,4,53.5,443.9,-3.5,55.0,2.0,2.0,0.6,1.0,0.4,0.5,2
R20231127_0439,2023-11-27,Horse_0323,Horse_0323,Jockey_064,6,牝,1600,芝,稍重,10,53.0,491.3,-4.5,70.0,2.0,5.0,0.4,0.25,0.4,0.2,3
R20231127_0439,2023-11-27,Horse_0591,Horse_0591,Jockey_034,4,牝,1600,芝,稍重,13,55.5,477.3,-0.1,22.0,1.0,7.333,0.0,0.0,0.2,0.22,12
R20231127_0439,2023-11-27,Horse_0277,Horse_0277,Jockey_070,7,牡,1600,芝,稍重,3,54.8,435.5,2.8,185.0,0.0,5.0,0.6,0.0,0.333,0.18,8
R20231127_0439,2023-11-27,Horse_0118,Horse_0118,Jockey_006,8,牝,1600,芝,稍重,11,55.1,472.4,-5.4,24.0,1.0,9.0,0.25,0.0,0.25,0.22,5
R20231127_0439,2023-11-27,Horse_0317,Horse_0317,Jockey_067,5,牡,1600,芝,稍重,2,53.8,423.7,10.7,323.0,0.0,7.333,0.0,0.0,0.0,0.18,13
R20231127_0439,2023-11-27,Horse_0365,Horse_0365,Jockey_008,7,牡,1600,芝,稍重,9,54.3,466.6,-3.3,17.0,2.0,7.0,0.2,0.0,0.333,0.16,10
R20231127_0439,2023-11-27,Horse_0348,Horse_0348,Jockey_046,5,牝,1600,芝,稍重,15,54.5,452.7,-18.4,27.0,4.0,5.0,0.4,0.75,0.125,0.18,11
R20231127_0439,2023-11-27,Horse_0739,Horse_0739,Jockey_041,9,牡,1600,芝,稍重,7,53.4,424.5,-6.4,70.0,1.0,4.0,0.2,0.333,0.167,0.24,1
R20231127_0439,2023-11-27,Horse_0368,Horse_0368,Jockey_005,7,牝,1600,芝,稍重,6,54.0,426.2,-0.5,450.0,0.0,12.667,0.0,0.0,0.0,0.38,14
R20231127_0439,2023-11-27,Horse_0689,Horse_0689,Jockey_060,4,牝,1600,芝,稍重,5,51.9,429.2,4.0,389.0,0.0,4.667,0.2,0.0,0.143,0.14,15
R20231127_0439,2023-11-27,Horse_0327,Horse_0327,Jockey_078,2,牡,1600,芝,稍重,14,54.1,490.7,-8.8,43.0,1.0,9.5,0.0,,0.0,0.24,4
R20231129_0440,2023-11-29,Horse_0645,Horse_0645,Jockey_041,4,牝,2400,ダート,良,11,55.3,511.3,-6.0,397.0,0.0,5.0,0.0,,0.0,0.26,10
R20231129_0440,2023-11-29,Horse_0667,Horse_0667,Jockey_002,6,牡,2400,ダート,良,9,53.9,468.4,-2.7,106.0,1.0,7.0,0.4,,0.5,0.3,5
R20231129_0440,2023-11-29,Horse_0773,Horse_0773,Jockey_043,5,牡,2400,ダート,良,1,55.1,470.2,-15.9,44.0,1.0,10.333,0.2,0.0,0.25,0.18,6
R20231129_0440,2023-11-29,Horse_0374,Horse_0374,Jockey_006,6,せん,2400,ダート,良,7,55.4,492.0,5.5,172.0,1.0,2.667,0.6,,1.0,0.2,7
R20231129_0440,2023-11-29,Horse_0869,Horse_0869,Jockey_056,6,牝,2400,ダート,良,2,55.2,453.7,-4.9,105.0,1.0,6.0,0.0,,0.0,0.26,9
R20231129_0440,2023-11-29,Horse_0452,Horse_0452,Jockey_051,4,牡,2400,ダート,良,10,57.4,463.3,1.3,612.0,0.0,7.667,0.2,0.0,,0.36,11
R20231129_0440,2023-11-29,Horse_0824,Horse_0824,Jockey_054,2,せん,2400,ダート,良,4,53.1,489.7,1.2,72.0,1.0,1.5,1.0,,1.0,0.2,1
R20231129_0440,2023-11-29,Horse_0237,Horse_0237,Jockey_071,7,牝,2400,ダート,良,5,55.2,412.4,-14.6,410.0,0.0,2.0,1.0,,,0.22,8
R20231129_0440,2023-11-29,Horse_0249,Horse_0249,Jockey_005,9,牡,2400,ダート,良,6,55.7,459.5,-2.4,85.0,1.0,3.333,0.6,0.0,1.0,0.38,3
R20231129_0440,2023-11-29,Horse_0520,Horse_0520,Jockey_025,5,牡,2400,ダート,良,3,56.3,491.6,-6.0,354.0,0.0,1.0,0.8,,0.5,0.34,4
R20231129_0440,2023-11-29,Horse_0371,Horse_0371,Jockey_069,2,牡,2400,ダート,良,8,54.8,454.2,3.6,26.0,3.0,4.667,0.5,0.0,1.0,0.28,2
R20231203_0441,2023-12-03,Horse_0437,Horse_0437,Jockey_080,3,牝,2000,ダート,良,8,55.0,476.4,6.3,262.0,0.0,9.333,0.0,0.0,0.0,0.22,10
R20231203_0441,2023-12-03,Horse_0890,Horse_0890,Jockey_069,4,牡,2000,ダート,良,2,53.5,491.2,0.1,412.0,0.0,7.333,0.2,,0.25,0.3,8
R20231203_0441,2023-12-03,Horse_0131,Horse_0131,Jockey_058,8,牝,2000,ダート,良,11,54.6,415.8,-8.2,72.0,2.0,2.667,0.8,1.0,0.5,0.44,3
R20231203_0441,2023-12-03,Horse_0294,Horse_0294,Jockey_019,2,牝,2000,ダート,良,6,56.3,501.4,-1.3,89.0,1.0,5.333,0.333,0.0,,0.18,2
R20231203_0441,2023-12-03,Horse_0195,Horse_0195,Jockey_060,4,牡,2000,ダート,良,5,53.8,474.9,-6.3,155.0,1.0,6.0,0.5,,0.5,0.14,5
R20231203_0441,2023-12-03,Horse_0310,Horse_0310,Jockey_049,3,牝,2000,ダート,良,12,52.6,488.9,-15.0,25.0,2.0,10.0,0.0,,0.0,0.22,9
R20231203_0441,2023-12-03,Horse_0447,Horse_0447,Jockey_021,4,牝,2000,ダート,良,3,55.5,441.4,-11.1,525.0,0.0,5.0,0.0,0.0,,0.26,11
R20231203_0441,2023-12-03,Horse_0359,Horse_0359,Jockey_029,6,牝,2000,ダート,良,9,54.6,496.8,2.4,105.0,1.0,5.667,0.0,,0.0,0.22,6
R20231203_0441,2023-12-03,Horse_0178,Horse_0178,Jockey_043,8,牝,2000,ダート,良,7,55.1,463.5,-11.5,11.0,1.0,13.333,0.0,0.0,0.0,0.18,12
R20231203_0441,2023-12-03,Horse_0435,Horse_0435,Jockey_055,5,牝,2000,ダート,良,1,52.8,479.5,-4.7,129.0,1.0,5.0,0.0,0.0,0.0,0.24,4
R20231203_0441,2023-12-03,Horse_0194,Horse_0194,Jockey_065,9,牡,2000,ダート,良,10,55.8,482.5,0.0,382.0,0.0,6.333,0.2,0.0,0.0,0.306,7
R20231203_0441,2023-12-03,Horse_0222,Horse_0222,Jockey_056,2,牡,2000,ダート,良,4,56.7,469.0,,,0.0,,,,,0.24,1
R20231204_0442,2023-12-04,Horse_0079,Horse_0079,Jockey_008,6,牡,1400,ダート,不良,9,56.0,475.2,16.1,50.0,2.0,3.667,0.2,0.0,0.167,0.16,11
R20231204_0442,2023-12-04,Horse_0497,Horse_0497,Jockey_004,4,牡,1400,ダート,不良,10,53.4,474.1,6.9,69.0,1.0,8.667,0.0,,0.0,0.28,5
R20231204_0442,2023-12-04,Horse_0519,Horse_0519,Jockey_041,2,牝,1400,ダート,不良,13,52.4,437.9,4.7,105.0,2.0,12.0,0.0,0.0,0.0,0.26,13
R20231204_0442,2023-12-04,Horse_0228,Horse_0228,Jockey_023,5,牡,1400,ダート,不良,15,55.7,547.8,0.2,389.0,0.0,2.667,0.4,0.0,0.5,0.14,14
R20231204_0442,2023-12-04,Horse_0236,Horse_0236,Jockey_079,5,牝,1400,ダート,不良,11,53.8,468.5,-15.2,42.0,2.0,8.333,0.0,0.0,0.0,0.14,12
R20231204_0442,2023-12-04,Horse_0701,Horse_0701,Jockey_011,2,牡,1400,ダート,不良,12,57.5,467.0,11.4,69.0,3.0,3.667,0.6,,,0.2,1
R20231204_0442,2023-12-04,Horse_0737,Horse_0737,Jockey_059,9,牝,1400,ダート,不良,3,53.9,423.8,-3.1,29.0,2.0,7.0,0.0,0.0,0.0,0.38,9
R20231204_0442,2023-12-04,Horse_0711,Horse_0711,Jockey_078,6,牝,1400,ダート,不良,4,55.0,471.4,-2.4,101.0,1.0,7.667,0.4,0.5,0.333,0.24,7
R20231204_0442,2023-12-04,Horse_0173,Horse_0173,Jockey_054,7,牝,1400,ダート,不良,14,53.9,445.8,-5.0,27.0,1.0,10.667,0.0,0.0,0.0,0.22,15
R20231204_0442,2023-12-04,Horse_0688,Horse_0688,Jockey_040,3,牡,1400,ダート,不良,2,56.1,531.4,10.1,79.0,2.0,2.333,0.6,0.0,0.25,0.36,3
R20231204_0442,2023-12-04,Horse_0304,Horse_0304,Jockey_061,3,牝,1400,ダート,不良,1,54.8,472.9,20.8,77.0,3.0,8.0,0.4,0.5,0.0,0.38,6
R20231204_0442,2023-12-04,Horse_0344,Horse_0344,Jockey_047,4,牡,1400,ダート,不良,8,55.9,485.2,-1.4,12.0,2.0,8.0,0.0,0.0,0.0,0.24,8
R20231204_0442,2023-12-04,Horse_0293,Horse_0293,Jockey_024,4,牝,1400,ダート,不良,6,54.6,508.6,2.7,69.0,3.0,5.0,0.8,,0.5,0.12,4
R20231204_0442,2023-12-04,Horse_0099,Horse_0099,Jockey_017,5,牡,1400,ダート,不良,5,55.6,479.9,-6.1,374.0,0.0,3.667,0.6,0.0,0.25,0.36,10
R20231204_0442,2023-12-04,Horse_0832,Horse_0832,Jockey_006,8,牡,1400,ダート,不良,7,58.2,394.6,0.6,64.0,1.0,3.667,0.4,0.0,0.0,0.2,2
R20231208_0443,2023-12-08,Horse_0831,Horse_0831,Jockey_031,3,牝,2000,芝,稍重,5,53.3,484.6,-3.2,309.0,0.0,2.667,0.8,,1.0,0.3,9
R20231208_0443,2023-12-08,Horse_0370,Horse_0370,Jockey_041,9,牝,2000,芝,稍重,6,52.9,484.5,-0.5,23.0,3.0,8.333,0.2,0.0,0.25,0.24,2
R20231208_0443,2023-12-08,Horse_0802,Horse_0802,Jockey_056,9,牡,2000,芝,稍重,11,52.7,525.2,10.2,118.0,3.0,4.333,0.4,,0.333,0.26,4
R20231208_0443,2023-12-08,Horse_0747,Horse_0747,Jockey_043,7,牝,2000,芝,稍重,3,54.8,481.4,2.3,429.0,0.0,10.0,0.0,,0.0,0.16,15
R20231208_0443,2023-12-08,Horse_0464,Horse_0464,Jockey_070,8,せん,2000,芝,稍重,15,55.9,439.9,-6.5,190.0,0.0,8.667,0.0,,0.0,0.18,11
R20231208_0443,2023-12-08,Horse_0619,Horse_0619,Jockey_062,7,牡,2000,芝,稍重,12,54.6,507.2,0.2,373.0,0.0,7.333,0.2,,0.0,0.26,13
R20231208_0443,2023-12-08,Horse_0794,Horse_0794,Jockey_028,2,牡,2000,芝,稍重,13,54.6,429.2,13.4,126.0,1.0,6.667,0.0,0.0,0.0,0.3,8
R20231208_0443,2023-12-08,Horse_0522,Horse_0522,Jockey_029,8,牝,2000,芝,稍重,4,54.6,462.9,-13.8,38.0,2.0,11.333,0.0,0.0,0.0,0.22,6
R20231208_0443,2023-12-08,Horse_0262,Horse_0262,Jockey_060,8,牡,2000,芝,稍重,1,55.4,524.8,1.3,134.0,1.0,11.667,0.0,0.0,0.0,0.14,12
R20231208_0443,2023-12-08,Horse_0499,Horse_0499,Jockey_034,4,牝,2000,芝,稍重,9,55.9,485.9,7.4,113.0,1.0,7.0,0.0,0.0,0.0,0.22,7
R20231208_0443,2023-12-08,Horse_0684,Horse_0684,Jockey_024,6,牝,2000,芝,稍重,14,51.9,429.6,-11.3,122.0,1.0,10.667,0.0,0.0,0.0,0.12,14
R20231208_0443,2023-12-08,Horse_0420,Horse_0420,Jockey_080,2,牡,2000,芝,稍重,7,54.4,481.3,0.5,38.0,2.0,1.5,1.0,1.0,1.0,0.22,1
R20231208_0443,2023-12-08,Horse_0790,Horse_0790,Jockey_003,7,牝,2000,芝,稍重,10,54.6,483.2,11.9,161.0,1.0,9.667,0.0,0.0,0.0,0.24,10
R20231208_0443,2023-12-08,Horse_0235,Horse_0235,Jockey_045,6,せん,2000,芝,稍重,2,54.9,520.6,3.4,119.0,1.0,4.333,0.4,0.0,0.25,0.24,3
R20231208_0443,2023-12-08,Horse_0351,Horse_0351,Jockey_026,7,牝,2000,芝,稍重,8,56.0,527.6,-2.4,360.0,0.0,5.0,0.6,,0.667,0.26,5
R20231211_0444,2023-12-11,Horse_0052,Horse_0052,Jockey_070,6,牝,1800,ダート,重,5,53.5,494.3,2.0,17.0,2.0,9.667,0.2,,0.0,0.18,10
R20231211_0444,2023-12-11,Horse_0166,Horse_0166,Jockey_009,5,せん,1800,ダート,重,9,53.8,488.5,-1.1,64.0,1.0,10.333,0.0,0.0,0.0,0.3,9
R20231211_0444,2023-12-11,Horse_0598,Horse_0598,Jockey_031,4,牡,1800,ダート,重,12,54.5,440.8,2.3,289.0,0.0,7.667,0.25,0.0,0.0,0.3,7
R20231211_0444,2023-12-11,Horse_0713,Horse_0713,Jockey_020,6,牡,1800,ダート,重,2,53.9,473.1,-0.4,230.0,0.0,2.333,0.6,0.25,0.5,0.18,6
R20231211_0444,2023-12-11,Horse_0881,Horse_0881,Jockey_050,7,牡,1800,ダート,重,3,55.1,483.0,-6.3,108.0,2.0,7.333,0.2,,0.0,0.2,8
R20231211_0444,2023-12-11,Horse_0833,Horse_0833,Jockey_035,9,牝,1800,ダート,重,11,54.0,476.6,-17.0,64.0,1.0,14.0,0.0,0.0,0.0,0.32,12
R20231211_0444,2023-12-11,Horse_0249,Horse_0249,Jockey_011,9,牡,1800,ダート,重,8,55.9,466.6,7.1,12.0,2.0,3.667,0.8,1.0,1.0,0.22,5
R20231211_0444,2023-12-11,Horse_0850,Horse_0850,Jockey_001,2,牝,1800,ダート,重,1,55.7,464.7,-8.4,59.0,1.0,6.667,0.333,,0.0,0.32,3
R20231211_0444,2023-12-11,Horse_0571,Horse_0571,Jockey_058,8,せん,1800,ダート,重,7,54.5,446.7,-5.7,64.0,3.0,10.0,0.0,0.0,0.0,0.46,2
R20231211_0444,2023-12-11,Horse_0345,Horse_0345,Jockey_048,3,牡,1800,ダート,重,10,53.4,469.8,,,0.0,,,,,0.22,11
R20231211_0444,2023-12-11,Horse_0779,Horse_0779,Jockey_034,9,牡,1800,ダート,重,4,50.7,469.0,-10.3,80.0,1.0,4.0,0.0,1.0,0.5,0.2,1
R20231211_0444,2023-12-11,Horse_0242,Horse_0242,Jockey_078,3,牡,1800,ダート,重,6,56.1,548.5,10.7,97.0,1.0,5.333,0.25,0.5,0.5,0.24,4
R20231215_0445,2023-12-15,Horse_0457,Horse_0457,Jockey_077,9,牝,2000,芝,良,1,54.5,484.2,2.7,193.0,0.0,5.333,0.2,,0.2,0.06,7
R20231215_0445,2023-12-15,Horse_0363,Horse_0363,Jockey_076,5,牝,2000,芝,良,11,53.6,472.8,-12.5,218.0,0.0,8.667,0.0,0.0,0.0,0.28,9
R20231215_0445,2023-12-15,Horse_0007,Horse_0007,Jockey_027,4,牡,2000,芝,良,4,53.1,493.9,-2.6,260.0,0.0,7.667,0.2,0.0,0.0,0.22,6
R20231215_0445,2023-12-15,Horse_0841,Horse_0841,Jockey_013,6,牝,2000,芝,良,6,52.3,425.4,5.2,499.0,0.0,9.333,0.4,0.5,1.0,0.14,11
R20231215_0445,2023-12-15,Horse_0371,Horse_0371,Jockey_037,2,牡,2000,芝,良,3,57.1,458.1,3.9,16.0,4.0,3.333,0.6,,0.333,0.2,2
R20231215_0445,2023-12-15,Horse_0201,Horse_0201,Jockey_016,5,牡,2000,芝,良,9,56.1,469.8,-1.9,213.0,0.0,10.0,0.0,,0.0,0.28,10
R20231215_0445,2023-12-15,Horse_0434,Horse_0434,Jockey_060,2,牝,2000,芝,良,10,54.1,472.1,-0.6,23.0,3.0,7.0,0.333,0.0,0.0,0.14,5
R20231215_0445,2023-12-15,Horse_0035,Horse_0035,Jockey_012,2,牡,2000,芝,良,5,55.5,418.5,-3.6,117.0,1.0,2.667,0.667,0.0,0.5,0.2,1
R20231215_0445,2023-12-15,Horse_0828,Horse_0828,Jockey_051,8,牡,2000,芝,良,8,55.3,510.7,8.0,129.0,1.0,3.0,0.4,1.0,0.2,0.36,3
R20231215_0445,2023-12-15,Horse_0226,Horse_0226,Jockey_065,6,牝,2000,芝,良,7,53.0,474.7,6.5,231.0,0.0,6.333,0.4,0.5,0.5,0.3,4
R20231215_0445,2023-12-15,Horse_0898,Horse_0898,Jockey_071,5,牝,2000,芝,良,2,54.9,480.3,0.9,105.0,2.0,8.0,0.0,,0.0,0.22,8
R20231216_0446,2023-12-16,Horse_0562,Horse_0562,Jockey_076,7,牝,2400,芝,稍重,13,53.2,527.7,4.5,61.0,1.0,12.333,0.0,,0.0,0.28,15
R20231216_0446,2023-12-16,Horse_0731,Horse_0731,Jockey_007,9,せん,2400,芝,稍重,8,58.9,479.6,-0.7,117.0,2.0,7.0,0.2,1.0,0.4,0.2,13
R20231216_0446,2023-12-16,Horse_0107,Horse_0107,Jockey_034,4,牝,2400,芝,稍重,12,54.7,455.8,-2.3,43.0,1.0,8.333,0.0,0.0,0.0,0.22,7
R20231216_0446,2023-12-16,Horse_0868,Horse_0868,Jockey_011,7,牝,2400,芝,稍重,11,53.5,464.0,-2.9,41.0,1.0,7.0,0.0,0.0,0.0,0.22,10
R20231216_0446,2023-12-16,Horse_0072,Horse_0072,Jockey_025,3,牡,2400,芝,稍重,6,53.7,480.2,8.5,43.0,1.0,9.667,0.2,,0.2,0.34,3
R20231216_0446,2023-12-16,Horse_0165,Horse_0165,Jockey_042,9,牡,2400,芝,稍重,16,54.1,466.5,-9.1,244.0,0.0,9.667,0.0,,0.0,0.24,12
R20231216_0446,2023-12-16,Horse_0656,Horse_0656,Jockey_079,8,牡,2400,芝,稍重,1,56.6,488.4,-14.3,48.0,1.0,4.667,0.2,0.0,0.25,0.14,5
R20231216_0446,2023-12-16,Horse_0071,Horse_0071,Jockey_077,3,牡,2400,芝,稍重,10,56.4,477.8,7.8,33.0,1.0,8.333,0.25,,,0.06,11
R20231216_0446,2023-12-16,Horse_0462,Horse_0462,Jockey_040,3,牡,2400,芝,稍重,3,53.9,477.6,6.5,389.0,0.0,8.333,0.0,,0.0,0.38,14
R20231216_0446,2023-12-16,Horse_0798,Horse_0798,Jockey_063,2,牝,2400,芝,稍重,9,55.4,425.2,-1.9,142.0,2.0,3.0,0.667,,0.667,0.28,4
R20231216_0446,2023-12-16,Horse_0661,Horse_0661,Jockey_022,5,牝,2400,芝,稍重,7,53.9,520.6,-3.3,106.0,1.0,8.0,0.2,,0.5,0.12,6
R20231216_0446,2023-12-16,Horse_0465,Horse_0465,Jockey_032,4,牡,2400,芝,稍重,14,53.8,489.0,-0.1,113.0,1.0,6.333,0.4,0.0,0.0,0.32,9
R20231216_0446,2023-12-16,Horse_0507,Horse_0507,Jockey_070,4,牝,2400,芝,稍重,2,53.6,465.4,-3.9,159.0,1.0,4.0,0.2,,0.25,0.18,2
R20231216_0446,2023-12-16,Horse_0892,Horse_0892,Jockey_078,9,牡,2400,芝,稍重,4,53.5,453.4,-15.3,121.0,1.0,12.667,0.0,0.0,0.0,0.24,16
R20231216_0446,2023-12-16,Horse_0230,Horse_0230,Jockey_029,3,牡,2400,芝,稍重,15,53.7,513.2,3.2,85.0,2.0,2.333,0.6,,0.75,0.22,1
R20231216_0446,2023-12-16,Horse_0657,Horse_0657,Jockey_046,8,牡,2400,芝,稍重,5,56.1,449.4,1.9,91.0,2.0,6.667,0.2,0.0,0.333,0.18,8
R20231220_0447,2023-12-20,Horse_0726,Horse_0726,Jockey_038,7,牡,1200,芝,良,1,56.2,528.2,-5.4,172.0,1.0,6.333,0.2,,0.0,0.2,4
R20231220_0447,2023-12-20,Horse_0491,Horse_0491,Jockey_053,6,せん,1200,芝,良,3,54.4,462.5,10.4,226.0,0.0,4.0,0.4,0.333,0.5,0.18,7
R20231220_0447,2023-12-20,Horse_0664,Horse_0664,Jockey_043,2,牡,1200,芝,良,7,56.3,485.8,-12.6,40.0,1.0,5.667,0.333,,0.0,0.14,3
R20231220_0447,2023-12-20,Horse_0604,Horse_0604,Jockey_057,9,牡,1200,芝,良,2,54.2,493.2,1.2,138.0,2.0,6.333,0.0,0.0,0.143,0.52,1
R20231220_0447,2023-12-20,Horse_0625,Horse_0625,Jockey_052,4,牡,1200,芝,良,6,53.3,483.0,-16.2,346.0,0.0,2.333,1.0,1.0,0.75,0.18,6
R20231220_0447,2023-12-20,Horse_0423,Horse_0423,Jockey_066,6,牝,1200,芝,良,9,54.9,412.6,-8.2,321.0,0.0,3.333,0.6,1.0,1.0,0.2,5
R20231220_0447,2023-12-20,Horse_0556,Horse_0556,Jockey_064,5,せん,1200,芝,良,8,53.3,529.3,-0.9,80.0,2.0,9.0,0.0,0.0,0.0,0.2,9
R20231220_0447,2023-12-20,Horse_0042,Horse_0042,Jockey_061,6,牡,1200,芝,良,5,55.4,439.0,-11.7,177.0,1.0,7.667,0.0,0.0,0.0,0.38,8
R20231220_0447,2023-12-20,Horse_0237,Horse_0237,Jockey_045,7,牝,1200,芝,良,4,56.4,424.9,12.5,21.0,1.0,3.667,0.8,1.0,1.0,0.26,2
R20231223_0448,2023-12-23,Horse_0649,Horse_0649,Jockey_067,6,牝,2400,芝,良,4,54.8,494.0,7.0,53.0,2.0,6.0,0.0,,0.167,0.16,8
R20231223_0448,2023-12-23,Horse_0678,Horse_0678,Jockey_061,9,牝,2400,芝,良,3,53.5,481.3,14.5,46.0,1.0,9.667,0.0,,0.0,0.36,4
R20231223_0448,2023-12-23,Horse_0310,Horse_0310,Jockey_027,3,牝,2400,芝,良,9,55.8,490.7,1.8,20.0,3.0,10.333,0.0,,0.0,0.22,11
R20231223_0448,2023-12-23,Horse_0406,Horse_0406,Jockey_080,8,せん,2400,芝,良,1,54.9,434.5,3.3,96.0,1.0,12.0,0.0,,0.0,0.24,10
R20231223_0448,2023-12-23,Horse_0194,Horse_0194,Jockey_040,9,牡,2400,芝,良,7,56.4,479.7,-2.8,20.0,1.0,8.0,0.2,0.5,0.333,0.38,7
R20231223_0448,2023-12-23,Horse_0688,Horse_0688,Jockey_015,3,牡,2400,芝,良,2,53.8,518.9,-12.5,19.0,3.0,3.0,0.8,,0.667,0.1,5
R20231223_0448,2023-12-23,Horse_0240,Horse_0240,Jockey_028,2,牝,2400,芝,良,13,54.5,526.0,11.0,199.0,0.0,3.667,0.333,,0.0,0.28,9
R20231223_0448,2023-12-23,Horse_0265,Horse_0265,Jockey_075,3,牡,2400,芝,良,10,53.6,446.6,3.1,346.0,0.0,7.333,0.0,0.0,0.0,0.24,12
R20231223_0448,2023-12-23,Horse_0612,Horse_0612,Jockey_016,5,牡,2400,芝,良,11,54.8,525.9,15.7,144.0,1.0,10.667,0.0,0.0,0.0,0.28,6
R20231223_0448,2023-12-23,Horse_0053,Horse_0053,Jockey_033,4,牡,2400,芝,良,8,54.6,512.2,1.1,61.0,2.0,10.333,0.0,,0.0,0.34,2
R20231223_0448,2023-12-23,Horse_0531,Horse_0531,Jockey_059,6,牡,2400,芝,良,6,53.0,499.0,-7.7,152.0,2.0,3.0,0.4,0.0,0.2,0.36,3
R20231223_0448,2023-12-23,Horse_0352,Horse_0352,Jockey_001,5,牝,2400,芝,良,5,54.8,473.2,9.3,43.0,2.0,5.0,0.5,,0.333,0.34,1
R20231223_0448,2023-12-23,Horse_0502,Horse_0502,Jockey_023,7,牝,2400,芝,良,12,53.5,488.2,-16.7,81.0,2.0,9.333,0.0,0.0,0.0,0.14,13
R20231227_0449,2023-12-27,Horse_0300,Horse_0300,Jockey_076,9,牝,2000,芝,良,1,53.5,507.4,-7.8,924.0,0.0,10.0,0.0,0.0,0.0,0.28,15
R20231227_0449,2023-12-27,Horse_0574,Horse_0574,Jockey_027,2,牝,2000,芝,良,10,55.9,507.3,,,0.0,,,,,0.22,11
R20231227_0449,2023-12-27,Horse_0253,Horse_0253,Jockey_013,4,せん,2000,芝,良,5,53.4,495.9,7.4,96.0,1.0,13.333,0.0,0.0,0.0,0.14,13
R20231227_0449,2023-12-27,Horse_0776,Horse_0776,Jockey_029,5,牡,2000,芝,良,14,55.1,474.5,5.0,49.0,2.0,5.0,0.4,0.0,0.429,0.24,4
R20231227_0449,2023-12-27,Horse_0361,Horse_0361,Jockey_028,2,牡,2000,芝,良,8,55.3,463.3,-1.5,35.0,1.0,2.0,1.0,1.0,,0.28,3
R20231227_0449,2023-12-27,Horse_0858,Horse_0858,Jockey_006,7,牝,2000,芝,良,7,55.4,494.3,1.9,378.0,0.0,2.333,0.8,,0.667,0.22,8
R20231227_0449,2023-12-27,Horse_0543,Horse_0543,Jockey_012,9,牡,2000,芝,良,9,55.8,501.9,10.3,216.0,0.0,7.333,0.2,0.0,0.167,0.22,6
R20231227_0449,2023-12-27,Horse_0336,Horse_0336,Jockey_038,7,せん,2000,芝,良,15,53.7,466.4,-9.9,44.0,1.0,5.0,0.2,,0.25,0.2,5
R20231227_0449,2023-12-27,Horse_0697,Horse_0697,Jockey_068,2,牝,2000,芝,良,3,54.4,457.6,-0.1,255.0,0.0,5.0,0.0,,0.0,0.24,10
R20231227_0449,2023-12-27,Horse_0447,Horse_0447,Jockey_019,4,牝,2000,芝,良,13,54.8,427.6,-13.8,24.0,1.0,7.333,0.0,0.0,0.0,0.2,2
R20231227_0449,2023-12-27,Horse_0818,Horse_0818,Jockey_060,8,牝,2000,芝,良,4,55.9,416.2,-0.3,38.0,1.0,8.333,0.0,0.0,0.0,0.14,9
R20231227_0449,2023-12-27,Horse_0875,Horse_0875,Jockey_054,8,牝,2000,芝,良,2,56.3,448.7,9.1,368.0,0.0,7.667,0.25,0.0,0.5,0.22,14
R20231227_0449,2023-12-27,Horse_0453,Horse_0453,Jockey_041,6,牡,2000,芝,良,6,57.4,453.2,4.8,52.0,1.0,5.333,0.2,,0.143,0.26,7
R20231227_0449,2023-12-27,Horse_0087,Horse_0087,Jockey_065,9,牝,2000,芝,良,12,54.3,421.0,8.9,137.0,1.0,6.667,0.6,1.0,0.75,0.28,1
R20231227_0449,2023-12-27,Horse_0866,Horse_0866,Jockey_005,7,牝,2000,芝,良,11,55.3,453.1,-14.0,205.0,0.0,8.667,0.0,,0.0,0.4,12
R20231228_0450,2023-12-28,Horse_0091,Horse_0091,Jockey_076,4,牡,2000,芝,稍重,7,56.9,472.8,4.1,118.0,1.0,4.667,0.4,0.0,0.0,0.28,4
R20231228_0450,2023-12-28,Horse_0694,Horse_0694,Jockey_034,4,牝,2000,芝,稍重,2,55.3,503.8,12.1,541.0,0.0,10.0,0.25,0.0,0.25,0.22,11
R20231228_0450,2023-12-28,Horse_0408,Horse_0408,Jockey_013,2,牡,2000,芝,稍重,5,54.3,469.4,11.0,149.0,2.0,4.0,0.75,1.0,0.5,0.14,9
R20231228_0450,2023-12-28,Horse_0593,Horse_0593,Jockey_007,5,牝,2000,芝,稍重,11,56.0,470.0,-3.0,134.0,1.0,8.0,0.2,0.5,0.25,0.2,10
R20231228_0450,2023-12-28,Horse_0498,Horse_0498,Jockey_080,4,牝,2000,芝,稍重,10,54.1,442.3,-3.2,36.0,2.0,2.667,0.6,1.0,0.2,0.22,3
R20231228_0450,2023-12-28,Horse_0794,Horse_0794,Jockey_073,2,牡,2000,芝,稍重,8,56.6,413.6,-15.6,20.0,2.0,8.0,0.0,0.0,0.0,0.3,6
R20231228_0450,2023-12-28,Horse_0501,Horse_0501,Jockey_011,4,牝,2000,芝,稍重,3,53.3,453.4,-0.2,138.0,1.0,2.667,0.4,0.0,0.125,0.2,2
R20231228_0450,2023-12-28,Horse_0735,Horse_0735,Jockey_079,7,牝,2000,芝,稍重,13,53.8,477.5,-2.5,827.0,0.0,13.0,0.0,,0.0,0.14,13
R20231228_0450,2023-12-28,Horse_0284,Horse_0284,Jockey_070,5,牡,2000,芝,稍重,9,57.7,452.3,9.1,157.0,1.0,5.667,0.4,,0.2,0.2,8
R20231228_0450,2023-12-28,Horse_0034,Horse_0034,Jockey_038,9,牡,2000,芝,稍重,1,55.8,506.3,-4.9,525.0,0.0,4.0,0.333,0.0,0.333,0.2,12
R20231228_0450,2023-12-28,Horse_0642,Horse_0642,Jockey_071,9,牡,2000,芝,稍重,4,53.4,511.4,-1.7,223.0,0.0,12.5,0.0,,0.0,0.2,5
R20231228_0450,2023-12-28,Horse_0217,Horse_0217,Jockey_020,2,牡,2000,芝,稍重,6,57.4,465.8,-8.9,135.0,1.0,7.5,0.0,0.0,0.0,0.18,7
R20231228_0450,2023-12-28,Horse_0131,Horse_0131,Jockey_019,8,牝,2000,芝,稍重,12,56.1,423.0,7.2,25.0,2.0,3.0,0.8,1.0,1.0,0.22,1
R20231230_0451,2023-12-30,Horse_0295,Horse_0295,Jockey_017,6,牝,1200,芝,重,1,54.3,454.3,-0.3,110.0,1.0,10.333,0.0,0.0,0.2,0.34,6
R20231230_0451,2023-12-30,Horse_0147,Horse_0147,Jockey_075,9,牡,1200,芝,重,8,55.7,464.4,11.5,361.0,0.0,2.333,0.8,0.333,0.5,0.24,7
R20231230_0451,2023-12-30,Horse_0519,Horse_0519,Jockey_040,2,牝,1200,芝,重,2,55.3,442.6,4.7,26.0,3.0,13.0,0.0,,0.0,0.36,4
R20231230_0451,2023-12-30,Horse_0770,Horse_0770,Jockey_062,6,牝,1200,芝,重,6,56.1,495.0,-2.2,381.0,0.0,5.333,0.6,1.0,0.75,0.26,5
R20231230_0451,2023-12-30,Horse_0468,Horse_0468,Jockey_074,3,牝,1200,芝,重,4,54.4,454.5,-1.8,512.0,0.0,5.0,0.0,0.0,,0.2,8
R20231230_0451,2023-12-30,Horse_0870,Horse_0870,Jockey_032,4,せん,1200,芝,重,7,56.6,524.3,4.1,52.0,2.0,7.0,0.0,0.0,0.0,0.32,3
R20231230_0451,2023-12-30,Horse_0215,Horse_0215,Jockey_053,6,牡,1200,芝,重,3,55.2,476.0,-2.8,38.0,1.0,3.333,0.8,1.0,0.667,0.18,1
R20231230_0451,2023-12-30,Horse_0341,Horse_0341,Jockey_001,2,牡,1200,芝,重,5,55.2,471.6,-3.3,65.0,1.0,1.0,1.0,,1.0,0.34,2
R20231231_0452,2023-12-31,Horse_0366,Horse_0366,Jockey_045,6,牡,2000,芝,良,3,53.0,443.5,-7.5,81.0,1.0,3.0,0.4,0.333,0.571,0.26,1
R20231231_0452,2023-12-31,Horse_0166,Horse_0166,Jockey_071,5,せん,2000,芝,良,8,57.1,481.0,-7.5,20.0,2.0,9.667,0.0,0.0,0.0,0.2,9
R20231231_0452,2023-12-31,Horse_0348,Horse_0348,Jockey_054,5,牝,2000,芝,良,6,56.9,456.5,3.8,34.0,5.0,6.667,0.4,0.0,0.111,0.22,2
R20231231_0452,2023-12-31,Horse_0055,Horse_0055,Jockey_064,6,せん,2000,芝,良,9,55.6,476.7,-1.0,273.0,0.0,5.333,0.6,0.5,0.833,0.2,6
R20231231_0452,2023-12-31,Horse_0401,Horse_0401,Jockey_010,4,牝,2000,芝,良,11,54.1,488.9,10.8,46.0,1.0,7.667,0.2,1.0,0.333,0.36,11
R20231231_0452,2023-12-31,Horse_0497,Horse_0497,Jockey_008,4,牡,2000,芝,良,10,54.5,466.2,-7.9,27.0,2.0,7.667,0.0,,0.0,0.14,7
R20231231_0452,2023-12-31,Horse_0259,Horse_0259,Jockey_007,8,せん,2000,芝,良,4,56.9,483.6,-9.7,51.0,1.0,5.333,0.4,0.0,0.0,0.2,3
R20231231_0452,2023-12-31,Horse_0871,Horse_0871,Jockey_052,5,牝,2000,芝,良,12,54.9,508.1,6.8,280.0,0.0,5.333,0.2,0.0,0.2,0.18,10
R20231231_0452,2023-12-31,Horse_0236,Horse_0236,Jockey_013,5,牝,2000,芝,良,5,54.7,479.0,10.5,27.0,3.0,10.0,0.0,,0.0,0.14,12
R20231231_0452,2023-12-31,Horse_0821,Horse_0821,Jockey_073,3,牡,2000,芝,良,2,56.8,412.5,-6.8,42.0,1.0,10.0,0.0,0.0,0.167,0.28,8
R20231231_0452,2023-12-31,Horse_0826,Horse_0826,Jockey_076,8,牝,2000,芝,良,7,53.4,462.3,-2.5,81.0,1.0,8.667,0.2,0.0,0.667,0.28,5
R20231231_0452,2023-12-31,Horse_0022,Horse_0022,Jockey_039,6,牝,2000,芝,良,1,56.5,457.8,13.9,34.0,3.0,2.0,0.8,,0.5,0.24,4
R20240104_0453,2024-01-04,Horse_0756,Horse_0756,Jockey_044,7,牝,1600,芝,稍重,2,53.7,463.3,8.7,45.0,2.0,3.667,0.8,0.333,0.5,0.36,1
R20240104_0453,2024-01-04,Horse_0527,Horse_0527,Jockey_039,2,牝,1600,芝,稍重,6,54.8,491.9,,,0.0,,,,,0.24,6
R20240104_0453,2024-01-04,Horse_0784,Horse_0784,Jockey_064,8,牝,1600,芝,稍重,11,55.7,388.3,-15.0,43.0,1.0,6.667,0.0,0.0,0.0,0.2,11
R20240104_0453,2024-01-04,Horse_0355,Horse_0355,Jockey_023,5,牡,1600,芝,稍重,7,54.9,453.1,-6.6,156.0,1.0,7.0,0.2,0.5,0.125,0.14,9
R20240104_0453,2024-01-04,Horse_0289,Horse_0289,Jockey_010,9,牡,1600,芝,稍重,1,53.7,447.8,8.9,359.0,0.0,9.0,0.0,0.0,0.0,0.34,12
R20240104_0453,2024-01-04,Horse_0367,Horse_0367,Jockey_046,8,牡,1600,芝,稍重,9,54.5,465.4,3.9,52.0,1.0,7.333,0.6,0.5,0.6,0.18,4
R20240104_0453,2024-01-04,Horse_0742,Horse_0742,Jockey_061,4,牡,1600,芝,稍重,4,56.5,519.4,4.1,251.0,0.0,3.667,0.5,1.0,1.0,0.36,7
R20240104_0453,2024-01-04,Horse_0576,Horse_0576,Jockey_042,2,牝,1600,芝,稍重,5,55.0,509.6,,,0.0,,,,,0.24,3
R20240104_0453,2024-01-04,Horse_0668,Horse_0668,Jockey_059,9,せん,1600,芝,稍重,3,55.1,467.9,-11.9,132.0,1.0,10.333,0.0,0.0,0.286,0.38,5
R20240104_0453,2024-01-04,Horse_0148,Horse_0148,Jockey_007,5,牡,1600,芝,稍重,8,53.8,490.9,4.0,43.0,2.0,3.667,0.6,0.0,0.286,0.22,2
R20240104_0453,2024-01-04,Horse_0454,Horse_0454,Jockey_072,7,牡,1600,芝,稍重,10,55.7,459.5,-0.6,125.0,2.0,6.0,0.0,,0.0,0.34,10
R20240104_0453,2024-01-04,Horse_0587,Horse_0587,Jockey_073,4,牡,1600,芝,稍重,12,53.3,518.4,15.2,43.0,1.0,8.333,0.0,,,0.26,8
R20240107_0454,2024-01-07,Horse_0274,Horse_0274,Jockey_052,3,牡,2000,ダート,重,4,55.5,456.4,7.1,103.0,2.0,5.333,0.2,0.0,,0.18,5
R20240107_0454,2024-01-07,Horse_0785,Horse_0785,Jockey_049,5,牡,2000,ダート,重,6,54.7,479.7,5.4,41.0,4.0,7.0,0.0,,0.25,0.2,2
R20240107_0454,2024-01-07,Horse_0157,Horse_0157,Jockey_065,3,牡,2000,ダート,重,10,54.7,431.9,5.1,55.0,3.0,7.0,0.2,0.0,0.0,0.28,1
R20240107_0454,2024-01-07,Horse_0030,Horse_0030,Jockey_067,9,牡,2000,ダート,重,13,54.8,460.9,-0.8,60.0,1.0,2.667,0.6,1.0,0.5,0.14,3
R20240107_0454,2024-01-07,Horse_0346,Horse_0346,Jockey_047,4,牡,2000,ダート,重,14,56.4,457.0,4.7,65.0,2.0,9.333,0.0,,0.0,0.24,8
R20240107_0454,2024-01-07,Horse_0253,Horse_0253,Jockey_018,5,せん,2000,ダート,重,5,53.9,505.8,9.9,11.0,2.0,13.333,0.0,0.0,0.0,0.48,11
R20240107_0454,2024-01-07,Horse_0006,Horse_0006,Jockey_069,6,牡,2000,ダート,重,16,55.6,496.8,13.0,638.0,0.0,1.667,1.0,,1.0,0.28,15
R20240107_0454,2024-01-07,Horse_0873,Horse_0873,Jockey_010,4,牝,2000,ダート,重,3,53.5,487.7,-10.8,122.0,1.0,6.0,0.2,,0.0,0.32,7
R20240107_0454,2024-01-07,Horse_0681,Horse_0681,Jockey_032,7,牡,2000,ダート,重,15,53.8,441.9,-13.7,208.0,0.0,11.0,0.0,0.0,0.0,0.34,16
R20240107_0454,2024-01-07,Horse_0803,Horse_0803,Jockey_009,3,牝,2000,ダート,重,1,53.9,475.7,-8.2,316.0,0.0,2.0,1.0,,,0.28,6
R20240107_0454,2024-01-07,Horse_0721,Horse_0721,Jockey_028,4,牡,2000,ダート,重,7,56.2,427.9,-3.1,226.0,0.0,5.333,0.2,,0.5,0.3,10
R20240107_0454,2024-01-07,Horse_0470,Horse_0470,Jockey_015,2,牝,2000,ダート,重,8,55.6,524.5,,,0.0,,,,,0.1,13
R20240107_0454,2024-01-07,Horse_0512,Horse_0512,Jockey_002,9,牝,2000,ダート,重,9,53.3,467.1,5.5,195.0,0.0,7.0,0.0,,,0.28,9
R20240107_0454,2024-01-07,Horse_0663,Horse_0663,Jockey_054,5,牝,2000,ダート,重,12,55.3,467.1,-4.3,362.0,0.0,6.0,0.6,0.667,0.333,0.24,14
R20240107_0454,2024-01-07,Horse_0287,Horse_0287,Jockey_029,8,牡,2000,ダート,重,11,55.3,458.8,-5.7,86.0,2.0,5.667,0.4,0.0,0.0,0.24,12
R20240107_0454,2024-01-07,Horse_0740,Horse_0740,Jockey_019,3,牡,2000,ダート,重,2,54.1,413.7,5.9,318.0,0.0,5.0,0.0,,0.0,0.24,4
R20240110_0455,2024-01-10,Horse_0871,Horse_0871,Jockey_073,6,牝,1400,ダート,重,10,55.8,500.6,-7.5,10.0,1.0,7.0,0.2,,0.0,0.26,5
R20240110_0455,2024-01-10,Horse_0244,Horse_0244,Jockey_036,4,牡,1400,ダート,重,5,55.2,497.9,1.1,71.0,1.0,9.0,0.333,0.0,0.0,0.38,8
R20240110_0455,2024-01-10,Horse_0343,Horse_0343,Jockey_047,8,牡,1400,ダート,重,3,55.6,458.6,-10.9,148.0,1.0,3.333,0.8,0.5,0.667,0.24,3
R20240110_0455,2024-01-10,Horse_0524,Horse_0524,Jockey_013,7,牝,1400,ダート,重,1,55.9,399.3,-8.3,65.0,2.0,4.333,0.4,0.0,0.0,0.14,7
R20240110_0455,2024-01-10,Horse_0342,Horse_0342,Jockey_017,5,牝,1400,ダート,重,9,54.0,459.5,11.8,407.0,0.0,9.667,0.2,0.0,0.0,0.34,10
R20240110_0455,2024-01-10,Horse_0192,Horse_0192,Jockey_028,9,牝,1400,ダート,重,2,52.5,503.8,6.9,68.0,2.0,6.333,0.2,0.5,0.25,0.28,1
R20240110_0455,2024-01-10,Horse_0706,Horse_0706,Jockey_031,4,牝,1400,ダート,重,7,54.1,457.7,-8.5,142.0,1.0,3.0,0.4,0.0,0.5,0.3,6
R20240110_0455,2024-01-10,Horse_0061,Horse_0061,Jockey_025,6,牡,1400,ダート,重,8,56.4,467.3,-0.4,82.0,1.0,5.667,0.2,0.0,0.0,0.36,2
R20240110_0455,2024-01-10,Horse_0771,Horse_0771,Jockey_046,9,牡,1400,ダート,重,4,53.7,519.4,12.5,103.0,1.0,7.0,0.4,0.333,0.667,0.18,4
R20240110_0455,2024-01-10,Horse_0881,Horse_0881,Jockey_070,8,牡,1400,ダート,重,6,54.4,492.5,9.5,30.0,2.0,7.667,0.2,0.0,0.0,0.2,9
R20240111_0456,2024-01-11,Horse_0284,Horse_0284,Jockey_055,6,牡,1800,芝,良,12,56.3,446.1,-6.2,14.0,2.0,6.667,0.2,0.5,0.167,0.22,4
R20240111_0456,2024-01-11,Horse_0633,Horse_0633,Jockey_008,3,牝,1800,芝,良,8,52.2,477.4,-0.1,228.0,0.0,7.333,0.333,,0.0,0.14,13
R20240111_0456,2024-01-11,Horse_0793,Horse_0793,Jockey_070,3,牡,1800,芝,良,4,55.7,459.8,-2.0,117.0,1.0,2.333,0.667,,1.0,0.2,1
R20240111_0456,2024-01-11,Horse_0791,Horse_0791,Jockey_004,7,牡,1800,芝,良,1,55.1,474.8,18.8,72.0,2.0,5.667,0.2,,0.333,0.28,6
R20240111_0456,2024-01-11,Horse_0070,Horse_0070,Jockey_054,2,牡,1800,芝,良,11,53.9,484.2,,,0.0,,,,,0.24,11
R20240111_0456,2024-01-11,Horse_0123,Horse_0123,Jockey_035,8,牝,1800,芝,良,2,55.7,546.0,9.0,163.0,1.0,1.0,1.0,,0.75,0.32,7
R20240111_0456,2024-01-11,Horse_0498,Horse_0498,Jockey_075,5,牝,1800,芝,良,14,55.8,456.4,14.1,14.0,3.0,3.0,0.8,0.667,0.333,0.24,10
R20240111_0456,2024-01-11,Horse_0220,Horse_0220,Jockey_015,9,牝,1800,芝,良,9,55.6,529.8,7.6,92.0,2.0,10.333,0.0,0.0,0.0,0.1,14
R20240111_0456,2024-01-11,Horse_0542,Horse_0542,Jockey_017,5,せん,1800,芝,良,6,54.5,427.3,-11.3,66.0,2.0,9.667,0.0,0.0,0.0,0.32,2
R20240111_0456,2024-01-11,Horse_0854,Horse_0854,Jockey_057,6,牝,1800,芝,良,5,53.9,451.4,-5.2,180.0,1.0,7.0,0.2,1.0,0.286,0.54,5
R20240111_0456,2024-01-11,Horse_0025,Horse_0025,Jockey_027,3,牝,1800,芝,良,13,56.8,467.6,-9.7,148.0,1.0,5.0,0.0,,0.0,0.22,8
R20240111_0456,2024-01-11,Horse_0009,Horse_0009,Jockey_041,2,牝,1800,芝,良,10,54.3,442.2,,,0.0,,,,,0.26,9
R20240111_0456,2024-01-11,Horse_0313,Horse_0313,Jockey_026,7,牡,1800,芝,良,3,55.3,477.3,-8.0,314.0,0.0,4.333,0.6,0.0,1.0,0.26,12
R20240111_0456,2024-01-11,Horse_0651,Horse_0651,Jockey_046,7,牡,1800,芝,良,7,52.6,467.3,-8.1,111.0,1.0,7.0,0.0,0.333,0.1,0.18,3
R20240115_0457,2024-01-15,Horse_0356,Horse_0356,Jockey_033,5,牝,1800,芝,稍重,8,55.9,438.0,-12.2,99.0,1.0,12.333,0.0,0.0,0.0,0.34,9
R20240115_0457,2024-01-15,Horse_0080,Horse_0080,Jockey_043,7,牡,1800,芝,稍重,1,53.3,470.1,4.9,102.0,1.0,6.0,0.2,0.0,0.25,0.16,11
R20240115_0457,2024-01-15,Horse_0357,Horse_0357,Jockey_049,4,牡,1800,芝,稍重,10,52.3,414.3,-20.2,358.0,0.0,12.0,0.0,,,0.22,13
R20240115_0457,2024-01-15,Horse_0368,Horse_0368,Jockey_024,8,牝,1800,芝,稍重,5,54.9,425.0,-1.2,49.0,1.0,12.667,0.0,0.0,0.0,0.12,10
R20240115_0457,2024-01-15,Horse_0480,Horse_0480,Jockey_066,5,牝,1800,芝,稍重,6,54.8,487.2,4.4,57.0,1.0,8.333,0.2,1.0,0.143,0.18,1
R20240115_0457,2024-01-15,Horse_0900,Horse_0900,Jockey_051,6,牝,1800,芝,稍重,12,55.8,404.0,7.9,56.0,2.0,3.667,0.4,0.5,0.667,0.38,3
R20240115_0457,2024-01-15,Horse_0700,Horse_0700,Jockey_080,4,牡,1800,芝,稍重,4,56.0,498.7,6.7,115.0,1.0,5.333,0.2,,0.25,0.24,8
R20240115_0457,2024-01-15,Horse_0312,Horse_0312,Jockey_068,3,牝,1800,芝,稍重,11,51.9,463.8,-14.5,63.0,2.0,10.5,0.0,,0.0,0.22,5
R20240115_0457,2024-01-15,Horse_0199,Horse_0199,Jockey_037,4,牡,1800,芝,稍重,3,54.9,533.5,-8.6,308.0,0.0,7.667,0.0,,0.0,0.22,12
R20240115_0457,2024-01-15,Horse_0379,Horse_0379,Jockey_038,5,牝,1800,芝,稍重,2,57.1,513.3,-2.1,297.0,0.0,5.667,0.6,1.0,0.333,0.2,7
R20240115_0457,2024-01-15,Horse_0840,Horse_0840,Jockey_076,5,牡,1800,芝,稍重,9,56.7,469.5,4.9,233.0,0.0,3.667,0.6,,0.667,0.28,4
R20240115_0457,2024-01-15,Horse_0691,Horse_0691,Jockey_023,4,牝,1800,芝,稍重,7,52.8,442.7,-4.7,63.0,1.0,6.0,0.2,,0.0,0.14,2
R20240115_0457,2024-01-15,Horse_0695,Horse_0695,Jockey_040,2,牝,1800,芝,稍重,13,57.1,471.8,,,0.0,,,,,0.34,6
R20240118_0458,2024-01-18,Horse_0160,Horse_0160,Jockey_032,4,牝,2000,芝,稍重,3,52.7,451.7,9.1,156.0,1.0,8.667,0.2,0.25,0.5,0.34,2
R20240118_0458,2024-01-18,Horse_0073,Horse_0073,Jockey_004,7,牝,2000,芝,稍重,4,55.6,499.9,-8.0,263.0,0.0,10.0,0.0,,0.0,0.28,5
R20240118_0458,2024-01-18,Horse_0156,Horse_0156,Jockey_078,7,せん,2000,芝,稍重,6,53.8,501.2,-5.3,592.0,0.0,10.667,0.0,,0.0,0.22,8
R20240118_0458,2024-01-18,Horse_0193,Horse_0193,Jockey_036,4,牝,2000,芝,稍重,5,56.4,490.4,13.4,178.0,1.0,7.667,0.0,0.0,0.0,0.36,4
R20240118_0458,2024-01-18,Horse_0890,Horse_0890,Jockey_020,5,牡,2000,芝,稍重,1,56.1,499.5,8.3,46.0,1.0,6.667,0.2,0.0,0.0,0.18,1
R20240118_0458,2024-01-18,Horse_0043,Horse_0043,Jockey_050,7,牡,2000,芝,稍重,7,53.5,508.0,-3.4,139.0,2.0,10.667,0.0,0.0,0.0,0.2,6
R20240118_0458,2024-01-18,Horse_0050,Horse_0050,Jockey_071,9,牝,2000,芝,稍重,8,53.4,459.2,-6.0,175.0,1.0,10.333,0.0,0.0,0.0,0.2,7
R20240118_0458,2024-01-18,Horse_0458,Horse_0458,Jockey_030,5,牡,2000,芝,稍重,2,55.8,475.2,5.2,55.0,1.0,5.667,0.2,0.0,0.167,0.2,3
R20240121_0459,2024-01-21,Horse_0530,Horse_0530,Jockey_047,3,牡,1800,ダート,良,9,53.6,505.8,-5.3,58.0,2.0,4.667,0.333,,,0.26,2
R20240121_0459,2024-01-21,Horse_0652,Horse_0652,Jockey_030,8,牡,1800,ダート,良,7,57.4,500.8,11.5,158.0,1.0,4.667,0.2,0.0,0.0,0.22,10
R20240121_0459,2024-01-21,Horse_0661,Horse_0661,Jockey_043,6,牝,1800,ダート,良,10,53.1,538.8,18.2,36.0,2.0,7.667,0.0,0.0,0.0,0.16,6
R20240121_0459,2024-01-21,Horse_0726,Horse_0726,Jockey_052,8,牡,1800,ダート,良,3,53.0,516.7,-11.5,32.0,1.0,4.333,0.2,0.0,0.5,0.16,1
R20240121_0459,2024-01-21,Horse_0876,Horse_0876,Jockey_034,9,牡,1800,ダート,良,11,55.0,494.1,-2.5,93.0,1.0,11.0,0.0,0.0,0.0,0.2,5
R20240121_0459,2024-01-21,Horse_0692,Horse_0692,Jockey_022,5,牡,1800,ダート,良,4,52.9,458.3,-11.7,70.0,2.0,8.333,0.0,0.0,0.0,0.12,9
R20240121_0459,2024-01-21,Horse_0429,Horse_0429,Jockey_015,2,牡,1800,ダート,良,8,55.0,485.8,,,0.0,,,,,0.1,3
R20240121_0459,2024-01-21,Horse_0561,Horse_0561,Jockey_040,9,牝,1800,ダート,良,6,52.9,458.3,-17.5,136.0,1.0,9.333,0.0,0.0,0.0,0.34,7
R20240121_0459,2024-01-21,Horse_0476,Horse_0476,Jockey_068,4,牡,1800,ダート,良,5,55.9,461.2,0.6,110.0,2.0,7.333,0.0,,0.0,0.2,8
R20240121_0459,2024-01-21,Horse_0791,Horse_0791,Jockey_016,7,牡,1800,ダート,良,1,57.0,463.7,-11.1,10.0,3.0,6.333,0.0,0.0,0.25,0.26,4
R20240121_0459,2024-01-21,Horse_0615,Horse_0615,Jockey_008,5,牝,1800,ダート,良,2,55.0,534.7,11.3,145.0,1.0,7.333,0.0,0.0,0.0,0.14,11
R20240124_0460,2024-01-24,Horse_0770,Horse_0770,Jockey_079,7,牝,1200,ダート,良,1,56.1,496.2,1.2,25.0,1.0,3.667,0.4,0.667,0.0,0.14,1
R20240124_0460,2024-01-24,Horse_0061,Horse_0061,Jockey_036,6,牡,1200,ダート,良,10,55.0,476.4,9.1,14.0,2.0,5.333,0.4,0.333,0.333,0.36,3
R20240124_0460,2024-01-24,Horse_0096,Horse_0096,Jockey_049,8,牝,1200,ダート,良,6,53.5,485.3,-2.4,145.0,1.0,7.667,0.2,1.0,0.25,0.2,4
R20240124_0460,2024-01-24,Horse_0714,Horse_0714,Jockey_078,3,牝,1200,ダート,良,9,54.9,516.5,10.3,120.0,1.0,8.0,0.0,0.0,,0.2,7
R20240124_0460,2024-01-24,Horse_0624,Horse_0624,Jockey_025,2,牝,1200,ダート,良,7,54.4,478.5,,,0.0,,,,,0.38,11
R20240124_0460,2024-01-24,Horse_0734,Horse_0734,Jockey_021,3,牡,1200,ダート,良,2,54.8,523.1,-1.9,304.0,0.0,7.0,0.0,,,0.26,9
R20240124_0460,2024-01-24,Horse_0865,Horse_0865,Jockey_057,2,牡,1200,ダート,良,3,56.7,455.4,,,0.0,,,,,0.52,6
R20240124_0460,2024-01-24,Horse_0707,Horse_0707,Jockey_028,2,牝,1200,ダート,良,8,56.8,399.8,,,0.0,,,,,0.3,5
R20240124_0460,2024-01-24,Horse_0736,Horse_0736,Jockey_037,6,牡,1200,ダート,良,4,55.7,435.4,-7.8,244.0,0.0,5.667,0.2,1.0,0.0,0.22,8
R20240124_0460,2024-01-24,Horse_0795,Horse_0795,Jockey_035,3,牝,1200,ダート,良,5,54.4,429.5,7.9,364.0,0.0,2.0,1.0,,,0.32,10
R20240124_0460,2024-01-24,Horse_0581,Horse_0581,Jockey_069,4,牡,1200,ダート,良,11,55.0,471.4,3.3,193.0,0.0,5.333,0.4,1.0,0.0,0.28,2
R20240127_0461,2024-01-27,Horse_0406,Horse_0406,Jockey_053,9,せん,1200,ダート,良,2,56.4,433.9,-0.6,35.0,2.0,10.667,0.0,,0.0,0.2,7
R20240127_0461,2024-01-27,Horse_0522,Horse_0522,Jockey_013,9,牝,1200,ダート,良,3,52.2,461.6,-1.3,50.0,3.0,9.0,0.0,0.0,0.0,0.14,5
R20240127_0461,2024-01-27,Horse_0650,Horse_0650,Jockey_073,8,牡,1200,ダート,良,6,55.6,430.9,4.1,240.0,0.0,2.333,0.4,0.333,0.333,0.26,4
R20240127_0461,2024-01-27,Horse_0405,Horse_0405,Jockey_071,2,牝,1200,ダート,良,7,52.0,528.5,,,0.0,,,,,0.2,1
R20240127_0461,2024-01-27,Horse_0494,Horse_0494,Jockey_045,3,牝,1200,ダート,良,4,53.2,495.3,,,0.0,,,,,0.28,3
R20240127_0461,2024-01-27,Horse_0532,Horse_0532,Jockey_021,6,牝,1200,ダート,良,1,53.9,483.6,0.2,488.0,0.0,7.333,0.2,,0.0,0.26,8
R20240127_0461,2024-01-27,Horse_0649,Horse_0649,Jockey_079,7,牝,1200,ダート,良,8,53.8,479.8,-14.2,35.0,3.0,6.0,0.0,0.0,0.0,0.16,6
R20240127_0461,2024-01-27,Horse_0537,Horse_0537,Jockey_016,2,牡,1200,ダート,良,5,54.7,500.1,,,0.0,,,,,0.26,2
R20240129_0462,2024-01-29,Horse_0594,Horse_0594,Jockey_065,2,牝,1200,芝,良,1,52.7,496.3,,,0.0,,,,,0.3,3
R20240129_0462,2024-01-29,Horse_0189,Horse_0189,Jockey_030,6,牝,1200,芝,良,8,55.6,429.3,-5.0,241.0,0.0,9.333,0.0,0.0,0.0,0.22,4
R20240129_0462,2024-01-29,Horse_0579,Horse_0579,Jockey_070,5,牡,1200,芝,良,3,55.1,440.2,0.9,374.0,0.0,9.0,0.0,,0.0,0.2,10
R20240129_0462,2024-01-29,Horse_0641,Horse_0641,Jockey_023,5,牝,1200,芝,良,5,53.6,501.6,-7.4,217.0,0.0,2.0,0.4,1.0,0.333,0.16,6
R20240129_0462,2024-01-29,Horse_0302,Horse_0302,Jockey_060,4,牡,1200,芝,良,6,55.7,487.6,-12.5,606.0,0.0,2.0,1.0,,1.0,0.14,11
R20240129_0462,2024-01-29,Horse_0599,Horse_0599,Jockey_036,7,牡,1200,芝,良,9,54.4,472.5,8.4,122.0,1.0,7.0,0.2,,0.4,0.38,2
R20240129_0462,2024-01-29,Horse_0247,Horse_0247,Jockey_022,2,牝,1200,芝,良,2,58.1,507.3,,,0.0,,,,,0.12,1
R20240129_0462,2024-01-29,Horse_0107,Horse_0107,Jockey_046,5,牝,1200,芝,良,10,52.6,461.7,5.9,44.0,2.0,9.0,0.0,,0.0,0.2,5
R20240129_0462,2024-01-29,Horse_0020,Horse_0020,Jockey_021,7,牝,1200,芝,良,4,54.7,523.6,8.5,435.0,0.0,5.667,0.4,1.0,0.25,0.24,8
R20240129_0462,2024-01-29,Horse_0250,Horse_0250,Jockey_075,6,牝,1200,芝,良,7,52.5,432.9,2.8,425.0,0.0,7.667,0.0,,0.0,0.24,9
R20240129_0462,2024-01-29,Horse_0730,Horse_0730,Jockey_056,3,牝,1200,芝,良,11,54.6,455.3,7.2,196.0,0.0,3.667,0.667,,0.5,0.26,7
R20240201_0463,2024-02-01,Horse_0640,Horse_0640,Jockey_074,2,牡,2000,ダート,重,5,54.1,426.7,,,0.0,,,,,0.2,6
R20240201_0463,2024-02-01,Horse_0281,Horse_0281,Jockey_045,5,せん,2000,ダート,重,1,54.6,458.5,0.6,244.0,0.0,10.0,0.0,0.0,0.0,0.28,10
R20240201_0463,2024-02-01,Horse_0855,Horse_0855,Jockey_034,9,牡,2000,ダート,重,4,53.8,491.6,1.5,632.0,0.0,8.0,0.0,0.0,,0.2,11
R20240201_0463,2024-02-01,Horse_0117,Horse_0117,Jockey_061,2,せん,2000,ダート,重,7,55.1,453.4,,,0.0,,,,,0.34,4
R20240201_0463,2024-02-01,Horse_0150,Horse_0150,Jockey_005,5,牝,2000,ダート,重,11,54.5,384.1,0.5,104.0,1.0,7.667,0.0,0.0,0.333,0.38,1
R20240201_0463,2024-02-01,Horse_0751,Horse_0751,Jockey_068,9,牡,2000,ダート,重,9,52.3,484.6,-10.2,73.0,1.0,5.0,0.4,1.0,0.5,0.18,2
R20240201_0463,2024-02-01,Horse_0633,Horse_0633,Jockey_013,3,牝,2000,ダート,重,3,51.3,479.8,2.4,21.0,1.0,8.333,0.25,,0.5,0.12,9
R20240201_0463,2024-02-01,Horse_0329,Horse_0329,Jockey_030,8,牡,2000,ダート,重,2,54.9,434.5,23.1,147.0,1.0,4.667,0.6,0.0,1.0,0.2,3
R20240201_0463,2024-02-01,Horse_0876,Horse_0876,Jockey_037,9,牡,2000,ダート,重,10,57.0,488.7,-5.4,11.0,2.0,11.333,0.0,0.0,0.0,0.22,7
R20240201_0463,2024-02-01,Horse_0527,Horse_0527,Jockey_063,2,牝,2000,ダート,重,6,55.5,491.8,-0.1,28.0,1.0,6.0,0.0,,,0.28,5
R20240201_0463,2024-02-01,Horse_0287,Horse_0287,Jockey_049,8,牡,2000,ダート,重,8,54.1,452.9,-5.9,25.0,3.0,5.667,0.4,0.0,0.0,0.2,8
R20240204_0464,2024-02-04,Horse_0011,Horse_0011,Jockey_046,4,牝,2000,ダート,重,10,54.6,467.8,3.0,209.0,0.0,8.0,0.0,0.0,0.0,0.2,11
R20240204_0464,2024-02-04,Horse_0634,Horse_0634,Jockey_073,4,牝,2000,ダート,重,3,55.9,480.6,-3.3,180.0,1.0,5.5,0.0,0.0,0.0,0.26,8
R20240204_0464,2024-02-04,Horse_0285,Horse_0285,Jockey_002,2,牝,2000,ダート,重,9,51.8,482.8,,,0.0,,,,,0.26,4
R20240204_0464,2024-02-04,Horse_0635,Horse_0635,Jockey_026,5,牡,2000,ダート,重,4,53.3,471.3,8.0,159.0,1.0,5.0,0.6,0.667,0.75,0.26,1
R20240204_0464,2024-02-04,Horse_0616,Horse_0616,Jockey_025,3,牡,2000,ダート,重,8,54.4,498.3,4.6,86.0,1.0,6.0,0.0,0.0,0.0,0.38,5
R20240204_0464,2024-02-04,Horse_0828,Horse_0828,Jockey_045,9,牡,2000,ダート,重,1,53.4,501.7,-9.0,51.0,2.0,2.333,0.6,1.0,0.333,0.28,2
R20240204_0464,2024-02-04,Horse_0885,Horse_0885,Jockey_004,3,牡,2000,ダート,重,6,54.4,505.8,6.5,146.0,1.0,3.667,0.667,,1.0,0.28,6
R20240204_0464,2024-02-04,Horse_0408,Horse_0408,Jockey_029,3,牡,2000,ダート,重,11,56.0,462.4,-7.0,38.0,1.0,6.0,0.6,0.5,1.0,0.24,3
R20240204_0464,2024-02-04,Horse_0562,Horse_0562,Jockey_001,8,牝,2000,ダート,重,12,55.2,512.0,-15.7,50.0,2.0,13.333,0.0,0.0,0.5,0.36,10
R20240204_0464,2024-02-04,Horse_0796,Horse_0796,Jockey_079,5,牡,2000,ダート,重,7,54.2,549.8,8.5,348.0,0.0,8.333,0.2,0.5,0.0,0.16,12
R20240204_0464,2024-02-04,Horse_0122,Horse_0122,Jockey_003,5,牝,2000,ダート,重,5,54.1,484.4,4.0,204.0,0.0,9.0,0.0,,0.0,0.24,9
R20240204_0464,2024-02-04,Horse_0551,Horse_0551,Jockey_038,5,牡,2000,ダート,重,2,54.9,478.7,-5.1,193.0,0.0,4.667,0.4,,0.333,0.2,7
R20240205_0465,2024-02-05,Horse_0461,Horse_0461,Jockey_018,2,せん,1400,芝,不良,7,53.9,430.9,,,0.0,,,,,0.48,2
R20240205_0465,2024-02-05,Horse_0767,Horse_0767,Jockey_065,5,牡,1400,芝,不良,4,54.5,449.4,-19.0,387.0,0.0,10.0,0.0,0.0,0.0,0.3,13
R20240205_0465,2024-02-05,Horse_0830,Horse_0830,Jockey_043,6,牝,1400,芝,不良,2,54.5,418.7,0.6,320.0,0.0,10.0,0.0,0.0,0.0,0.16,16
R20240205_0465,2024-02-05,Horse_0195,Horse_0195,Jockey_075,5,牡,1400,芝,不良,1,52.4,474.2,-0.7,64.0,1.0,7.333,0.4,0.0,0.5,0.24,1
R20240205_0465,2024-02-05,Horse_0485,Horse_0485,Jockey_025,5,牝,1400,芝,不良,5,56.1,439.9,0.7,84.0,1.0,3.0,0.8,0.0,0.667,0.38,4
R20240205_0465,2024-02-05,Horse_0073,Horse_0073,Jockey_045,7,牝,1400,芝,不良,11,54.1,510.2,10.3,18.0,1.0,10.0,0.0,,0.0,0.3,7
R20240205_0465,2024-02-05,Horse_0468,Horse_0468,Jockey_062,4,牝,1400,芝,不良,10,55.4,457.4,2.9,37.0,1.0,6.0,0.0,,0.0,0.26,3
R20240205_0465,2024-02-05,Horse_0149,Horse_0149,Jockey_041,7,牡,1400,芝,不良,3,55.6,447.9,-4.6,296.0,0.0,7.0,0.2,,0.0,0.26,14
R20240205_0465,2024-02-05,Horse_0072,Horse_0072,Jockey_076,4,牡,1400,芝,不良,9,57.0,467.2,-13.0,51.0,2.0,7.667,0.4,0.0,0.333,0.26,6
R20240205_0465,2024-02-05,Horse_0170,Horse_0170,Jockey_057,4,牡,1400,芝,不良,15,54.8,511.7,-6.7,127.0,1.0,4.333,0.4,1.0,0.0,0.52,11
R20240205_0465,2024-02-05,Horse_0466,Horse_0466,Jockey_007,8,牡,1400,芝,不良,12,55.7,507.8,4.8,157.0,2.0,10.0,0.25,0.0,0.333,0.22,9
R20240205_0465,2024-02-05,Horse_0013,Horse_0013,Jockey_050,5,牡,1400,芝,不良,14,54.3,445.2,10.3,89.0,3.0,10.333,0.0,,0.0,0.2,12
R20240205_0465,2024-02-05,Horse_0280,Horse_0280,Jockey_068,9,せん,1400,芝,不良,16,54.8,469.1,-1.0,185.0,0.0,9.333,0.25,,0.0,0.2,5
R20240205_0465,2024-02-05,Horse_0655,Horse_0655,Jockey_051,8,牡,1400,芝,不良,6,53.9,525.4,-0.1,339.0,0.0,3.667,0.6,0.5,0.5,0.38,15
R20240205_0465,2024-02-05,Horse_0421,Horse_0421,Jockey_027,3,牝,1400,芝,不良,8,53.3,432.1,7.5,256.0,0.0,2.5,1.0,,1.0,0.22,10
R20240205_0465,2024-02-05,Horse_0754,Horse_0754,Jockey_017,8,牡,1400,芝,不良,13,54.5,478.6,-0.8,117.0,2.0,4.333,0.2,0.0,0.5,0.34,8
R20240209_0466,2024-02-09,Horse_0698,Horse_0698,Jockey_020,2,牡,1400,芝,良,5,55.6,438.3,,,0.0,,,,,0.2,1
R20240209_0466,2024-02-09,Horse_0302,Horse_0302,Jockey_080,4,牡,1400,芝,良,8,56.3,481.7,-5.9,11.0,1.0,6.5,0.5,,0.5,0.24,13
R20240209_0466,2024-02-09,Horse_0813,Horse_0813,Jockey_036,4,牡,1400,芝,良,7,54.6,448.5,-10.0,151.0,1.0,9.667,0.0,,0.0,0.38,8
R20240209_0466,2024-02-09,Horse_0437,Horse_0437,Jockey_001,4,牝,1400,芝,良,14,53.7,473.1,-3.3,68.0,1.0,10.0,0.0,,0.0,0.36,11
R20240209_0466,2024-02-09,Horse_0631,Horse_0631,Jockey_055,8,牝,1400,芝,良,10,52.3,450.8,2.4,324.0,0.0,8.333,0.0,0.0,0.2,0.2,16
R20240209_0466,2024-02-09,Horse_0177,Horse_0177,Jockey_065,7,牡,1400,芝,良,2,53.0,437.2,-5.0,93.0,1.0,9.0,0.0,,0.0,0.3,7
R20240209_0466,2024-02-09,Horse_0465,Horse_0465,Jockey_070,5,牡,1400,芝,良,6,54.9,483.0,-6.0,55.0,2.0,8.667,0.4,0.5,0.0,0.18,2
R20240209_0466,2024-02-09,Horse_0139,Horse_0139,Jockey_075,4,牡,1400,芝,良,13,52.5,388.0,0.8,360.0,0.0,7.0,0.0,,0.0,0.24,15
R20240209_0466,2024-02-09,Horse_0587,Horse_0587,Jockey_003,4,牡,1400,芝,良,15,55.4,510.9,-7.5,36.0,2.0,8.333,0.0,0.0,0.0,0.24,4
R20240209_0466,2024-02-09,Horse_0478,Horse_0478,Jockey_062,6,牝,1400,芝,良,4,53.1,449.3,1.3,172.0,1.0,10.333,0.0,0.0,0.0,0.26,12
R20240209_0466,2024-02-09,Horse_0469,Horse_0469,Jockey_033,4,牡,1400,芝,良,12,56.8,461.0,-5.0,254.0,0.0,5.0,0.5,,0.5,0.34,6
R20240209_0466,2024-02-09,Horse_0070,Horse_0070,Jockey_056,2,牡,1400,芝,良,3,53.1,486.8,2.6,29.0,1.0,11.0,0.0,,0.0,0.26,5
R20240209_0466,2024-02-09,Horse_0002,Horse_0002,Jockey_042,9,牝,1400,芝,良,9,54.7,463.9,-2.2,133.0,1.0,4.333,0.2,,0.286,0.24,9
R20240209_0466,2024-02-09,Horse_0582,Horse_0582,Jockey_079,8,せん,1400,芝,良,1,53.7,446.8,8.4,209.0,0.0,7.667,0.0,0.0,0.0,0.16,10
R20240209_0466,2024-02-09,Horse_0102,Horse_0102,Jockey_034,8,牝,1400,芝,良,16,51.8,467.5,-0.9,262.0,0.0,3.333,0.2,,0.0,0.2,14
R20240209_0466,2024-02-09,Horse_0277,Horse_0277,Jockey_078,8,牡,1400,芝,良,11,55.4,438.3,2.8,74.0,1.0,6.667,0.4,0.667,0.286,0.2,3
R20240213_0467,2024-02-13,Horse_0254,Horse_0254,Jockey_027,9,牝,2000,芝,良,4,55.0,433.8,-5.6,128.0,1.0,5.0,0.2,0.0,0.167,0.2,8
R20240213_0467,2024-02-13,Horse_0193,Horse_0193,Jockey_024,4,牝,2000,芝,良,11,53.1,482.3,-8.1,26.0,1.0,6.333,0.0,0.0,0.0,0.12,2
R20240213_0467,2024-02-13,Horse_0535,Horse_0535,Jockey_031,7,せん,2000,芝,良,1,57.6,503.8,4.0,144.0,2.0,7.0,0.2,,0.25,0.3,6
R20240213_0467,2024-02-13,Horse_0269,Horse_0269,Jockey_005,6,牝,2000,芝,良,8,52.1,460.9,-0.1,421.0,0.0,1.667,1.0,1.0,0.75,0.4,10
R20240213_0467,2024-02-13,Horse_0092,Horse_0092,Jockey_072,9,牝,2000,芝,良,2,54.0,478.1,-0.8,105.0,1.0,5.0,0.2,0.667,0.4,0.34,4
R20240213_0467,2024-02-13,Horse_0732,Horse_0732,Jockey_069,2,牡,2000,芝,良,3,56.1,503.2,,,0.0,,,,,0.3,1
R20240213_0467,2024-02-13,Horse_0630,Horse_0630,Jockey_006,6,牡,2000,芝,良,5,55.7,441.0,6.3,116.0,2.0,8.667,0.0,0.0,0.143,0.22,5
R20240213_0467,2024-02-13,Horse_0753,Horse_0753,Jockey_032,4,牡,2000,芝,良,10,55.5,514.4,7.9,85.0,2.0,7.667,0.2,0.0,0.2,0.34,3
R20240213_0467,2024-02-13,Horse_0435,Horse_0435,Jockey_070,6,牝,2000,芝,良,9,55.2,485.4,5.9,72.0,1.0,4.667,0.0,0.0,0.0,0.2,7
R20240213_0467,2024-02-13,Horse_0888,Horse_0888,Jockey_011,7,牝,2000,芝,良,6,56.3,435.9,-16.4,155.0,1.0,4.667,0.4,0.0,0.333,0.22,9
R20240213_0467,2024-02-13,Horse_0768,Horse_0768,Jockey_023,8,牝,2000,芝,良,7,54.9,433.3,-9.4,216.0,0.0,4.667,0.2,0.0,0.0,0.16,11
R20240215_0468,2024-02-15,Horse_0074,Horse_0074,Jockey_035,3,牡,1800,ダート,良,4,54.8,434.3,7.5,317.0,0.0,9.0,0.0,0.0,,0.32,13
R20240215_0468,2024-02-15,Horse_0564,Horse_0564,Jockey_075,2,牡,1800,ダート,良,14,57.2,454.0,,,0.0,,,,,0.24,2
R20240215_0468,2024-02-15,Horse_0172,Horse_0172,Jockey_006,3,牡,1800,ダート,良,5,55.7,408.8,2.5,353.0,0.0,1.5,1.0,1.0,1.0,0.2,10
R20240215_0468,2024-02-15,Horse_0252,Horse_0252,Jockey_067,9,牝,1800,ダート,良,8,55.6,488.7,12.2,468.0,0.0,4.667,0.333,,0.0,0.16,14
R20240215_0468,2024-02-15,Horse_0431,Horse_0431,Jockey_009,2,牝,1800,ダート,良,10,55.1,477.8,,,0.0,,,,,0.28,8
R20240215_0468,2024-02-15,Horse_0133,Horse_0133,Jockey_062,5,牡,1800,ダート,良,1,54.7,461.5,-11.8,152.0,1.0,7.667,0.4,0.0,0.333,0.26,7
R20240215_0468,2024-02-15,Horse_0707,Horse_0707,Jockey_026,2,牝,1800,ダート,良,2,50.6,401.6,1.8,22.0,1.0,5.0,0.0,,0.0,0.28,4
R20240215_0468,2024-02-15,Horse_0497,Horse_0497,Jockey_041,5,牡,1800,ダート,良,7,58.1,467.7,1.5,46.0,3.0,8.333,0.0,,0.0,0.26,3
R20240215_0468,2024-02-15,Horse_0748,Horse_0748,Jockey_078,7,せん,1800,ダート,良,9,54.4,462.7,16.7,382.0,0.0,7.0,0.5,1.0,,0.22,12
R20240215_0468,2024-02-15,Horse_0202,Horse_0202,Jockey_071,8,牝,1800,ダート,良,13,57.0,522.8,-1.8,210.0,0.0,6.0,0.2,1.0,0.167,0.22,6
R20240215_0468,2024-02-15,Horse_0420,Horse_0420,Jockey_063,3,牡,1800,ダート,良,6,55.1,478.2,-3.1,69.0,2.0,1.333,1.0,,1.0,0.26,1
R20240215_0468,2024-02-15,Horse_0185,Horse_0185,Jockey_038,6,せん,1800,ダート,良,12,56.7,388.8,-9.6,150.0,1.0,6.333,0.0,0.0,0.0,0.2,9
R20240215_0468,2024-02-15,Horse_0077,Horse_0077,Jockey_020,2,牡,1800,ダート,良,3,54.4,532.3,,,0.0,,,,,0.22,11
R20240215_0468,2024-02-15,Horse_0227,Horse_0227,Jockey_074,5,牝,1800,ダート,良,11,50.9,461.4,-10.8,87.0,2.0,8.667,0.0,0.0,0.0,0.2,5
R20240218_0469,2024-02-18,Horse_0057,Horse_0057,Jockey_010,2,牝,1600,芝,不良,8,55.5,467.8,,,0.0,,,,,0.32,3
R20240218_0469,2024-02-18,Horse_0205,Horse_0205,Jockey_045,4,牡,1600,芝,不良,7,52.3,418.2,5.1,181.0,0.0,6.667,0.333,0.0,0.0,0.3,7
R20240218_0469,2024-02-18,Horse_0380,Horse_0380,Jockey_079,8,牡,1600,芝,不良,15,55.4,474.8,-5.2,149.0,1.0,7.0,0.0,0.0,0.0,0.14,10
R20240218_0469,2024-02-18,Horse_0049,Horse_0049,Jockey_043,3,牡,1600,芝,不良,14,54.5,425.4,3.0,271.0,0.0,4.5,0.5,0.5,0.0,0.14,12
R20240218_0469,2024-02-18,Horse_0799,Horse_0799,Jockey_035,4,牝,1600,芝,不良,1,55.7,488.4,2.6,291.0,0.0,9.333,0.0,0.0,0.0,0.32,11
R20240218_0469,2024-02-18,Horse_0343,Horse_0343,Jockey_007,8,牡,1600,芝,不良,4,54.1,461.1,2.5,39.0,1.0,3.333,0.8,0.0,0.5,0.22,1
R20240218_0469,2024-02-18,Horse_0692,Horse_0692,Jockey_021,5,牡,1600,芝,不良,3,53.1,466.5,8.2,28.0,3.0,8.0,0.0,0.0,0.0,0.24,14
R20240218_0469,2024-02-18,Horse_0629,Horse_0629,Jockey_071,8,牡,1600,芝,不良,13,54.8,502.2,-2.6,107.0,2.0,2.667,0.8,0.0,0.25,0.22,6
R20240218_0469,2024-02-18,Horse_0341,Horse_0341,Jockey_069,3,牡,1600,芝,不良,6,57.2,479.8,8.2,50.0,2.0,1.5,1.0,,1.0,0.32,4
R20240218_0469,2024-02-18,Horse_0120,Horse_0120,Jockey_044,6,牝,1600,芝,不良,5,54.9,444.4,-15.5,294.0,0.0,12.667,0.0,0.0,0.0,0.36,15
R20240218_0469,2024-02-18,Horse_0355,Horse_0355,Jockey_003,5,牡,1600,芝,不良,2,53.9,449.1,-4.0,45.0,1.0,6.667,0.0,0.333,0.111,0.24,2
R20240218_0469,2024-02-18,Horse_0137,Horse_0137,Jockey_015,8,牡,1600,芝,不良,12,53.7,439.3,10.5,206.0,0.0,8.333,0.2,0.0,0.0,0.1,13
R20240218_0469,2024-02-18,Horse_0062,Horse_0062,Jockey_026,5,せん,1600,芝,不良,11,54.3,478.1,-2.2,145.0,1.0,5.667,0.4,0.0,0.0,0.28,5
R20240218_0469,2024-02-18,Horse_0142,Horse_0142,Jockey_073,5,牡,1600,芝,不良,10,54.8,421.7,0.8,118.0,1.0,10.667,0.0,0.0,0.25,0.24,8
R20240218_0469,2024-02-18,Horse_0236,Horse_0236,Jockey_075,6,牝,1600,芝,不良,9,55.1,473.5,-5.5,49.0,4.0,9.667,0.0,0.0,0.0,0.26,9
R20240222_0470,2024-02-22,Horse_0715,Horse_0715,Jockey_029,5,牝,2000,芝,良,6,54.1,520.6,-12.4,101.0,1.0,5.333,0.4,0.0,0.125,0.26,5
R20240222_0470,2024-02-22,Horse_0225,Horse_0225,Jockey_004,3,牡,2000,芝,良,8,55.8,445.5,8.8,125.0,1.0,13.0,0.0,0.0,0.0,0.28,13
R20240222_0470,2024-02-22,Horse_0153,Horse_0153,Jockey_073,5,牝,2000,芝,良,15,55.5,410.5,-10.7,498.0,0.0,4.667,0.0,0.0,0.0,0.24,15
R20240222_0470,2024-02-22,Horse_0746,Horse_0746,Jockey_066,7,牝,2000,芝,良,12,55.0,454.6,5.2,125.0,1.0,1.667,1.0,1.0,0.833,0.18,2
R20240222_0470,2024-02-22,Horse_0004,Horse_0004,Jockey_047,2,牡,2000,芝,良,1,55.6,454.4,,,0.0,,,,,0.28,8
R20240222_0470,2024-02-22,Horse_0643,Horse_0643,Jockey_057,2,牝,2000,芝,良,9,56.3,383.8,,,0.0,,,,,0.5,3
R20240222_0470,2024-02-22,Horse_0222,Horse_0222,Jockey_009,3,牡,2000,芝,良,7,54.4,475.7,6.7,81.0,1.0,1.0,1.0,1.0,,0.28,1
R20240222_0470,2024-02-22,Horse_0710,Horse_0710,Jockey_014,7,せん,2000,芝,良,13,55.8,436.9,-3.9,101.0,1.0,8.333,0.2,0.0,0.0,0.2,7
R20240222_0470,2024-02-22,Horse_0834,Horse_0834,Jockey_078,4,牝,2000,芝,良,4,52.5,403.3,-6.1,393.0,0.0,3.0,0.333,1.0,0.333,0.22,12
R20240222_0470,2024-02-22,Horse_0024,Horse_0024,Jockey_039,9,牡,2000,芝,良,3,54.7,458.9,-5.1,132.0,1.0,7.0,0.0,0.0,0.0,0.22,6
R20240222_0470,2024-02-22,Horse_0651,Horse_0651,Jockey_032,7,牡,2000,芝,良,5,56.6,465.1,-2.2,42.0,2.0,6.0,0.2,0.0,0.182,0.34,4
R20240222_0470,2024-02-22,Horse_0290,Horse_0290,Jockey_042,2,せん,2000,芝,良,10,52.7,404.6,,,0.0,,,,,0.22,11
R20240222_0470,2024-02-22,Horse_0829,Horse_0829,Jockey_049,2,牡,2000,芝,良,14,54.8,453.6,,,0.0,,,,,0.2,9
R20240222_0470,2024-02-22,Horse_0849,Horse_0849,Jockey_059,8,牡,2000,芝,良,2,55.2,457.2,8.7,730.0,0.0,4.0,0.0,,0.0,0.36,14
R20240222_0470,2024-02-22,Horse_0527,Horse_0527,Jockey_060,2,牝,2000,芝,良,11,53.1,494.1,2.3,21.0,2.0,5.5,0.0,0.0,0.0,0.14,10
R20240226_0471,2024-02-26,Horse_0827,Horse_0827,Jockey_071,9,牝,1200,芝,稍重,2,55.9,489.3,12.7,134.0,1.0,4.0,0.5,1.0,0.667,0.22,4
R20240226_0471,2024-02-26,Horse_0170,Horse_0170,Jockey_012,4,牡,1200,芝,稍重,5,56.7,511.5,-0.2,21.0,2.0,7.333,0.2,1.0,0.0,0.22,5
R20240226_0471,2024-02-26,Horse_0235,Horse_0235,Jockey_033,7,せん,1200,芝,稍重,7,52.9,515.9,-4.7,80.0,1.0,3.0,0.6,0.333,0.333,0.32,3
R20240226_0471,2024-02-26,Horse_0270,Horse_0270,Jockey_038,6,牡,1200,芝,稍重,1,57.2,445.9,5.2,400.0,0.0,5.0,0.2,1.0,0.2,0.18,9
R20240226_0471,2024-02-26,Horse_0150,Horse_0150,Jockey_066,5,牝,1200,芝,稍重,4,55.4,389.5,5.4,25.0,2.0,5.333,0.2,0.0,0.2,0.2,7
R20240226_0471,2024-02-26,Horse_0526,Horse_0526,Jockey_009,4,牡,1200,芝,稍重,9,54.3,552.4,8.7,129.0,1.0,3.5,0.5,,0.5,0.3,1
R20240226_0471,2024-02-26,Horse_0644,Horse_0644,Jockey_060,9,牡,1200,芝,稍重,8,54.6,537.3,-5.0,270.0,0.0,3.667,0.4,0.0,0.5,0.12,8
R20240226_0471,2024-02-26,Horse_0279,Horse_0279,Jockey_011,2,牡,1200,芝,稍重,3,53.6,459.4,,,0.0,,,,,0.22,2
R20240226_0471,2024-02-26,Horse_0865,Horse_0865,Jockey_016,2,牡,1200,芝,稍重,6,56.6,449.3,-6.1,33.0,1.0,6.0,0.0,0.0,,0.28,6
R20240227_0472,2024-02-27,Horse_0448,Horse_0448,Jockey_060,3,牝,1800,芝,良,8,56.5,539.7,7.8,119.0,2.0,3.0,0.5,,0.5,0.12,1
R20240227_0472,2024-02-27,Horse_0096,Horse_0096,Jockey_078,8,牝,1800,芝,良,5,54.1,497.0,11.7,34.0,2.0,5.333,0.2,0.0,0.444,0.2,2
R20240227_0472,2024-02-27,Horse_0007,Horse_0007,Jockey_009,5,牡,1800,芝,良,9,57.9,485.8,-8.1,74.0,1.0,7.667,0.0,,0.0,0.32,6
R20240227_0472,2024-02-27,Horse_0823,Horse_0823,Jockey_061,3,牡,1800,芝,良,10,56.1,451.0,-4.5,173.0,1.0,3.5,0.5,,0.0,0.34,8
R20240227_0472,2024-02-27,Horse_0031,Horse_0031,Jockey_018,9,牝,1800,芝,良,4,53.4,504.0,-5.5,364.0,0.0,5.333,0.2,0.0,0.25,0.5,10
R20240227_0472,2024-02-27,Horse_0028,Horse_0028,Jockey_036,8,牡,1800,芝,良,12,54.4,434.7,3.8,300.0,0.0,9.0,0.0,0.0,0.0,0.36,12
R20240227_0472,2024-02-27,Horse_0263,Horse_0263,Jockey_068,2,牡,1800,芝,良,1,55.7,437.2,,,0.0,,,,,0.2,11
R20240227_0472,2024-02-27,Horse_0385,Horse_0385,Jockey_010,9,せん,1800,芝,良,7,54.3,497.9,4.7,95.0,2.0,7.667,0.2,0.0,0.4,0.32,3
R20240227_0472,2024-02-27,Horse_0045,Horse_0045,Jockey_032,3,牝,1800,芝,良,2,53.5,507.1,1.9,100.0,1.0,7.0,0.0,0.0,0.0,0.34,5
R20240227_0472,2024-02-27,Horse_0765,Horse_0765,Jockey_019,4,牡,1800,芝,良,11,55.8,413.3,9.5,137.0,1.0,2.667,0.4,,0.333,0.24,4
R20240227_0472,2024-02-27,Horse_0402,Horse_0402,Jockey_070,2,牝,1800,芝,良,3,54.4,463.7,,,0.0,,,,,0.2,7
R20240227_0472,2024-02-27,Horse_0561,Horse_0561,Jockey_024,9,牝,1800,芝,良,6,54.5,468.4,10.1,37.0,2.0,7.667,0.0,0.0,0.0,0.14,9
R20240228_0473,2024-02-28,Horse_0462,Horse_0462,Jockey_077,4,牡,2000,芝,良,3,54.2,466.9,-10.7,74.0,1.0,10.333,0.0,,0.0,0.06,11
R20240228_0473,2024-02-28,Horse_0280,Horse_0280,Jockey_058,9,せん,2000,芝,良,9,54.5,476.0,6.9,23.0,1.0,7.667,0.2,,0.0,0.48,4
R20240228_0473,2024-02-28,Horse_0812,Horse_0812,Jockey_005,8,牡,2000,芝,良,1,54.3,509.8,-13.0,131.0,1.0,10.0,0.0,0.0,0.0,0.38,9
R20240228_0473,2024-02-28,Horse_0118,Horse_0118,Jockey_023,9,牝,2000,芝,良,5,55.0,478.7,6.3,93.0,2.0,9.667,0.2,,0.2,0.16,10
R20240228_0473,2024-02-28,Horse_0525,Horse_0525,Jockey_026,7,牝,2000,芝,良,12,54.4,475.3,8.0,136.0,1.0,1.667,0.8,,1.0,0.28,7
R20240228_0473,2024-02-28,Horse_0239,Horse_0239,Jockey_078,7,牡,2000,芝,良,11,53.9,468.0,2.4,183.0,0.0,13.0,0.0,0.0,0.0,0.22,13
R20240228_0473,2024-02-28,Horse_0304,Horse_0304,Jockey_080,4,牝,2000,芝,良,10,52.5,458.6,-14.3,86.0,2.0,6.333,0.2,0.0,0.5,0.24,8
R20240228_0473,2024-02-28,Horse_0151,Horse_0151,Jockey_050,2,牝,2000,芝,良,8,57.1,454.4,,,0.0,,,,,0.2,5
R20240228_0473,2024-02-28,Horse_0443,Horse_0443,Jockey_017,4,牝,2000,芝,良,7,54.3,477.4,3.1,140.0,1.0,12.667,0.0,0.0,0.0,0.34,12
R20240228_0473,2024-02-28,Horse_0885,Horse_0885,Jockey_057,3,牡,2000,芝,良,13,56.6,509.5,3.7,24.0,2.0,5.0,0.5,0.0,0.5,0.52,1
R20240228_0473,2024-02-28,Horse_0006,Horse_0006,Jockey_065,6,牡,2000,芝,良,4,57.2,494.3,-2.5,52.0,1.0,5.667,0.8,0.0,1.0,0.28,3
R20240228_0473,2024-02-28,Horse_0418,Horse_0418,Jockey_008,7,牡,2000,芝,良,6,54.6,428.3,-6.0,96.0,2.0,6.333,0.0,0.0,0.143,0.14,6
R20240228_0473,2024-02-28,Horse_0701,Horse_0701,Jockey_068,3,牡,2000,芝,良,2,55.3,470.1,3.1,86.0,3.0,2.333,0.6,1.0,0.6,0.2,2
R20240303_0474,2024-03-03,Horse_0216,Horse_0216,Jockey_038,3,せん,1800,芝,良,4,56.7,461.0,0.2,184.0,0.0,3.0,1.0,1.0,1.0,0.16,3
R20240303_0474,2024-03-03,Horse_0115,Horse_0115,Jockey_015,4,牡,1800,芝,良,8,54.0,471.9,-0.7,385.0,0.0,2.0,0.667,,0.5,0.1,4
R20240303_0474,2024-03-03,Horse_0645,Horse_0645,Jockey_020,5,牝,1800,芝,良,9,52.0,516.7,5.4,95.0,1.0,6.667,0.0,0.0,0.0,0.22,10
R20240303_0474,2024-03-03,Horse_0363,Horse_0363,Jockey_036,6,牝,1800,芝,良,7,54.7,487.0,14.2,79.0,1.0,9.0,0.0,,0.0,0.36,9
R20240303_0474,2024-03-03,Horse_0576,Horse_0576,Jockey_045,2,牝,1800,芝,良,5,54.0,513.6,4.0,59.0,1.0,3.0,1.0,,1.0,0.3,5
R20240303_0474,2024-03-03,Horse_0253,Horse_0253,Jockey_026,5,せん,1800,芝,良,3,54.8,499.2,-6.6,56.0,3.0,11.667,0.0,0.0,0.0,0.26,8
R20240303_0474,2024-03-03,Horse_0427,Horse_0427,Jockey_019,2,牝,1800,芝,良,10,55.3,480.8,,,0.0,,,,,0.24,1
R20240303_0474,2024-03-03,Horse_0024,Horse_0024,Jockey_039,9,牡,1800,芝,良,6,52.4,460.5,1.6,10.0,2.0,6.667,0.0,,0.0,0.2,7
R20240303_0474,2024-03-03,Horse_0463,Horse_0463,Jockey_034,8,牡,1800,芝,良,11,54.4,512.3,10.5,102.0,1.0,5.0,0.2,0.0,0.167,0.2,6
R20240303_0474,2024-03-03,Horse_0199,Horse_0199,Jockey_056,4,牡,1800,芝,良,1,54.0,540.8,7.3,48.0,1.0,8.0,0.0,0.0,0.0,0.26,11
R20240303_0474,2024-03-03,Horse_0215,Horse_0215,Jockey_003,7,牡,1800,芝,良,2,53.5,476.5,0.5,64.0,2.0,3.333,0.8,1.0,0.714,0.26,2
R20240307_0475,2024-03-07,Horse_0181,Horse_0181,Jockey_016,8,牝,2000,芝,稍重,4,54.1,456.4,-6.4,331.0,0.0,10.0,0.2,0.0,0.0,0.28,16
R20240307_0475,2024-03-07,Horse_0033,Horse_0033,Jockey_056,4,牝,2000,芝,稍重,5,55.1,471.5,12.7,554.0,0.0,2.0,1.0,,1.0,0.24,15
R20240307_0475,2024-03-07,Horse_0437,Horse_0437,Jockey_036,4,牝,2000,芝,稍重,12,53.4,461.1,-12.0,27.0,2.0,10.667,0.0,0.0,0.0,0.36,8
R20240307_0475,2024-03-07,Horse_0354,Horse_0354,Jockey_049,4,牡,2000,芝,稍重,7,53.5,439.4,15.3,234.0,0.0,9.0,0.0,0.0,0.0,0.2,14
R20240307_0475,2024-03-07,Horse_0384,Horse_0384,Jockey_077,9,牝,2000,芝,稍重,6,55.2,468.5,8.9,167.0,1.0,8.333,0.0,,0.0,0.06,7
R20240307_0475,2024-03-07,Horse_0130,Horse_0130,Jockey_062,5,牡,2000,芝,稍重,3,56.3,482.3,2.8,118.0,1.0,9.667,0.4,0.0,0.5,0.24,2
R20240307_0475,2024-03-07,Horse_0317,Horse_0317,Jockey_070,6,牡,2000,芝,稍重,11,56.7,428.0,4.3,101.0,1.0,8.333,0.0,,0.0,0.2,10
R20240307_0475,2024-03-07,Horse_0789,Horse_0789,Jockey_054,7,牡,2000,芝,稍重,9,52.6,486.1,3.9,216.0,0.0,3.333,0.2,,0.2,0.24,5
R20240307_0475,2024-03-07,Horse_0206,Horse_0206,Jockey_048,2,牝,2000,芝,稍重,10,51.7,478.8,,,0.0,,,,,0.22,12
R20240307_0475,2024-03-07,Horse_0441,Horse_0441,Jockey_015,6,牝,2000,芝,稍重,2,56.4,464.4,3.4,136.0,1.0,9.0,0.0,,0.0,0.1,11
R20240307_0475,2024-03-07,Horse_0208,Horse_0208,Jockey_031,3,牡,2000,芝,稍重,1,55.3,408.5,-2.7,116.0,2.0,3.667,0.333,,,0.28,3
R20240307_0475,2024-03-07,Horse_0014,Horse_0014,Jockey_023,3,牡,2000,芝,稍重,15,55.0,422.3,0.9,219.0,0.0,8.0,0.25,0.0,0.5,0.16,13
R20240307_0475,2024-03-07,Horse_0452,Horse_0452,Jockey_038,5,牡,2000,芝,稍重,8,54.7,479.3,16.0,99.0,1.0,7.333,0.2,,0.2,0.16,9
R20240307_0475,2024-03-07,Horse_0650,Horse_0650,Jockey_041,8,牡,2000,芝,稍重,14,55.6,419.8,-11.1,40.0,1.0,2.333,0.4,0.0,0.6,0.28,1
R20240307_0475,2024-03-07,Horse_0729,Horse_0729,Jockey_061,9,せん,2000,芝,稍重,13,55.2,474.2,-5.0,173.0,1.0,4.333,0.4,1.0,0.333,0.34,4
R20240307_0475,2024-03-07,Horse_0891,Horse_0891,Jockey_051,4,牝,2000,芝,稍重,16,52.9,509.5,8.1,296.0,0.0,7.333,0.0,0.0,0.0,0.38,6
R20240310_0476,2024-03-10,Horse_0007,Horse_0007,Jockey_076,5,牡,1200,ダート,良,15,55.7,493.9,8.1,12.0,2.0,7.333,0.0,,0.333,0.26,5
R20240310_0476,2024-03-10,Horse_0560,Horse_0560,Jockey_040,3,牡,1200,ダート,良,5,52.3,494.3,,,0.0,,,,,0.34,11
R20240310_0476,2024-03-10,Horse_0080,Horse_0080,Jockey_018,7,牡,1200,ダート,良,14,53.0,485.1,15.0,55.0,2.0,7.333,0.2,0.0,0.0,0.48,12
R20240310_0476,2024-03-10,Horse_0628,Horse_0628,Jockey_014,2,牡,1200,ダート,良,2,56.5,474.3,,,0.0,,,,,0.2,13
R20240310_0476,2024-03-10,Horse_0297,Horse_0297,Jockey_078,8,牡,1200,ダート,良,11,54.4,425.3,-2.0,179.0,1.0,7.333,0.0,,0.0,0.22,7
R20240310_0476,2024-03-10,Horse_0657,Horse_0657,Jockey_029,9,牡,1200,ダート,良,4,55.3,462.1,12.7,85.0,2.0,5.0,0.2,1.0,0.0,0.26,6
R20240310_0476,2024-03-10,Horse_0140,Horse_0140,Jockey_053,3,牝,1200,ダート,良,1,55.6,507.4,5.1,228.0,0.0,1.0,1.0,,,0.2,8
R20240310_0476,2024-03-10,Horse_0410,Horse_0410,Jockey_013,6,牝,1200,ダート,良,13,53.8,451.0,-16.5,128.0,1.0,5.333,0.2,,,0.12,14
R20240310_0476,2024-03-10,Horse_0540,Horse_0540,Jockey_057,5,牡,1200,ダート,良,3,53.2,459.8,3.7,136.0,1.0,6.333,0.25,0.0,0.0,0.54,2
R20240310_0476,2024-03-10,Horse_0771,Horse_0771,Jockey_070,9,牡,1200,ダート,良,6,54.3,518.8,-0.6,60.0,2.0,4.0,0.4,1.0,0.5,0.2,3
R20240310_0476,2024-03-10,Horse_0817,Horse_0817,Jockey_051,4,せん,1200,ダート,良,12,55.9,419.9,-6.7,244.0,0.0,1.667,1.0,,1.0,0.38,9
R20240310_0476,2024-03-10,Horse_0177,Horse_0177,Jockey_005,7,牡,1200,ダート,良,8,52.3,447.6,10.4,30.0,2.0,8.0,0.0,0.0,0.0,0.36,1
R20240310_0476,2024-03-10,Horse_0173,Horse_0173,Jockey_055,8,牝,1200,ダート,良,10,54.3,451.8,6.0,97.0,2.0,11.333,0.0,0.0,0.0,0.2,15
R20240310_0476,2024-03-10,Horse_0027,Horse_0027,Jockey_039,8,牝,1200,ダート,良,9,54.2,470.1,10.4,131.0,1.0,4.0,0.4,1.0,0.5,0.18,10
R20240310_0476,2024-03-10,Horse_0266,Horse_0266,Jockey_049,2,牡,1200,ダート,良,7,55.7,538.2,,,0.0,,,,,0.18,4
R20240314_0477,2024-03-14,Horse_0740,Horse_0740,Jockey_018,3,牡,1200,ダート,良,7,56.0,427.2,13.5,67.0,1.0,4.5,0.0,0.0,0.0,0.46,1
R20240314_0477,2024-03-14,Horse_0180,Horse_0180,Jockey_002,8,牝,1200,ダート,良,4,54.3,470.0,-6.6,809.0,0.0,5.0,0.0,,0.0,0.26,10
R20240314_0477,2024-03-14,Horse_0513,Horse_0513,Jockey_062,8,牝,1200,ダート,良,8,56.6,471.2,-7.1,248.0,0.0,8.333,0.2,1.0,0.0,0.26,5
R20240314_0477,2024-03-14,Horse_0067,Horse_0067,Jockey_020,8,牡,1200,ダート,良,9,55.2,484.5,2.2,369.0,0.0,11.0,0.0,,0.0,0.22,8
R20240314_0477,2024-03-14,Horse_0351,Horse_0351,Jockey_060,8,牝,1200,ダート,良,2,55.0,531.9,4.3,97.0,1.0,2.667,0.4,,0.5,0.14,3
R20240314_0477,2024-03-14,Horse_0763,Horse_0763,Jockey_046,5,牝,1200,ダート,良,1,55.4,527.4,-7.5,127.0,1.0,10.333,0.0,0.0,0.0,0.2,6
R20240314_0477,2024-03-14,Horse_0022,Horse_0022,Jockey_064,7,牝,1200,ダート,良,3,53.9,451.0,-6.8,74.0,3.0,2.333,0.8,0.0,0.5,0.2,2
R20240314_0477,2024-03-14,Horse_0459,Horse_0459,Jockey_006,3,牝,1200,ダート,良,10,54.2,376.3,-9.2,356.0,0.0,5.0,0.333,,0.0,0.2,9
R20240314_0477,2024-03-14,Horse_0242,Horse_0242,Jockey_078,4,牡,1200,ダート,良,5,54.3,554.4,5.9,94.0,1.0,6.333,0.2,,0.333,0.22,4
R20240314_0477,2024-03-14,Horse_0368,Horse_0368,Jockey_042,8,牝,1200,ダート,良,6,56.6,435.1,10.1,59.0,2.0,12.0,0.0,0.0,0.0,0.22,7
R20240318_0478,2024-03-18,Horse_0176,Horse_0176,Jockey_035,5,牡,1200,ダート,稍重,1,56.8,492.7,-9.4,144.0,1.0,6.333,0.4,0.5,1.0,0.32,2
R20240318_0478,2024-03-18,Horse_0205,Horse_0205,Jockey_072,4,牡,1200,ダート,稍重,6,53.4,416.1,-2.1,29.0,1.0,8.0,0.25,,1.0,0.34,9
R20240318_0478,2024-03-18,Horse_0343,Horse_0343,Jockey_063,8,牡,1200,ダート,稍重,7,55.0,460.1,-1.0,29.0,2.0,3.333,0.8,,0.75,0.26,1
R20240318_0478,2024-03-18,Horse_0458,Horse_0458,Jockey_068,5,牡,1200,ダート,稍重,3,56.1,472.7,-2.5,60.0,2.0,5.0,0.4,0.0,0.0,0.2,7
R20240318_0478,2024-03-18,Horse_0020,Horse_0020,Jockey_042,7,牝,1200,ダート,稍重,4,56.0,510.5,-13.1,49.0,1.0,8.0,0.2,0.5,1.0,0.22,6
R20240318_0478,2024-03-18,Horse_0407,Horse_0407,Jockey_018,8,牝,1200,ダート,稍重,11,53.4,462.5,12.6,214.0,0.0,7.0,0.0,0.0,0.333,0.46,3
R20240318_0478,2024-03-18,Horse_0411,Horse_0411,Jockey_012,3,牡,1200,ダート,稍重,5,54.4,429.6,11.0,307.0,0.0,7.0,0.0,,,0.2,11
R20240318_0478,2024-03-18,Horse_0341,Horse_0341,Jockey_058,3,牡,1200,ダート,稍重,10,55.0,466.6,-13.2,29.0,3.0,2.333,0.667,1.0,,0.46,10
R20240318_0478,2024-03-18,Horse_0889,Horse_0889,Jockey_059,9,牡,1200,ダート,稍重,8,54.2,503.5,-6.3,227.0,0.0,7.333,0.0,0.0,0.0,0.36,8
R20240318_0478,2024-03-18,Horse_0488,Horse_0488,Jockey_002,5,牡,1200,ダート,稍重,2,56.1,466.8,-9.3,136.0,1.0,7.667,0.25,0.0,,0.26,5
R20240318_0478,2024-03-18,Horse_0664,Horse_0664,Jockey_034,3,牡,1200,ダート,稍重,9,54.3,500.9,15.1,89.0,2.0,4.667,0.5,1.0,1.0,0.2,4
R20240321_0479,2024-03-21,Horse_0013,Horse_0013,Jockey_004,5,牡,1600,ダート,重,4,54.9,437.6,-7.6,45.0,2.0,9.0,0.0,0.0,0.0,0.28,5
R20240321_0479,2024-03-21,Horse_0426,Horse_0426,Jockey_009,8,牡,1600,ダート,重,6,54.8,449.8,-7.9,290.0,0.0,9.0,0.0,0.0,0.0,0.32,8
R20240321_0479,2024-03-21,Horse_0751,Horse_0751,Jockey_015,9,牡,1600,ダート,重,3,54.8,478.2,-6.4,49.0,2.0,3.0,0.4,0.0,0.667,0.1,2
R20240321_0479,2024-03-21,Horse_0820,Horse_0820,Jockey_022,7,牝,1600,ダート,重,1,52.5,520.0,13.5,214.0,0.0,10.0,0.0,0.0,0.0,0.12,9
R20240321_0479,2024-03-21,Horse_0701,Horse_0701,Jockey_026,3,牡,1600,ダート,重,9,57.1,470.4,0.3,22.0,3.0,1.667,0.6,,1.0,0.24,1
R20240321_0479,2024-03-21,Horse_0356,Horse_0356,Jockey_050,5,牝,1600,ダート,重,2,54.2,441.8,3.8,66.0,2.0,11.667,0.0,0.0,0.0,0.18,6
R20240321_0479,2024-03-21,Horse_0262,Horse_0262,Jockey_032,9,牡,1600,ダート,重,7,54.2,517.7,-7.1,104.0,1.0,10.333,0.0,0.0,0.0,0.32,10
R20240321_0479,2024-03-21,Horse_0346,Horse_0346,Jockey_078,4,牡,1600,ダート,重,10,54.4,436.7,-20.3,74.0,2.0,10.333,0.0,,0.0,0.22,4
R20240321_0479,2024-03-21,Horse_0124,Horse_0124,Jockey_020,9,牡,1600,ダート,重,5,55.1,454.1,-10.7,307.0,0.0,6.0,0.2,1.0,0.0,0.22,7
R20240321_0479,2024-03-21,Horse_0530,Horse_0530,Jockey_051,3,牡,1600,ダート,重,8,55.1,512.0,6.2,60.0,2.0,4.333,0.5,0.0,1.0,0.38,3
R20240325_0480,2024-03-25,Horse_0076,Horse_0076,Jockey_027,8,牡,1600,芝,良,3,54.4,404.4,6.8,654.0,0.0,11.333,0.0,0.0,0.0,0.2,9
R20240325_0480,2024-03-25,Horse_0502,Horse_0502,Jockey_046,8,牝,1600,芝,良,1,52.0,492.5,4.3,93.0,2.0,11.667,0.0,0.0,0.0,0.2,7
R20240325_0480,2024-03-25,Horse_0694,Horse_0694,Jockey_076,5,牝,1600,芝,良,8,54.0,511.2,7.4,88.0,1.0,10.0,0.2,1.0,0.2,0.26,1
R20240325_0480,2024-03-25,Horse_0158,Horse_0158,Jockey_015,9,牡,1600,芝,良,2,53.5,463.4,-0.6,482.0,0.0,3.667,0.4,1.0,0.667,0.12,6
R20240325_0480,2024-03-25,Horse_0070,Horse_0070,Jockey_072,2,牡,1600,芝,良,6,54.4,492.5,5.7,45.0,2.0,8.0,0.0,,0.0,0.34,4
R20240325_0480,2024-03-25,Horse_0533,Horse_0533,Jockey_062,8,牝,1600,芝,良,9,53.9,494.6,-7.2,119.0,2.0,9.333,0.0,0.0,0.0,0.26,5
R20240325_0480,2024-03-25,Horse_0441,Horse_0441,Jockey_032,6,牝,1600,芝,良,4,55.3,463.3,-1.1,18.0,2.0,11.333,0.0,0.0,0.0,0.32,3
R20240325_0480,2024-03-25,Horse_0771,Horse_0771,Jockey_065,9,牡,1600,芝,良,7,56.4,521.5,2.7,15.0,3.0,4.0,0.4,0.0,0.0,0.3,2
R20240325_0480,2024-03-25,Horse_0089,Horse_0089,Jockey_021,8,牡,1600,芝,良,5,54.3,487.7,12.1,498.0,0.0,7.667,0.0,0.0,0.0,0.24,8
R20240328_0481,2024-03-28,Horse_0692,Horse_0692,Jockey_072,5,牡,1200,芝,良,9,52.3,459.1,-7.4,39.0,3.0,9.667,0.0,0.0,0.0,0.34,9
R20240328_0481,2024-03-28,Horse_0107,Horse_0107,Jockey_027,5,牝,1200,芝,良,7,52.6,453.4,-8.3,59.0,3.0,7.333,0.0,0.0,0.0,0.18,7
R20240328_0481,2024-03-28,Horse_0463,Horse_0463,Jockey_037,8,牡,1200,芝,良,2,56.4,508.7,-3.6,25.0,2.0,6.333,0.2,0.0,0.143,0.22,13
R20240328_0481,2024-03-28,Horse_0842,Horse_0842,Jockey_060,2,牝,1200,芝,良,12,52.0,444.0,,,0.0,,,,,0.16,10
R20240328_0481,2024-03-28,Horse_0359,Horse_0359,Jockey_068,7,牝,1200,芝,良,3,54.7,493.1,-3.7,116.0,1.0,6.0,0.0,0.0,0.2,0.2,8
R20240328_0481,2024-03-28,Horse_0255,Horse_0255,Jockey_016,4,牝,1200,芝,良,11,56.3,524.5,8.6,492.0,0.0,1.0,1.0,,1.0,0.28,12
R20240328_0481,2024-03-28,Horse_0656,Horse_0656,Jockey_075,9,牡,1200,芝,良,10,54.0,486.3,-2.1,103.0,2.0,5.333,0.2,1.0,0.2,0.24,2
R20240328_0481,2024-03-28,Horse_0839,Horse_0839,Jockey_038,2,牝,1200,芝,良,8,56.0,402.6,,,0.0,,,,,0.16,6
R20240328_0481,2024-03-28,Horse_0032,Horse_0032,Jockey_020,6,牝,1200,芝,良,13,53.5,521.7,6.9,216.0,0.0,6.0,0.0,0.0,0.0,0.22,4
R20240328_0481,2024-03-28,Horse_0420,Horse_0420,Jockey_012,3,牡,1200,芝,良,14,53.1,484.6,6.4,42.0,3.0,1.0,1.0,,1.0,0.2,1
R20240328_0481,2024-03-28,Horse_0068,Horse_0068,Jockey_045,5,牡,1200,芝,良,4,55.7,505.2,-9.5,229.0,0.0,3.0,0.4,0.667,0.286,0.3,11
R20240328_0481,2024-03-28,Horse_0512,Horse_0512,Jockey_044,9,牝,1200,芝,良,1,53.4,464.9,-2.2,81.0,1.0,8.333,0.0,0.0,0.0,0.34,3
R20240328_0481,2024-03-28,Horse_0012,Horse_0012,Jockey_005,4,牡,1200,芝,良,5,55.9,467.0,7.9,240.0,0.0,3.333,0.75,,1.0,0.36,5
R20240328_0481,2024-03-28,Horse_0311,Horse_0311,Jockey_028,4,牝,1200,芝,良,6,53.6,495.0,7.1,364.0,0.0,7.5,0.5,,1.0,0.28,14
R20240330_0482,2024-03-30,Horse_0406,Horse_0406,Jockey_011,9,せん,1200,芝,良,8,54.9,427.5,-6.4,63.0,2.0,9.0,0.0,0.0,0.0,0.24,6
R20240330_0482,2024-03-30,Horse_0469,Horse_0469,Jockey_069,4,牡,1200,芝,良,5,54.4,452.4,-8.6,50.0,1.0,5.333,0.333,,0.333,0.3,3
R20240330_0482,2024-03-30,Horse_0765,Horse_0765,Jockey_021,4,牡,1200,芝,良,4,53.8,406.0,-7.3,32.0,2.0,3.0,0.4,,0.25,0.24,1
R20240330_0482,2024-03-30,Horse_0801,Horse_0801,Jockey_041,9,牝,1200,芝,良,3,54.4,485.6,-4.7,201.0,0.0,9.667,0.0,0.0,0.25,0.28,8
R20240330_0482,2024-03-30,Horse_0167,Horse_0167,Jockey_077,4,せん,1200,芝,良,6,54.3,456.9,-10.3,307.0,0.0,5.0,0.4,0.5,0.5,0.06,7
R20240330_0482,2024-03-30,Horse_0827,Horse_0827,Jockey_010,9,牝,1200,芝,良,2,53.7,476.3,-13.0,33.0,2.0,2.333,0.4,0.5,0.5,0.34,4
R20240330_0482,2024-03-30,Horse_0650,Horse_0650,Jockey_022,8,牡,1200,芝,良,7,54.5,427.5,7.7,23.0,2.0,2.0,0.6,0.25,0.667,0.12,2
R20240330_0482,2024-03-30,Horse_0354,Horse_0354,Jockey_068,4,牡,1200,芝,良,1,56.9,436.9,-2.5,23.0,1.0,11.667,0.0,0.0,0.0,0.2,5
R20240401_0483,2024-04-01,Horse_0781,Horse_0781,Jockey_027,9,牡,1400,芝,良,10,56.1,458.5,-5.3,376.0,0.0,3.333,0.8,1.0,0.8,0.18,10
R20240401_0483,2024-04-01,Horse_0433,Horse_0433,Jockey_031,4,牡,1400,芝,良,5,55.4,463.8,16.4,145.0,1.0,9.5,0.0,,,0.3,11
R20240401_0483,2024-04-01,Horse_0808,Horse_0808,Jockey_060,8,せん,1400,芝,良,11,55.3,448.3,-6.7,169.0,2.0,4.333,0.4,0.0,0.2,0.16,6
R20240401_0483,2024-04-01,Horse_0620,Horse_0620,Jockey_029,7,牡,1400,芝,良,3,54.8,458.8,3.5,164.0,1.0,11.333,0.0,,0.0,0.26,7
R20240401_0483,2024-04-01,Horse_0010,Horse_0010,Jockey_041,6,牡,1400,芝,良,1,54.1,508.0,21.1,256.0,0.0,5.667,0.0,0.0,0.0,0.28,8
R20240401_0483,2024-04-01,Horse_0540,Horse_0540,Jockey_009,5,牡,1400,芝,良,7,55.1,463.1,3.3,22.0,2.0,4.667,0.4,0.0,0.333,0.32,1
R20240401_0483,2024-04-01,Horse_0581,Horse_0581,Jockey_044,4,牡,1400,芝,良,6,56.8,472.6,1.2,68.0,1.0,5.667,0.4,1.0,0.5,0.36,4
R20240401_0483,2024-04-01,Horse_0151,Horse_0151,Jockey_061,2,牝,1400,芝,良,2,54.3,457.3,2.9,33.0,1.0,5.0,0.0,,0.0,0.32,3
R20240401_0483,2024-04-01,Horse_0319,Horse_0319,Jockey_047,8,牝,1400,芝,良,4,53.5,452.4,-12.1,155.0,1.0,1.667,0.8,1.0,0.714,0.28,2
R20240401_0483,2024-04-01,Horse_0230,Horse_0230,Jockey_055,4,牡,1400,芝,良,9,55.8,517.4,4.2,107.0,1.0,1.667,0.8,0.0,0.8,0.18,5
R20240401_0483,2024-04-01,Horse_0623,Horse_0623,Jockey_078,3,牡,1400,芝,良,8,55.3,504.9,2.7,201.0,0.0,6.667,0.333,,0.0,0.22,9
R20240403_0484,2024-04-03,Horse_0374,Horse_0374,Jockey_037,7,せん,1200,芝,良,8,54.1,494.9,2.9,126.0,1.0,4.667,0.6,0.5,0.5,0.22,2
R20240403_0484,2024-04-03,Horse_0847,Horse_0847,Jockey_009,4,牡,1200,芝,良,4,54.2,480.7,-8.6,246.0,0.0,10.0,0.0,,0.0,0.32,9
R20240403_0484,2024-04-03,Horse_0336,Horse_0336,Jockey_045,8,せん,1200,芝,良,2,54.4,475.1,8.7,98.0,2.0,6.0,0.2,0.0,0.2,0.3,7
R20240403_0484,2024-04-03,Horse_0470,Horse_0470,Jockey_067,2,牝,1200,芝,良,7,56.8,506.7,-17.8,87.0,1.0,13.0,0.0,,,0.16,8
R20240403_0484,2024-04-03,Horse_0141,Horse_0141,Jockey_019,2,牡,1200,芝,良,9,53.3,472.9,,,0.0,,,,,0.26,1
R20240403_0484,2024-04-03,Horse_0025,Horse_0025,Jockey_066,3,牝,1200,芝,良,6,54.4,459.5,-8.1,83.0,1.0,6.5,0.0,,0.0,0.2,3
R20240403_0484,2024-04-03,Horse_0323,Horse_0323,Jockey_054,7,牝,1200,芝,良,1,54.8,496.5,5.2,128.0,1.0,5.333,0.4,,0.5,0.22,5
R20240403_0484,2024-04-03,Horse_0264,Horse_0264,Jockey_057,4,牡,1200,芝,良,3,55.1,457.1,-10.7,148.0,1.0,6.333,0.2,1.0,0.333,0.56,6
R20240403_0484,2024-04-03,Horse_0364,Horse_0364,Jockey_031,7,牡,1200,芝,良,5,53.5,426.9,-4.0,149.0,1.0,2.333,0.6,0.0,1.0,0.3,4
R20240404_0485,2024-04-04,Horse_0027,Horse_0027,Jockey_024,8,牝,1200,芝,稍重,8,54.4,463.5,-6.6,25.0,2.0,6.667,0.4,0.5,0.25,0.14,3
R20240404_0485,2024-04-04,Horse_0447,Horse_0447,Jockey_065,5,牝,1200,芝,稍重,12,53.7,435.8,8.2,99.0,2.0,5.667,0.2,0.0,0.25,0.32,2
R20240404_0485,2024-04-04,Horse_0890,Horse_0890,Jockey_036,5,牡,1200,芝,稍重,2,54.4,496.7,-2.8,77.0,2.0,6.333,0.4,0.0,0.333,0.36,1
R20240404_0485,2024-04-04,Horse_0418,Horse_0418,Jockey_054,7,牡,1200,芝,稍重,1,57.0,448.2,19.9,36.0,3.0,5.667,0.0,1.0,0.125,0.2,6
R20240404_0485,2024-04-04,Horse_0426,Horse_0426,Jockey_079,8,牡,1200,芝,稍重,11,54.6,449.6,-0.2,14.0,1.0,9.0,0.0,0.0,0.0,0.12,11
R20240404_0485,2024-04-04,Horse_0714,Horse_0714,Jockey_047,3,牝,1200,芝,稍重,6,53.4,516.8,0.3,71.0,1.0,7.667,0.0,0.0,0.0,0.3,10
R20240404_0485,2024-04-04,Horse_0416,Horse_0416,Jockey_066,4,牡,1200,芝,稍重,7,56.7,524.9,-3.4,255.0,0.0,4.667,0.667,,1.0,0.22,4
R20240404_0485,2024-04-04,Horse_0268,Horse_0268,Jockey_058,2,牡,1200,芝,稍重,9,55.5,510.9,,,0.0,,,,,0.44,7
R20240404_0485,2024-04-04,Horse_0454,Horse_0454,Jockey_014,7,牡,1200,芝,稍重,4,56.5,471.5,12.0,91.0,1.0,8.0,0.0,,0.0,0.2,8
R20240404_0485,2024-04-04,Horse_0539,Horse_0539,Jockey_026,2,牝,1200,芝,稍重,5,55.1,468.5,,,0.0,,,,,0.26,9
R20240404_0485,2024-04-04,Horse_0262,Horse_0262,Jockey_037,9,牡,1200,芝,稍重,10,54.7,523.5,5.8,14.0,2.0,12.0,0.0,0.0,0.0,0.24,12
R20240404_0485,2024-04-04,Horse_0486,Horse_0486,Jockey_055,4,牡,1200,芝,稍重,3,55.9,449.5,-8.7,366.0,0.0,7.0,0.0,,0.0,0.16,5
R20240407_0486,2024-04-07,Horse_0303,Horse_0303,Jockey_020,2,せん,1400,芝,稍重,8,55.1,498.1,,,0.0,,,,,0.22,3
R20240407_0486,2024-04-07,Horse_0342,Horse_0342,Jockey_064,5,牝,1400,芝,稍重,13,50.8,462.3,2.8,88.0,1.0,9.0,0.2,0.0,0.2,0.22,5
R20240407_0486,2024-04-07,Horse_0186,Horse_0186,Jockey_033,8,せん,1400,芝,稍重,11,57.9,436.3,-9.1,247.0,0.0,10.333,0.2,0.0,0.333,0.34,10
R20240407_0486,2024-04-07,Horse_0807,Horse_0807,Jockey_041,4,牡,1400,芝,稍重,3,54.7,454.5,-2.7,281.0,0.0,9.333,0.0,0.0,0.0,0.28,12
R20240407_0486,2024-04-07,Horse_0557,Horse_0557,Jockey_051,2,牡,1400,芝,稍重,10,53.4,471.8,,,0.0,,,,,0.38,4
R20240407_0486,2024-04-07,Horse_0458,Horse_0458,Jockey_005,5,牡,1400,芝,稍重,4,53.8,471.7,-1.0,20.0,3.0,6.333,0.4,0.0,0.286,0.36,1
R20240407_0486,2024-04-07,Horse_0202,Horse_0202,Jockey_031,8,牝,1400,芝,稍重,7,55.5,530.3,7.5,52.0,1.0,5.0,0.2,0.0,0.0,0.3,7
R20240407_0486,2024-04-07,Horse_0272,Horse_0272,Jockey_077,4,牡,1400,芝,稍重,9,56.2,460.4,-13.3,230.0,0.0,5.667,0.2,0.0,0.0,0.06,9
R20240407_0486,2024-04-07,Horse_0403,Horse_0403,Jockey_042,3,牝,1400,芝,稍重,5,55.1,487.9,2.4,256.0,0.0,4.333,0.5,1.0,0.333,0.22,8
R20240407_0486,2024-04-07,Horse_0446,Horse_0446,Jockey_049,5,牡,1400,芝,稍重,2,54.4,444.5,-5.5,253.0,0.0,9.667,0.0,0.0,0.0,0.18,11
R20240407_0486,2024-04-07,Horse_0302,Horse_0302,Jockey_067,4,牡,1400,芝,稍重,12,52.9,498.3,16.6,58.0,2.0,8.667,0.333,0.0,0.333,0.16,2
R20240407_0486,2024-04-07,Horse_0286,Horse_0286,Jockey_009,8,牡,1400,芝,稍重,1,53.9,455.4,5.2,695.0,0.0,8.0,0.0,0.0,0.0,0.32,13
R20240407_0486,2024-04-07,Horse_0655,Horse_0655,Jockey_017,8,牡,1400,芝,稍重,6,55.0,511.6,-13.8,62.0,1.0,7.333,0.4,0.333,0.333,0.34,6
R20240410_0487,2024-04-10,Horse_0791,Horse_0791,Jockey_044,7,牡,1400,芝,重,9,56.4,453.5,-10.2,80.0,3.0,4.667,0.0,0.25,0.25,0.36,2
R20240410_0487,2024-04-10,Horse_0047,Horse_0047,Jockey_018,4,牡,1400,芝,重,4,56.1,478.8,3.4,149.0,2.0,4.333,0.2,1.0,0.4,0.48,4
R20240410_0487,2024-04-10,Horse_0274,Horse_0274,Jockey_025,3,牡,1400,芝,重,7,55.5,457.6,1.2,94.0,1.0,5.667,0.0,1.0,0.2,0.36,3
R20240410_0487,2024-04-10,Horse_0080,Horse_0080,Jockey_001,7,牡,1400,芝,重,2,55.0,471.5,-13.6,31.0,2.0,9.333,0.0,0.0,0.2,0.34,8
R20240410_0487,2024-04-10,Horse_0680,Horse_0680,Jockey_021,4,牡,1400,芝,重,11,55.1,478.4,2.5,167.0,1.0,2.0,1.0,1.0,0.667,0.26,5
R20240410_0487,2024-04-10,Horse_0617,Horse_0617,Jockey_020,9,牡,1400,芝,重,12,55.7,531.1,-4.0,180.0,1.0,8.333,0.0,0.2,0.2,0.24,12
R20240410_0487,2024-04-10,Horse_0079,Horse_0079,Jockey_034,7,牡,1400,芝,重,3,55.9,467.4,-7.8,128.0,2.0,6.0,0.2,0.0,0.333,0.2,7
R20240410_0487,2024-04-10,Horse_0520,Horse_0520,Jockey_049,6,牡,1400,芝,重,10,57.3,479.6,-12.0,133.0,1.0,2.0,0.6,1.0,1.0,0.18,1
R20240410_0487,2024-04-10,Horse_0359,Horse_0359,Jockey_058,7,牝,1400,芝,重,13,54.3,489.2,-3.9,13.0,2.0,6.667,0.0,1.0,0.167,0.44,6
R20240410_0487,2024-04-10,Horse_0163,Horse_0163,Jockey_027,2,牝,1400,芝,重,5,52.9,512.4,,,0.0,,,,,0.18,9
R20240410_0487,2024-04-10,Horse_0144,Horse_0144,Jockey_056,5,牡,1400,芝,重,6,56.2,475.0,-5.1,164.0,1.0,5.0,0.0,0.0,0.0,0.22,10
R20240410_0487,2024-04-10,Horse_0414,Horse_0414,Jockey_061,9,牡,1400,芝,重,8,52.3,413.8,-0.8,374.0,0.0,7.667,0.4,0.0,0.6,0.34,11
R20240410_0487,2024-04-10,Horse_0587,Horse_0587,Jockey_004,4,牡,1400,芝,重,1,55.1,515.4,4.5,61.0,3.0,7.667,0.0,0.0,0.0,0.28,13
R20240411_0488,2024-04-11,Horse_0173,Horse_0173,Jockey_062,8,牝,1200,芝,良,10,55.8,444.5,-7.3,32.0,3.0,13.667,0.0,0.0,0.0,0.26,15
R20240411_0488,2024-04-11,Horse_0585,Horse_0585,Jockey_018,6,牡,1200,芝,良,16,55.1,460.2,2.7,213.0,0.0,7.0,0.25,,0.0,0.46,6
R20240411_0488,2024-04-11,Horse_0091,Horse_0091,Jockey_036,5,牡,1200,芝,良,4,53.5,470.0,-2.8,105.0,1.0,5.667,0.2,0.5,0.0,0.36,1
R20240411_0488,2024-04-11,Horse_0120,Horse_0120,Jockey_065,6,牝,1200,芝,良,11,54.3,453.3,8.9,53.0,1.0,13.667,0.0,0.0,0.0,0.34,14
R20240411_0488,2024-04-11,Horse_0652,Horse_0652,Jockey_041,8,牡,1200,芝,良,6,55.0,499.2,-1.6,81.0,1.0,7.667,0.2,0.0,0.333,0.28,5
R20240411_0488,2024-04-11,Horse_0250,Horse_0250,Jockey_028,6,牝,1200,芝,良,15,52.4,436.9,4.0,73.0,1.0,7.667,0.0,0.0,0.0,0.28,11
R20240411_0488,2024-04-11,Horse_0140,Horse_0140,Jockey_071,3,牝,1200,芝,良,12,54.0,499.8,-7.6,32.0,1.0,4.5,0.5,0.0,1.0,0.22,2
R20240411_0488,2024-04-11,Horse_0836,Horse_0836,Jockey_063,7,牝,1200,芝,良,14,54.3,510.4,2.8,262.0,0.0,7.667,0.333,,0.0,0.28,7
R20240411_0488,2024-04-11,Horse_0549,Horse_0549,Jockey_077,4,せん,1200,芝,良,9,51.2,483.8,-0.8,373.0,0.0,10.333,0.0,,0.0,0.06,16
R20240411_0488,2024-04-11,Horse_0799,Horse_0799,Jockey_001,4,牝,1200,芝,良,8,54.2,495.1,6.7,53.0,1.0,8.667,0.0,0.0,0.0,0.32,4
R20240411_0488,2024-04-11,Horse_0713,Horse_0713,Jockey_066,7,牡,1200,芝,良,2,56.3,473.5,0.4,122.0,1.0,4.0,0.6,1.0,0.167,0.2,10
R20240411_0488,2024-04-11,Horse_0845,Horse_0845,Jockey_007,3,牝,1200,芝,良,3,54.7,485.4,,,0.0,,,,,0.24,13
R20240411_0488,2024-04-11,Horse_0820,Horse_0820,Jockey_026,7,牝,1200,芝,良,5,55.2,513.0,-7.0,21.0,1.0,11.0,0.0,0.0,0.0,0.24,12
R20240411_0488,2024-04-11,Horse_0360,Horse_0360,Jockey_045,8,牝,1200,芝,良,7,52.9,434.0,-6.1,186.0,0.0,3.333,0.6,0.5,0.556,0.3,9
R20240411_0488,2024-04-11,Horse_0667,Horse_0667,Jockey_015,7,牡,1200,芝,良,1,55.5,474.2,5.8,134.0,1.0,4.667,0.4,1.0,0.333,0.12,8
R20240411_0488,2024-04-11,Horse_0765,Horse_0765,Jockey_079,4,牡,1200,芝,良,13,55.5,413.4,7.4,12.0,2.0,3.0,0.6,1.0,0.4,0.12,3
R20240415_0489,2024-04-15,Horse_0400,Horse_0400,Jockey_057,2,牝,2400,ダート,不良,2,55.6,416.2,,,0.0,,,,,0.56,4
R20240415_0489,2024-04-15,Horse_0724,Horse_0724,Jockey_013,2,せん,2400,ダート,不良,8,56.9,526.0,,,0.0,,,,,0.12,8
R20240415_0489,2024-04-15,Horse_0314,Horse_0314,Jockey_030,6,牝,2400,ダート,不良,9,54.0,468.6,-5.4,169.0,1.0,11.333,0.0,,0.0,0.22,5
R20240415_0489,2024-04-15,Horse_0875,Horse_0875,Jockey_063,9,牝,2400,ダート,不良,4,55.2,453.8,5.1,110.0,1.0,9.667,0.2,,0.0,0.28,3
R20240415_0489,2024-04-15,Horse_0287,Horse_0287,Jockey_027,8,牡,2400,ダート,不良,7,56.5,461.8,8.9,74.0,2.0,7.667,0.4,0.5,0.0,0.18,6
R20240415_0489,2024-04-15,Horse_0477,Horse_0477,Jockey_046,8,牡,2400,ダート,不良,10,57.9,478.4,2.0,335.0,0.0,5.333,0.0,,0.0,0.2,10
R20240415_0489,2024-04-15,Horse_0299,Horse_0299,Jockey_054,7,牡,2400,ダート,不良,6,53.7,397.3,-10.9,182.0,0.0,7.333,0.2,,0.0,0.2,9
R20240415_0489,2024-04-15,Horse_0846,Horse_0846,Jockey_001,5,牝,2400,ダート,不良,1,54.0,461.0,-8.7,172.0,1.0,4.667,0.6,0.0,0.0,0.32,2
R20240415_0489,2024-04-15,Horse_0291,Horse_0291,Jockey_045,7,牝,2400,ダート,不良,5,54.6,443.8,12.9,303.0,0.0,7.333,0.2,0.0,0.0,0.3,7
R20240415_0489,2024-04-15,Horse_0538,Horse_0538,Jockey_021,4,牝,2400,ダート,不良,3,54.9,522.6,2.2,185.0,0.0,5.667,0.2,1.0,0.333,0.26,1
R20240418_0490,2024-04-18,Horse_0329,Horse_0329,Jockey_003,8,牡,2400,芝,良,7,55.7,420.4,-14.1,77.0,1.0,4.667,0.6,,0.667,0.28,3
R20240418_0490,2024-04-18,Horse_0195,Horse_0195,Jockey_064,5,牡,2400,芝,良,4,55.0,483.0,8.8,73.0,2.0,6.333,0.4,0.0,0.667,0.22,5
R20240418_0490,2024-04-18,Horse_0548,Horse_0548,Jockey_045,8,牡,2400,芝,良,10,54.3,473.5,9.2,193.0,0.0,8.667,0.2,,0.111,0.3,9
R20240418_0490,2024-04-18,Horse_0851,Horse_0851,Jockey_078,8,せん,2400,芝,良,8,53.7,494.5,2.3,398.0,0.0,10.0,0.0,0.0,0.0,0.22,12
R20240418_0490,2024-04-18,Horse_0010,Horse_0010,Jockey_017,6,牡,2400,芝,良,5,53.8,501.4,-6.6,17.0,1.0,6.667,0.0,,0.0,0.34,4
R20240418_0490,2024-04-18,Horse_0747,Horse_0747,Jockey_066,8,牝,2400,芝,良,12,55.2,481.3,-0.1,132.0,1.0,11.333,0.0,0.0,0.0,0.18,11
R20240418_0490,2024-04-18,Horse_0166,Horse_0166,Jockey_012,6,せん,2400,芝,良,1,52.2,477.9,-3.1,109.0,2.0,10.0,0.0,,0.0,0.22,10
R20240418_0490,2024-04-18,Horse_0488,Horse_0488,Jockey_048,5,牡,2400,芝,良,3,55.6,466.8,0.0,31.0,2.0,6.333,0.2,0.0,0.25,0.22,7
R20240418_0490,2024-04-18,Horse_0277,Horse_0277,Jockey_062,8,牡,2400,芝,良,9,51.4,434.3,-4.0,69.0,2.0,4.0,0.6,,0.375,0.26,2
R20240418_0490,2024-04-18,Horse_0613,Horse_0613,Jockey_027,7,牡,2400,芝,良,6,56.2,433.0,-14.2,181.0,0.0,5.0,0.6,0.333,0.5,0.18,6
R20240418_0490,2024-04-18,Horse_0441,Horse_0441,Jockey_021,6,牝,2400,芝,良,11,55.1,465.6,2.3,24.0,3.0,8.0,0.2,0.0,0.167,0.26,8
R20240418_0490,2024-04-18,Horse_0004,Horse_0004,Jockey_039,2,牡,2400,芝,良,2,55.1,459.7,5.3,56.0,1.0,8.0,0.0,,0.0,0.16,1
R20240422_0491,2024-04-22,Horse_0485,Horse_0485,Jockey_007,5,牝,1400,芝,稍重,6,54.5,446.1,6.2,77.0,2.0,4.0,0.6,0.0,0.571,0.24,1
R20240422_0491,2024-04-22,Horse_0060,Horse_0060,Jockey_077,4,牡,1400,芝,稍重,1,56.0,431.5,-4.1,228.0,0.0,6.5,0.0,0.0,0.0,0.06,5
R20240422_0491,2024-04-22,Horse_0877,Horse_0877,Jockey_044,7,牡,1400,芝,稍重,3,54.0,423.6,-2.4,393.0,0.0,3.333,0.6,,0.5,0.38,8
R20240422_0491,2024-04-22,Horse_0286,Horse_0286,Jockey_074,8,牡,1400,芝,稍重,4,54.2,454.3,-1.1,15.0,1.0,10.667,0.0,0.0,0.0,0.2,2
R20240422_0491,2024-04-22,Horse_0464,Horse_0464,Jockey_062,9,せん,1400,芝,稍重,7,52.0,448.3,8.4,136.0,1.0,7.667,0.0,0.0,0.0,0.28,3
R20240422_0491,2024-04-22,Horse_0461,Horse_0461,Jockey_014,2,せん,1400,芝,稍重,2,56.5,436.0,5.1,77.0,1.0,2.0,1.0,1.0,1.0,0.2,9
R20240422_0491,2024-04-22,Horse_0364,Horse_0364,Jockey_045,7,牡,1400,芝,稍重,8,53.5,444.8,17.9,19.0,2.0,3.0,0.6,,0.8,0.3,4
R20240422_0491,2024-04-22,Horse_0889,Horse_0889,Jockey_012,9,牡,1400,芝,稍重,9,53.1,503.4,-0.1,35.0,1.0,8.333,0.0,0.0,0.0,0.22,7
R20240422_0491,2024-04-22,Horse_0609,Horse_0609,Jockey_028,4,牝,1400,芝,稍重,10,55.2,468.0,17.3,786.0,0.0,11.0,0.0,,0.0,0.28,10
R20240422_0491,2024-04-22,Horse_0844,Horse_0844,Jockey_069,5,牡,1400,芝,稍重,5,53.7,560.7,13.3,292.0,0.0,12.333,0.0,0.0,0.0,0.3,6
R20240424_0492,2024-04-24,Horse_0451,Horse_0451,Jockey_038,5,牡,2400,ダート,良,10,57.8,410.6,-1.9,272.0,0.0,5.333,0.2,1.0,0.0,0.16,7
R20240424_0492,2024-04-24,Horse_0051,Horse_0051,Jockey_063,4,牝,2400,ダート,良,6,54.1,454.7,10.8,187.0,0.0,8.5,0.5,,1.0,0.28,6
R20240424_0492,2024-04-24,Horse_0142,Horse_0142,Jockey_016,5,牡,2400,ダート,良,2,53.5,427.4,5.7,66.0,1.0,11.0,0.0,1.0,0.0,0.26,5
R20240424_0492,2024-04-24,Horse_0827,Horse_0827,Jockey_080,9,牝,2400,ダート,良,9,55.0,478.0,1.7,25.0,2.0,3.333,0.4,,0.0,0.22,8
R20240424_0492,2024-04-24,Horse_0143,Horse_0143,Jockey_028,4,牡,2400,ダート,良,5,56.7,452.7,6.6,436.0,0.0,3.667,0.6,,0.5,0.28,9
R20240424_0492,2024-04-24,Horse_0340,Horse_0340,Jockey_034,8,牡,2400,ダート,良,7,55.1,505.4,2.5,164.0,1.0,7.0,0.2,0.0,0.5,0.2,1
R20240424_0492,2024-04-24,Horse_0266,Horse_0266,Jockey_033,2,牡,2400,ダート,良,4,54.2,535.5,-2.7,45.0,1.0,4.0,0.0,,0.0,0.32,2
R20240424_0492,2024-04-24,Horse_0371,Horse_0371,Jockey_046,3,牡,2400,ダート,良,8,57.2,456.8,-1.3,131.0,3.0,3.333,0.6,0.5,1.0,0.2,4
R20240424_0492,2024-04-24,Horse_0753,Horse_0753,Jockey_076,4,牡,2400,ダート,良,1,54.5,512.9,-1.5,71.0,2.0,6.0,0.2,0.0,0.2,0.28,3
R20240424_0492,2024-04-24,Horse_0390,Horse_0390,Jockey_037,2,牝,2400,ダート,良,3,56.0,460.2,,,0.0,,,,,0.24,10
R20240425_0493,2024-04-25,Horse_0361,Horse_0361,Jockey_050,3,牡,1600,ダート,稍重,7,55.5,455.8,-7.5,120.0,2.0,2.5,1.0,,1.0,0.18,2
R20240425_0493,2024-04-25,Horse_0150,Horse_0150,Jockey_025,5,牝,1600,ダート,稍重,3,52.1,389.1,-0.4,59.0,2.0,6.333,0.2,0.5,0.5,0.36,3
R20240425_0493,2024-04-25,Horse_0849,Horse_0849,Jockey_040,8,牡,1600,ダート,稍重,8,54.8,446.9,-10.3,63.0,1.0,7.333,0.0,0.0,0.0,0.34,5
R20240425_0493,2024-04-25,Horse_0059,Horse_0059,Jockey_022,4,牡,1600,ダート,稍重,6,55.2,539.3,14.1,299.0,0.0,6.333,0.4,1.0,0.333,0.14,7
R20240425_0493,2024-04-25,Horse_0272,Horse_0272,Jockey_065,4,牡,1600,ダート,稍重,2,53.3,474.0,13.6,18.0,1.0,6.333,0.2,1.0,0.667,0.34,1
R20240425_0493,2024-04-25,Horse_0057,Horse_0057,Jockey_020,2,牝,1600,ダート,稍重,1,55.1,453.8,-14.0,67.0,1.0,3.0,1.0,1.0,,0.24,4
R20240425_0493,2024-04-25,Horse_0681,Horse_0681,Jockey_077,7,牡,1600,ダート,稍重,4,55.0,451.1,9.2,109.0,1.0,12.0,0.0,0.0,0.0,0.06,6
R20240425_0493,2024-04-25,Horse_0258,Horse_0258,Jockey_009,6,牡,1600,ダート,稍重,5,55.2,431.6,2.2,459.0,0.0,9.333,0.2,,0.0,0.32,8
R20240429_0494,2024-04-29,Horse_0832,Horse_0832,Jockey_034,9,牡,1200,ダート,良,10,55.3,388.9,-5.7,147.0,1.0,3.667,0.6,0.0,0.5,0.22,4
R20240429_0494,2024-04-29,Horse_0392,Horse_0392,Jockey_044,6,牡,1200,ダート,良,8,55.3,430.0,14.3,413.0,0.0,9.333,0.2,,0.0,0.38,10
R20240429_0494,2024-04-29,Horse_0413,Horse_0413,Jockey_061,5,牝,1200,ダート,良,2,56.5,473.6,-3.0,235.0,0.0,9.0,0.0,,,0.32,3
R20240429_0494,2024-04-29,Horse_0675,Horse_0675,Jockey_056,9,せん,1200,ダート,良,6,52.6,444.0,-3.8,549.0,0.0,11.667,0.0,,,0.22,11
R20240429_0494,2024-04-29,Horse_0038,Horse_0038,Jockey_022,8,牡,1200,ダート,良,11,58.7,487.0,-11.1,169.0,1.0,9.333,0.0,0.0,0.0,0.14,9
R20240429_0494,2024-04-29,Horse_0585,Horse_0585,Jockey_009,6,牡,1200,ダート,良,5,51.7,456.1,-4.1,18.0,1.0,8.667,0.2,0.0,0.5,0.3,2
R20240429_0494,2024-04-29,Horse_0421,Horse_0421,Jockey_063,3,牝,1200,ダート,良,9,55.9,427.5,-4.6,84.0,1.0,5.0,0.667,,,0.28,1
R20240429_0494,2024-04-29,Horse_0664,Horse_0664,Jockey_046,3,牡,1200,ダート,良,1,55.1,488.6,-12.3,42.0,3.0,3.333,0.4,0.5,0.5,0.2,5
R20240429_0494,2024-04-29,Horse_0159,Horse_0159,Jockey_069,7,牝,1200,ダート,良,4,56.2,517.4,-7.8,157.0,1.0,8.667,0.0,0.0,0.0,0.3,7
R20240429_0494,2024-04-29,Horse_0574,Horse_0574,Jockey_002,3,牝,1200,ダート,良,3,54.5,511.5,4.2,124.0,1.0,11.0,0.0,,,0.26,6
R20240429_0494,2024-04-29,Horse_0570,Horse_0570,Jockey_062,7,牝,1200,ダート,良,7,55.8,440.5,-15.3,380.0,0.0,5.333,0.2,0.0,0.2,0.3,8
R20240501_0495,2024-05-01,Horse_0876,Horse_0876,Jockey_064,9,牡,2400,ダート,重,7,57.6,488.0,-0.7,90.0,2.0,9.0,0.0,0.0,0.0,0.22,9
R20240501_0495,2024-05-01,Horse_0012,Horse_0012,Jockey_049,4,牡,2400,ダート,重,1,53.7,459.7,-7.3,34.0,1.0,4.667,0.6,0.5,0.667,0.2,3
R20240501_0495,2024-05-01,Horse_0758,Horse_0758,Jockey_034,9,牝,2400,ダート,重,4,53.0,476.0,-3.5,183.0,0.0,8.333,0.0,1.0,0.0,0.2,6
R20240501_0495,2024-05-01,Horse_0863,Horse_0863,Jockey_005,6,牝,2400,ダート,重,12,54.3,456.6,6.5,237.0,0.0,3.333,0.4,,0.333,0.36,5
R20240501_0495,2024-05-01,Horse_0296,Horse_0296,Jockey_022,8,せん,2400,ダート,重,11,54.7,444.6,5.7,495.0,0.0,4.333,0.2,,0.5,0.14,12
R20240501_0495,2024-05-01,Horse_0126,Horse_0126,Jockey_031,9,牝,2400,ダート,重,9,52.6,480.9,-10.6,264.0,0.0,3.333,0.6,,0.0,0.3,8
R20240501_0495,2024-05-01,Horse_0735,Horse_0735,Jockey_070,8,牝,2400,ダート,重,8,52.7,478.8,1.3,125.0,1.0,13.0,0.0,,0.0,0.2,7
R20240501_0495,2024-05-01,Horse_0787,Horse_0787,Jockey_056,4,牡,2400,ダート,重,10,56.0,464.4,-1.4,289.0,0.0,6.333,0.4,0.5,0.0,0.22,11
R20240501_0495,2024-05-01,Horse_0341,Horse_0341,Jockey_043,3,牡,2400,ダート,重,2,53.4,466.3,-0.3,44.0,3.0,5.333,0.5,,0.0,0.14,2
R20240501_0495,2024-05-01,Horse_0719,Horse_0719,Jockey_069,5,牝,2400,ダート,重,3,54.3,465.3,-16.3,164.0,1.0,10.667,0.2,0.0,0.0,0.3,4
R20240501_0495,2024-05-01,Horse_0545,Horse_0545,Jockey_029,8,牡,2400,ダート,重,6,55.1,458.1,-13.4,301.0,0.0,6.0,0.0,,0.0,0.26,10
R20240501_0495,2024-05-01,Horse_0770,Horse_0770,Jockey_077,7,牝,2400,ダート,重,5,55.9,499.0,2.8,98.0,2.0,3.667,0.4,1.0,0.5,0.06,1
R20240505_0496,2024-05-05,Horse_0789,Horse_0789,Jockey_075,7,牡,1800,ダート,不良,6,55.7,486.8,0.7,59.0,1.0,3.667,0.2,1.0,,0.26,1
R20240505_0496,2024-05-05,Horse_0135,Horse_0135,Jockey_022,6,牝,1800,ダート,不良,8,55.8,420.2,-4.8,177.0,1.0,8.333,0.0,0.0,0.0,0.14,4
R20240505_0496,2024-05-05,Horse_0122,Horse_0122,Jockey_052,5,牝,1800,ダート,不良,2,52.8,483.5,-0.9,91.0,1.0,8.333,0.0,0.0,0.0,0.18,5
R20240505_0496,2024-05-05,Horse_0801,Horse_0801,Jockey_009,9,牝,1800,ダート,不良,9,54.2,493.2,7.6,36.0,1.0,10.0,0.0,0.2,0.0,0.32,7
R20240505_0496,2024-05-05,Horse_0099,Horse_0099,Jockey_058,6,牡,1800,ダート,不良,3,55.2,488.1,8.2,153.0,1.0,5.667,0.4,,0.2,0.42,2
R20240505_0496,2024-05-05,Horse_0834,Horse_0834,Jockey_036,4,牝,1800,ダート,不良,7,52.6,400.5,-2.8,73.0,1.0,5.667,0.25,,,0.38,3
R20240505_0496,2024-05-05,Horse_0601,Horse_0601,Jockey_061,9,牡,1800,ダート,不良,5,57.2,471.5,-0.5,182.0,0.0,6.667,0.2,0.0,0.0,0.32,6
R20240505_0496,2024-05-05,Horse_0026,Horse_0026,Jockey_067,5,牡,1800,ダート,不良,1,51.7,485.6,-3.6,459.0,0.0,10.0,0.0,0.0,,0.18,9
R20240505_0496,2024-05-05,Horse_0412,Horse_0412,Jockey_026,2,牡,1800,ダート,不良,4,54.3,465.7,,,0.0,,,,,0.24,8
R20240507_0497,2024-05-07,Horse_0175,Horse_0175,Jockey_029,4,せん,1200,芝,不良,1,53.9,504.7,2.7,360.0,0.0,8.667,0.0,0.0,0.0,0.24,11
R20240507_0497,2024-05-07,Horse_0647,Horse_0647,Jockey_034,5,牡,1200,芝,不良,12,54.8,443.2,-12.1,323.0,0.0,3.333,0.6,0.0,0.5,0.18,4
R20240507_0497,2024-05-07,Horse_0764,Horse_0764,Jockey_065,6,牝,1200,芝,不良,4,54.2,434.0,-8.6,174.0,1.0,5.0,0.2,,0.333,0.34,6
R20240507_0497,2024-05-07,Horse_0136,Horse_0136,Jockey_046,8,牡,1200,芝,不良,2,54.5,487.9,11.0,399.0,0.0,5.667,0.4,0.0,0.4,0.2,12
R20240507_0497,2024-05-07,Horse_0025,Horse_0025,Jockey_036,3,牝,1200,芝,不良,8,55.5,467.7,8.2,34.0,2.0,5.333,0.333,1.0,0.333,0.4,1
R20240507_0497,2024-05-07,Horse_0199,Horse_0199,Jockey_002,4,牡,1200,芝,不良,10,54.3,535.5,-5.3,65.0,2.0,9.667,0.0,0.0,0.0,0.26,8
R20240507_0497,2024-05-07,Horse_0521,Horse_0521,Jockey_037,7,牝,1200,芝,不良,7,53.8,476.1,-0.8,357.0,0.0,10.333,0.0,0.0,0.0,0.22,13
R20240507_0497,2024-05-07,Horse_0206,Horse_0206,Jockey_005,2,牝,1200,芝,不良,9,57.1,484.3,5.5,61.0,1.0,12.0,0.0,,0.0,0.36,5
R20240507_0497,2024-05-07,Horse_0790,Horse_0790,Jockey_019,8,牝,1200,芝,不良,11,53.8,478.6,-4.6,151.0,1.0,8.333,0.0,,0.0,0.28,9
R20240507_0497,2024-05-07,Horse_0871,Horse_0871,Jockey_025,6,牝,1200,芝,不良,13,54.8,499.4,-1.2,118.0,2.0,6.0,0.2,,0.167,0.38,2
R20240507_0497,2024-05-07,Horse_0707,Horse_0707,Jockey_047,2,牝,1200,芝,不良,6,56.4,405.5,3.9,82.0,2.0,4.5,0.0,0.0,,0.3,7
R20240507_0497,2024-05-07,Horse_0591,Horse_0591,Jockey_024,5,牝,1200,芝,不良,3,54.3,475.0,-2.3,162.0,1.0,9.0,0.0,0.0,0.167,0.14,10
R20240507_0497,2024-05-07,Horse_0528,Horse_0528,Jockey_059,4,牡,1200,芝,不良,5,54.1,437.3,-0.0,165.0,1.0,4.0,0.2,,0.4,0.36,3
R20240508_0498,2024-05-08,Horse_0013,Horse_0013,Jockey_026,5,牡,2000,芝,稍重,10,54.3,441.0,3.4,48.0,2.0,7.333,0.0,,0.0,0.24,8
R20240508_0498,2024-05-08,Horse_0724,Horse_0724,Jockey_065,2,せん,2000,芝,稍重,8,54.5,523.0,-3.0,23.0,1.0,8.0,0.0,,,0.34,6
R20240508_0498,2024-05-08,Horse_0466,Horse_0466,Jockey_015,8,牡,2000,芝,稍重,7,55.2,491.3,-16.5,93.0,1.0,9.667,0.2,,0.25,0.12,7
R20240508_0498,2024-05-08,Horse_0238,Horse_0238,Jockey_078,2,牡,2000,芝,稍重,3,52.2,438.3,,,0.0,,,,,0.22,4
R20240508_0498,2024-05-08,Horse_0508,Horse_0508,Jockey_072,5,牝,2000,芝,稍重,2,54.1,488.4,3.6,484.0,0.0,7.333,0.2,0.0,0.0,0.34,9
R20240508_0498,2024-05-08,Horse_0831,Horse_0831,Jockey_032,4,牝,2000,芝,稍重,9,51.7,494.0,9.4,152.0,1.0,4.333,0.6,0.0,0.75,0.34,2
R20240508_0498,2024-05-08,Horse_0397,Horse_0397,Jockey_008,8,牝,2000,芝,稍重,5,53.7,438.0,-9.0,195.0,0.0,9.0,0.0,0.0,0.0,0.14,10
R20240508_0498,2024-05-08,Horse_0386,Horse_0386,Jockey_043,4,牝,2000,芝,稍重,4,54.9,453.5,10.2,301.0,0.0,2.0,1.0,1.0,1.0,0.16,5
R20240508_0498,2024-05-08,Horse_0378,Horse_0378,Jockey_016,3,牝,2000,芝,稍重,1,53.3,468.0,,,0.0,,,,,0.26,1
R20240508_0498,2024-05-08,Horse_0422,Horse_0422,Jockey_025,8,牝,2000,芝,稍重,6,55.8,494.4,18.1,222.0,0.0,3.333,0.4,0.0,0.3,0.4,3
R20240510_0499,2024-05-10,Horse_0759,Horse_0759,Jockey_010,8,牝,1600,ダート,稍重,4,56.4,449.7,-10.2,322.0,0.0,7.333,0.6,0.0,0.0,0.34,8
R20240510_0499,2024-05-10,Horse_0527,Horse_0527,Jockey_043,2,牝,1600,ダート,稍重,8,53.8,490.9,-3.2,78.0,3.0,7.0,0.0,0.0,0.0,0.16,5
R20240510_0499,2024-05-10,Horse_0398,Horse_0398,Jockey_002,5,牝,1600,ダート,稍重,3,54.7,460.2,7.2,813.0,0.0,9.667,0.0,,0.0,0.26,11
R20240510_0499,2024-05-10,Horse_0409,Horse_0409,Jockey_017,7,牡,1600,ダート,稍重,6,55.7,500.0,5.9,365.0,0.0,10.333,0.0,0.0,0.0,0.34,9
R20240510_0499,2024-05-10,Horse_0123,Horse_0123,Jockey_009,8,牝,1600,ダート,稍重,2,55.6,546.5,0.5,120.0,1.0,3.0,0.8,1.0,0.667,0.3,1
R20240510_0499,2024-05-10,Horse_0693,Horse_0693,Jockey_054,9,せん,1600,ダート,稍重,10,54.7,435.2,4.3,210.0,0.0,7.0,0.4,1.0,1.0,0.2,4
R20240510_0499,2024-05-10,Horse_0623,Horse_0623,Jockey_042,3,牡,1600,ダート,稍重,1,55.3,496.1,-8.8,39.0,1.0,8.667,0.25,,0.5,0.2,6
R20240510_0499,2024-05-10,Horse_0329,Horse_0329,Jockey_077,8,牡,1600,ダート,稍重,11,56.4,422.2,1.8,22.0,2.0,4.0,0.6,1.0,1.0,0.08,3
R20240510_0499,2024-05-10,Horse_0164,Horse_0164,Jockey_068,6,牡,1600,ダート,稍重,5,53.5,458.9,2.6,165.0,1.0,6.0,0.2,0.25,1.0,0.18,2
R20240510_0499,2024-05-10,Horse_0161,Horse_0161,Jockey_047,8,牝,1600,ダート,稍重,9,54.2,442.3,9.3,467.0,0.0,3.333,0.6,1.0,0.333,0.3,10
R20240510_0499,2024-05-10,Horse_0367,Horse_0367,Jockey_008,8,牡,1600,ダート,稍重,7,54.7,474.0,8.6,127.0,2.0,6.667,0.4,0.333,0.5,0.14,7
R20240513_0500,2024-05-13,Horse_0767,Horse_0767,Jockey_016,5,牡,1400,芝,良,15,56.5,462.1,12.7,98.0,1.0,12.667,0.0,0.0,0.0,0.28,9
R20240513_0500,2024-05-13,Horse_0867,Horse_0867,Jockey_056,8,牡,1400,芝,良,2,55.1,433.7,1.1,395.0,0.0,7.667,0.2,0.0,0.0,0.22,7
R20240513_0500,2024-05-13,Horse_0059,Horse_0059,Jockey_003,4,牡,1400,芝,良,8,55.5,530.2,-9.1,18.0,1.0,7.667,0.2,0.0,0.5,0.28,4
R20240513_0500,2024-05-13,Horse_0660,Horse_0660,Jockey_032,5,牝,1400,芝,良,1,53.8,486.9,-6.2,639.0,0.0,5.667,0.4,0.0,0.5,0.36,16
R20240513_0500,2024-05-13,Horse_0331,Horse_0331,Jockey_071,7,牝,1400,芝,良,13,50.9,469.1,-8.4,189.0,0.0,6.667,0.2,1.0,0.5,0.22,3
R20240513_0500,2024-05-13,Horse_0078,Horse_0078,Jockey_008,3,牝,1400,芝,良,16,54.9,472.9,16.9,173.0,1.0,3.0,0.8,1.0,1.0,0.14,10
R20240513_0500,2024-05-13,Horse_0394,Horse_0394,Jockey_060,6,牝,1400,芝,良,9,54.9,478.3,11.8,322.0,0.0,5.0,0.6,,0.667,0.16,12
R20240513_0500,2024-05-13,Horse_0439,Horse_0439,Jockey_068,7,牝,1400,芝,良,11,54.9,436.4,15.3,356.0,0.0,7.667,0.2,0.0,0.0,0.2,15
R20240513_0500,2024-05-13,Horse_0652,Horse_0652,Jockey_057,8,牡,1400,芝,良,5,54.9,500.3,1.1,32.0,2.0,7.0,0.2,,0.25,0.54,1
R20240513_0500,2024-05-13,Horse_0227,Horse_0227,Jockey_043,5,牝,1400,芝,良,12,51.6,464.6,3.2,88.0,2.0,7.333,0.0,,0.4,0.16,5
R20240513_0500,2024-05-13,Horse_0406,Horse_0406,Jockey_077,9,せん,1400,芝,良,3,56.1,431.5,4.0,44.0,3.0,7.667,0.0,0.0,0.0,0.1,13
R20240513_0500,2024-05-13,Horse_0419,Horse_0419,Jockey_019,7,牝,1400,芝,良,14,57.0,517.1,-0.1,175.0,1.0,9.667,0.0,0.0,0.0,0.28,11
R20240513_0500,2024-05-13,Horse_0375,Horse_0375,Jockey_074,2,牝,1400,芝,良,10,55.3,512.7,,,0.0,,,,,0.22,2
R20240513_0500,2024-05-13,Horse_0056,Horse_0056,Jockey_054,8,牝,1400,芝,良,7,54.6,486.6,-2.6,183.0,0.0,2.333,0.6,0.0,0.5,0.2,8
R20240513_0500,2024-05-13,Horse_0843,Horse_0843,Jockey_017,7,牝,1400,芝,良,4,55.3,458.2,-5.8,477.0,0.0,8.333,0.0,,0.0,0.32,14
R20240513_0500,2024-05-13,Horse_0533,Horse_0533,Jockey_042,8,牝,1400,芝,良,6,52.8,497.4,2.8,49.0,2.0,6.333,0.0,0.0,0.0,0.2,6
R20240517_0501,2024-05-17,Horse_0468,Horse_0468,Jockey_041,4,牝,1600,芝,重,8,57.3,456.8,-0.6,102.0,2.0,5.333,0.25,,0.5,0.28,9
R20240517_0501,2024-05-17,Horse_0663,Horse_0663,Jockey_057,5,牝,1600,芝,重,10,53.1,459.7,-7.4,131.0,1.0,9.667,0.4,0.333,0.571,0.56,1
R20240517_0501,2024-05-17,Horse_0835,Horse_0835,Jockey_075,9,せん,1600,芝,重,9,55.2,476.9,14.0,339.0,0.0,4.333,0.4,0.0,0.6,0.28,8
R20240517_0501,2024-05-17,Horse_0061,Horse_0061,Jockey_061,6,牡,1600,芝,重,3,56.3,465.3,-11.1,114.0,2.0,3.333,0.6,0.0,0.2,0.32,5
R20240517_0501,2024-05-17,Horse_0052,Horse_0052,Jockey_006,7,牝,1600,芝,重,6,54.7,486.1,-8.2,158.0,2.0,8.667,0.0,1.0,0.25,0.2,10
R20240517_0501,2024-05-17,Horse_0612,Horse_0612,Jockey_003,6,牡,1600,芝,重,11,54.5,523.0,-2.9,146.0,1.0,11.0,0.0,0.0,0.0,0.28,4
R20240517_0501,2024-05-17,Horse_0865,Horse_0865,Jockey_045,2,牡,1600,芝,重,2,55.4,460.8,11.5,81.0,2.0,6.0,0.0,,0.0,0.28,2
R20240517_0501,2024-05-17,Horse_0326,Horse_0326,Jockey_017,7,牝,1600,芝,重,7,54.0,497.5,-3.2,754.0,0.0,4.667,0.4,,1.0,0.3,11
R20240517_0501,2024-05-17,Horse_0558,Horse_0558,Jockey_064,9,牡,1600,芝,重,4,55.1,462.4,-6.6,219.0,0.0,6.667,0.4,0.5,0.4,0.22,6
R20240517_0501,2024-05-17,Horse_0189,Horse_0189,Jockey_073,6,牝,1600,芝,重,1,56.1,419.5,-9.8,109.0,1.0,8.333,0.0,0.0,0.0,0.24,7
R20240517_0501,2024-05-17,Horse_0498,Horse_0498,Jockey_010,5,牝,1600,芝,重,5,55.8,442.2,-14.2,127.0,3.0,5.333,0.8,1.0,0.286,0.34,3
R20240520_0502,2024-05-20,Horse_0624,Horse_0624,Jockey_027,2,牝,1200,芝,重,5,53.5,482.3,3.8,117.0,1.0,11.0,0.0,0.0,,0.18,11
R20240520_0502,2024-05-20,Horse_0521,Horse_0521,Jockey_063,7,牝,1200,芝,重,8,52.8,485.9,9.8,13.0,1.0,11.667,0.0,0.0,0.0,0.3,9
R20240520_0502,2024-05-20,Horse_0706,Horse_0706,Jockey_002,4,牝,1200,芝,重,6,54.5,473.2,15.5,131.0,1.0,3.667,0.4,,0.333,0.26,5
R20240520_0502,2024-05-20,Horse_0408,Horse_0408,Jockey_058,3,牡,1200,芝,重,2,55.4,447.1,-15.3,106.0,2.0,6.0,0.6,,0.333,0.42,8
R20240520_0502,2024-05-20,Horse_0337,Horse_0337,Jockey_005,8,牝,1200,芝,重,1,54.4,493.5,-10.3,180.0,1.0,9.0,0.0,0.0,0.0,0.34,3
R20240520_0502,2024-05-20,Horse_0684,Horse_0684,Jockey_078,7,牝,1200,芝,重,11,54.8,416.5,-13.1,164.0,1.0,10.667,0.0,0.0,0.0,0.2,10
R20240520_0502,2024-05-20,Horse_0796,Horse_0796,Jockey_010,5,牡,1200,芝,重,7,53.3,547.5,-2.3,106.0,1.0,7.667,0.0,0.0,0.333,0.36,6
R20240520_0502,2024-05-20,Horse_0864,Horse_0864,Jockey_051,2,牡,1200,芝,重,3,58.6,414.0,,,0.0,,,,,0.36,2
R20240520_0502,2024-05-20,Horse_0845,Horse_0845,Jockey_045,3,牝,1200,芝,重,10,54.9,486.7,1.3,39.0,1.0,13.0,0.0,0.0,0.0,0.3,4
R20240520_0502,2024-05-20,Horse_0576,Horse_0576,Jockey_052,2,牝,1200,芝,重,4,57.2,506.6,-7.0,78.0,2.0,4.0,0.5,,0.5,0.18,7
R20240520_0502,2024-05-20,Horse_0420,Horse_0420,Jockey_017,3,牡,1200,芝,重,9,55.1,482.8,-1.8,53.0,3.0,1.0,1.0,1.0,1.0,0.3,1
R20240522_0503,2024-05-22,Horse_0057,Horse_0057,Jockey_075,2,牝,1400,ダート,良,1,55.8,464.2,10.4,27.0,2.0,3.5,0.5,,0.0,0.28,7
R20240522_0503,2024-05-22,Horse_0552,Horse_0552,Jockey_042,2,牝,1400,ダート,良,4,54.1,488.5,,,0.0,,,,,0.2,3
R20240522_0503,2024-05-22,Horse_0825,Horse_0825,Jockey_029,2,牝,1400,ダート,良,8,54.8,480.0,,,0.0,,,,,0.24,1
R20240522_0503,2024-05-22,Horse_0648,Horse_0648,Jockey_008,2,牝,1400,ダート,良,11,51.9,459.8,,,0.0,,,,,0.14,5
R20240522_0503,2024-05-22,Horse_0824,Horse_0824,Jockey_035,3,せん,1400,ダート,良,5,56.4,488.2,-1.5,175.0,1.0,1.333,1.0,,1.0,0.32,4
R20240522_0503,2024-05-22,Horse_0876,Horse_0876,Jockey_062,9,牡,1400,ダート,良,7,55.5,492.8,4.8,21.0,3.0,7.0,0.0,,0.0,0.3,6
R20240522_0503,2024-05-22,Horse_0511,Horse_0511,Jockey_009,8,牡,1400,ダート,良,9,56.2,483.4,12.4,267.0,0.0,7.667,0.0,0.0,0.0,0.32,10
R20240522_0503,2024-05-22,Horse_0516,Horse_0516,Jockey_066,7,牡,1400,ダート,良,10,55.4,488.4,-0.7,215.0,0.0,2.0,0.8,0.0,0.5,0.16,8
R20240522_0503,2024-05-22,Horse_0444,Horse_0444,Jockey_011,9,牝,1400,ダート,良,6,54.8,419.6,10.9,404.0,0.0,12.333,0.0,0.0,0.0,0.24,11
R20240522_0503,2024-05-22,Horse_0123,Horse_0123,Jockey_019,8,牝,1400,ダート,良,2,55.9,534.0,-12.5,12.0,2.0,3.0,0.8,,0.75,0.28,2
R20240522_0503,2024-05-22,Horse_0728,Horse_0728,Jockey_027,4,牡,1400,ダート,良,3,55.1,494.3,3.4,275.0,0.0,8.0,0.25,0.0,,0.18,9
R20240525_0504,2024-05-25,Horse_0235,Horse_0235,Jockey_022,7,せん,1200,芝,不良,9,55.6,515.8,-0.1,89.0,2.0,3.667,0.6,0.5,0.4,0.14,1
R20240525_0504,2024-05-25,Horse_0436,Horse_0436,Jockey_036,4,牡,1200,芝,不良,5,53.7,494.6,7.9,279.0,0.0,7.667,0.0,0.0,0.0,0.42,6
R20240525_0504,2024-05-25,Horse_0513,Horse_0513,Jockey_007,8,牝,1200,芝,不良,6,51.6,470.2,-1.0,72.0,1.0,8.333,0.2,0.5,0.286,0.24,2
R20240525_0504,2024-05-25,Horse_0381,Horse_0381,Jockey_067,4,牡,1200,芝,不良,3,55.0,439.3,-9.8,337.0,0.0,9.333,0.0,0.0,0.0,0.18,8
R20240525_0504,2024-05-25,Horse_0533,Horse_0533,Jockey_047,8,牝,1200,芝,不良,2,50.6,499.4,2.0,12.0,3.0,6.667,0.0,,0.0,0.3,5
R20240525_0504,2024-05-25,Horse_0109,Horse_0109,Jockey_001,5,牡,1200,芝,不良,4,53.3,506.6,6.3,318.0,0.0,7.667,0.0,,0.0,0.34,7
R20240525_0504,2024-05-25,Horse_0321,Horse_0321,Jockey_054,9,牝,1200,芝,不良,1,54.3,477.3,-4.9,322.0,0.0,6.0,0.2,,0.0,0.2,3
R20240525_0504,2024-05-25,Horse_0681,Horse_0681,Jockey_013,7,牡,1200,芝,不良,8,53.9,459.9,8.8,30.0,2.0,12.0,0.0,0.0,0.0,0.12,4
R20240525_0504,2024-05-25,Horse_0008,Horse_0008,Jockey_011,6,牝,1200,芝,不良,7,56.3,461.9,16.2,427.0,0.0,2.333,0.4,1.0,0.333,0.24,9
R20240526_0505,2024-05-26,Horse_0505,Horse_0505,Jockey_014,7,牡,2000,芝,稍重,12,54.7,463.4,-2.0,253.0,0.0,12.333,0.0,,0.0,0.18,13
R20240526_0505,2024-05-26,Horse_0673,Horse_0673,Jockey_052,6,牡,2000,芝,稍重,13,54.8,497.8,-4.2,189.0,0.0,2.333,0.8,1.0,0.8,0.18,4
R20240526_0505,2024-05-26,Horse_0486,Horse_0486,Jockey_039,4,牡,2000,芝,稍重,8,54.5,446.0,-3.5,52.0,1.0,6.333,0.0,,0.0,0.18,1
R20240526_0505,2024-05-26,Horse_0484,Horse_0484,Jockey_030,9,牡,2000,芝,稍重,11,55.1,447.4,-5.3,446.0,0.0,1.0,1.0,1.0,1.0,0.22,7
R20240526_0505,2024-05-26,Horse_0581,Horse_0581,Jockey_051,4,牡,2000,芝,稍重,9,54.5,481.9,9.3,55.0,2.0,5.0,0.4,,0.4,0.38,3
R20240526_0505,2024-05-26,Horse_0350,Horse_0350,Jockey_012,6,牡,2000,芝,稍重,2,55.8,472.3,10.8,420.0,0.0,10.667,0.2,0.0,0.333,0.22,12
R20240526_0505,2024-05-26,Horse_0153,Horse_0153,Jockey_050,5,牝,2000,芝,稍重,1,54.6,421.5,11.0,94.0,1.0,8.333,0.0,0.0,0.0,0.2,5
R20240526_0505,2024-05-26,Horse_0497,Horse_0497,Jockey_001,5,牡,2000,芝,稍重,5,52.4,467.0,-0.7,101.0,3.0,5.0,0.2,0.0,0.0,0.32,2
R20240526_0505,2024-05-26,Horse_0807,Horse_0807,Jockey_034,4,牡,2000,芝,稍重,3,55.3,451.3,-3.2,49.0,1.0,10.0,0.0,,0.0,0.18,6
R20240526_0505,2024-05-26,Horse_0075,Horse_0075,Jockey_079,2,牡,2000,芝,稍重,10,54.7,478.3,,,0.0,,,,,0.14,8
R20240526_0505,2024-05-26,Horse_0899,Horse_0899,Jockey_005,6,牝,2000,芝,稍重,4,55.3,478.7,-2.0,429.0,0.0,5.667,0.4,0.0,0.167,0.36,11
R20240526_0505,2024-05-26,Horse_0209,Horse_0209,Jockey_038,9,牝,2000,芝,稍重,6,55.7,483.2,2.0,397.0,0.0,7.0,0.4,0.0,0.0,0.14,10
R20240526_0505,2024-05-26,Horse_0649,Horse_0649,Jockey_011,7,牝,2000,芝,稍重,7,55.0,488.2,8.4,120.0,2.0,6.667,0.0,0.5,0.143,0.24,9
R20240528_0506,2024-05-28,Horse_0142,Horse_0142,Jockey_068,5,牡,1800,芝,重,3,54.3,430.3,2.9,34.0,2.0,8.333,0.0,0.0,0.2,0.18,11
R20240528_0506,2024-05-28,Horse_0514,Horse_0514,Jockey_029,9,牝,1800,芝,重,7,56.4,492.1,6.1,290.0,0.0,9.667,0.0,0.0,0.167,0.26,9
R20240528_0506,2024-05-28,Horse_0145,Horse_0145,Jockey_027,7,牡,1800,芝,重,2,56.7,506.0,24.6,204.0,0.0,4.667,0.4,0.333,0.4,0.18,8
R20240528_0506,2024-05-28,Horse_0635,Horse_0635,Jockey_062,5,牡,1800,芝,重,5,54.5,462.9,-8.4,114.0,1.0,5.0,0.6,0.5,0.6,0.28,1
R20240528_0506,2024-05-28,Horse_0761,Horse_0761,Jockey_071,7,牡,1800,芝,重,9,55.8,499.8,-0.2,230.0,0.0,8.0,0.6,0.0,0.0,0.24,5
R20240528_0506,2024-05-28,Horse_0077,Horse_0077,Jockey_024,2,牡,1800,芝,重,8,55.4,529.7,-2.6,103.0,1.0,11.0,0.0,0.0,,0.14,6
R20240528_0506,2024-05-28,Horse_0116,Horse_0116,Jockey_033,8,牝,1800,芝,重,13,54.6,493.8,6.2,459.0,0.0,5.667,0.2,0.0,0.333,0.34,12
R20240528_0506,2024-05-28,Horse_0083,Horse_0083,Jockey_035,6,牡,1800,芝,重,12,58.3,463.3,7.9,350.0,0.0,10.333,0.0,0.0,0.0,0.32,13
R20240528_0506,2024-05-28,Horse_0790,Horse_0790,Jockey_021,8,牝,1800,芝,重,4,51.9,465.6,-13.0,21.0,2.0,9.0,0.0,0.0,0.0,0.26,10
R20240528_0506,2024-05-28,Horse_0086,Horse_0086,Jockey_050,7,せん,1800,芝,重,1,56.2,495.1,-4.4,340.0,0.0,6.667,0.25,,0.0,0.2,7
R20240528_0506,2024-05-28,Horse_0714,Horse_0714,Jockey_039,3,牝,1800,芝,重,10,53.3,516.9,0.1,54.0,2.0,9.333,0.0,0.0,0.0,0.2,3
R20240528_0506,2024-05-28,Horse_0227,Horse_0227,Jockey_014,5,牝,1800,芝,重,11,53.9,476.0,11.4,15.0,2.0,5.0,0.0,0.0,0.333,0.18,4
R20240528_0506,2024-05-28,Horse_0612,Horse_0612,Jockey_070,6,牡,1800,芝,重,6,53.3,524.8,1.8,11.0,2.0,7.333,0.0,0.0,0.0,0.2,2
R20240530_0507,2024-05-30,Horse_0200,Horse_0200,Jockey_026,6,せん,1800,ダート,良,2,55.6,452.2,19.1,502.0,0.0,10.0,0.0,,0.0,0.24,10
R20240530_0507,2024-05-30,Horse_0478,Horse_0478,Jockey_038,6,牝,1800,ダート,良,7,56.1,456.1,6.8,111.0,1.0,13.0,0.0,0.0,0.0,0.14,7
R20240530_0507,2024-05-30,Horse_0002,Horse_0002,Jockey_073,9,牝,1800,ダート,良,6,53.8,463.4,-0.5,111.0,1.0,5.667,0.2,,0.5,0.22,1
R20240530_0507,2024-05-30,Horse_0021,Horse_0021,Jockey_076,2,牡,1800,ダート,良,5,58.0,435.1,,,0.0,,,,,0.3,5
R20240530_0507,2024-05-30,Horse_0607,Horse_0607,Jockey_002,4,牝,1800,ダート,良,3,53.7,436.4,2.9,228.0,0.0,10.333,0.0,,0.0,0.24,3
R20240530_0507,2024-05-30,Horse_0035,Horse_0035,Jockey_011,3,牡,1800,ダート,良,8,54.6,410.2,-8.3,167.0,1.0,2.333,0.75,,1.0,0.22,2
R20240530_0507,2024-05-30,Horse_0084,Horse_0084,Jockey_008,7,牝,1800,ダート,良,4,54.8,483.4,0.1,441.0,0.0,10.333,0.0,0.0,0.0,0.12,9
R20240530_0507,2024-05-30,Horse_0473,Horse_0473,Jockey_055,7,牝,1800,ダート,良,1,54.6,440.5,-1.1,308.0,0.0,7.0,0.2,,0.0,0.16,6
R20240530_0507,2024-05-30,Horse_0015,Horse_0015,Jockey_009,9,牝,1800,ダート,良,9,54.5,547.6,11.8,365.0,0.0,1.333,1.0,,1.0,0.32,4
R20240530_0507,2024-05-30,Horse_0296,Horse_0296,Jockey_035,8,せん,1800,ダート,良,10,54.7,441.1,-3.5,29.0,1.0,7.0,0.2,0.0,0.4,0.3,8
R20240602_0508,2024-06-02,Horse_0551,Horse_0551,Jockey_077,5,牡,1400,芝,良,12,54.2,479.6,0.9,119.0,1.0,6.333,0.4,0.333,0.333,0.1,9
R20240602_0508,2024-06-02,Horse_0743,Horse_0743,Jockey_034,4,牡,1400,芝,良,3,54.3,483.5,-11.4,205.0,0.0,10.333,0.0,,0.0,0.16,4
R20240602_0508,2024-06-02,Horse_0313,Horse_0313,Jockey_053,7,牡,1400,芝,良,9,55.8,479.3,2.0,143.0,1.0,4.667,0.4,1.0,0.75,0.2,8
R20240602_0508,2024-06-02,Horse_0848,Horse_0848,Jockey_030,6,牝,1400,芝,良,2,54.3,422.0,11.4,418.0,0.0,7.0,0.0,0.0,0.0,0.2,14
R20240602_0508,2024-06-02,Horse_0423,Horse_0423,Jockey_062,7,牝,1400,芝,良,7,54.7,410.4,-2.2,165.0,1.0,4.0,0.4,1.0,0.667,0.3,3
R20240602_0508,2024-06-02,Horse_0327,Horse_0327,Jockey_003,3,牡,1400,芝,良,14,53.3,492.6,1.9,188.0,0.0,7.667,0.0,0.0,0.0,0.26,6
R20240602_0508,2024-06-02,Horse_0586,Horse_0586,Jockey_042,7,牝,1400,芝,良,8,56.6,466.0,3.7,220.0,0.0,5.667,0.4,0.5,0.333,0.22,10
R20240602_0508,2024-06-02,Horse_0294,Horse_0294,Jockey_073,3,牝,1400,芝,良,10,56.5,504.5,3.1,182.0,0.0,5.0,0.5,,0.333,0.24,5
R20240602_0508,2024-06-02,Horse_0577,Horse_0577,Jockey_065,4,牡,1400,芝,良,4,54.9,502.1,-4.8,209.0,0.0,4.333,0.4,0.5,0.5,0.34,7
R20240602_0508,2024-06-02,Horse_0896,Horse_0896,Jockey_079,9,牝,1400,芝,良,13,54.1,467.0,1.6,306.0,0.0,9.0,0.0,0.0,0.0,0.14,13
R20240602_0508,2024-06-02,Horse_0417,Horse_0417,Jockey_032,7,牡,1400,芝,良,11,56.6,478.9,6.0,258.0,0.0,5.0,0.4,1.0,0.4,0.36,11
R20240602_0508,2024-06-02,Horse_0414,Horse_0414,Jockey_024,9,牡,1400,芝,良,1,52.6,418.4,4.6,53.0,1.0,9.0,0.2,0.0,0.5,0.14,12
R20240602_0508,2024-06-02,Horse_0255,Horse_0255,Jockey_057,4,牝,1400,芝,良,6,56.1,516.6,-7.9,66.0,1.0,4.667,0.667,,0.5,0.56,1
R20240602_0508,2024-06-02,Horse_0840,Horse_0840,Jockey_069,5,牡,1400,芝,良,5,54.6,468.1,-1.4,139.0,1.0,4.333,0.4,,0.5,0.3,2
R20240604_0509,2024-06-04,Horse_0550,Horse_0550,Jockey_045,8,せん,1600,芝,良,14,53.3,466.7,6.7,267.0,0.0,11.0,0.0,0.0,0.0,0.3,10
R20240604_0509,2024-06-04,Horse_0631,Horse_0631,Jockey_002,8,牝,1600,芝,良,15,53.2,446.5,-4.3,116.0,1.0,11.333,0.0,0.0,0.167,0.26,8
R20240604_0509,2024-06-04,Horse_0166,Horse_0166,Jockey_023,6,せん,1600,芝,良,9,53.1,489.1,11.2,47.0,3.0,9.333,0.0,0.0,0.0,0.16,7
R20240604_0509,2024-06-04,Horse_0141,Horse_0141,Jockey_060,2,牡,1600,芝,良,2,54.9,469.5,-3.4,62.0,1.0,1.0,1.0,,1.0,0.16,4
R20240604_0509,2024-06-04,Horse_0241,Horse_0241,Jockey_014,9,牝,1600,芝,良,10,56.0,502.1,19.9,395.0,0.0,6.0,0.2,0.0,0.5,0.18,14
R20240604_0509,2024-06-04,Horse_0662,Horse_0662,Jockey_043,9,牡,1600,芝,良,11,55.1,457.8,5.9,533.0,0.0,11.333,0.0,0.0,0.0,0.16,15
R20240604_0509,2024-06-04,Horse_0111,Horse_0111,Jockey_032,5,牡,1600,芝,良,12,53.6,435.4,-7.4,252.0,0.0,10.0,0.0,0.0,0.0,0.34,13
R20240604_0509,2024-06-04,Horse_0710,Horse_0710,Jockey_050,7,せん,1600,芝,良,1,55.4,431.8,-5.1,103.0,1.0,8.667,0.2,0.0,0.0,0.2,9
R20240604_0509,2024-06-04,Horse_0031,Horse_0031,Jockey_016,9,牝,1600,芝,良,7,53.9,517.2,13.2,98.0,1.0,8.0,0.2,0.0,0.2,0.26,11
R20240604_0509,2024-06-04,Horse_0496,Horse_0496,Jockey_061,8,牡,1600,芝,良,6,54.4,431.4,-4.5,243.0,0.0,6.667,0.2,0.0,0.2,0.32,5
R20240604_0509,2024-06-04,Horse_0468,Horse_0468,Jockey_054,4,牝,1600,芝,良,3,52.5,448.2,-8.6,18.0,3.0,6.667,0.2,0.0,0.333,0.22,6
R20240604_0509,2024-06-04,Horse_0827,Horse_0827,Jockey_071,9,牝,1600,芝,良,13,54.6,490.4,12.4,41.0,3.0,5.333,0.4,0.0,0.4,0.24,1
R20240604_0509,2024-06-04,Horse_0191,Horse_0191,Jockey_006,8,せん,1600,芝,良,5,54.2,476.3,4.6,363.0,0.0,3.333,0.6,0.75,0.667,0.2,12
R20240604_0509,2024-06-04,Horse_0715,Horse_0715,Jockey_009,5,牝,1600,芝,良,8,54.3,542.6,22.0,103.0,1.0,5.333,0.4,0.4,0.111,0.32,3
R20240604_0509,2024-06-04,Horse_0060,Horse_0060,Jockey_051,4,牡,1600,芝,良,4,57.2,437.5,6.0,43.0,1.0,6.0,0.0,0.0,0.0,0.4,2
R20240606_0510,2024-06-06,Horse_0421,Horse_0421,Jockey_037,3,牝,1200,芝,良,13,54.4,439.6,12.1,38.0,2.0,4.333,0.75,1.0,0.667,0.22,7
R20240606_0510,2024-06-06,Horse_0835,Horse_0835,Jockey_064,9,せん,1200,芝,良,8,54.1,479.2,2.3,20.0,1.0,5.333,0.2,1.0,0.5,0.22,2
R20240606_0510,2024-06-06,Horse_0807,Horse_0807,Jockey_066,4,牡,1200,芝,良,5,55.2,461.0,9.7,11.0,2.0,9.667,0.0,,0.0,0.16,5
R20240606_0510,2024-06-06,Horse_0026,Horse_0026,Jockey_046,5,牡,1200,芝,良,4,56.4,478.4,-7.2,32.0,1.0,9.0,0.0,,0.0,0.2,10
R20240606_0510,2024-06-06,Horse_0847,Horse_0847,Jockey_019,4,牡,1200,芝,良,3,55.4,482.8,2.1,64.0,1.0,9.667,0.0,0.0,0.0,0.3,8
R20240606_0510,2024-06-06,Horse_0655,Horse_0655,Jockey_012,8,牡,1200,芝,良,6,55.4,524.3,12.7,60.0,2.0,7.667,0.2,1.0,0.25,0.22,3
R20240606_0510,2024-06-06,Horse_0643,Horse_0643,Jockey_008,2,牝,1200,芝,良,12,55.1,405.6,21.8,105.0,1.0,3.0,1.0,,1.0,0.12,12
R20240606_0510,2024-06-06,Horse_0396,Horse_0396,Jockey_033,2,せん,1200,芝,良,1,55.4,433.8,,,0.0,,,,,0.34,4
R20240606_0510,2024-06-06,Horse_0260,Horse_0260,Jockey_077,7,牡,1200,芝,良,2,55.9,449.1,11.0,349.0,0.0,2.667,0.6,,0.667,0.1,13
R20240606_0510,2024-06-06,Horse_0352,Horse_0352,Jockey_032,6,牝,1200,芝,良,10,56.7,470.7,-2.5,166.0,1.0,2.667,0.6,0.0,0.5,0.34,1
R20240606_0510,2024-06-06,Horse_0794,Horse_0794,Jockey_052,3,牡,1200,芝,良,7,56.8,433.0,19.4,161.0,1.0,7.333,0.0,0.0,0.0,0.18,11
R20240606_0510,2024-06-06,Horse_0361,Horse_0361,Jockey_078,3,牡,1200,芝,良,15,55.0,455.4,-0.4,42.0,2.0,2.333,1.0,,1.0,0.2,6
R20240606_0510,2024-06-06,Horse_0373,Horse_0373,Jockey_061,8,牡,1200,芝,良,14,55.5,468.0,-1.0,286.0,0.0,7.0,0.0,,0.0,0.32,14
R20240606_0510,2024-06-06,Horse_0619,Horse_0619,Jockey_031,8,牡,1200,芝,良,11,55.2,500.1,-7.1,181.0,0.0,9.0,0.2,0.0,0.0,0.3,9
R20240606_0510,2024-06-06,Horse_0654,Horse_0654,Jockey_042,7,牝,1200,芝,良,9,54.7,485.6,-1.4,213.0,0.0,9.667,0.2,,0.333,0.2,15
R20240609_0511,2024-06-09,Horse_0729,Horse_0729,Jockey_066,9,せん,1400,芝,良,4,55.8,478.9,4.7,94.0,1.0,4.333,0.4,0.0,0.286,0.16,3
R20240609_0511,2024-06-09,Horse_0374,Horse_0374,Jockey_023,7,せん,1400,芝,良,7,57.1,487.3,-7.6,67.0,1.0,3.667,0.6,0.5,0.6,0.16,1
R20240609_0511,2024-06-09,Horse_0895,Horse_0895,Jockey_063,9,牝,1400,芝,良,5,54.5,495.8,-0.7,257.0,0.0,11.0,0.0,0.0,0.0,0.3,8
R20240609_0511,2024-06-09,Horse_0186,Horse_0186,Jockey_005,8,せん,1400,芝,良,3,54.8,436.5,0.2,63.0,1.0,13.0,0.2,0.0,0.25,0.36,5
R20240609_0511,2024-06-09,Horse_0529,Horse_0529,Jockey_077,4,牝,1400,芝,良,8,52.0,495.5,-14.2,242.0,0.0,10.0,0.2,0.0,0.0,0.1,2
R20240609_0511,2024-06-09,Horse_0829,Horse_0829,Jockey_040,2,牡,1400,芝,良,6,54.9,448.8,-4.8,108.0,1.0,9.0,0.0,,0.0,0.34,6
R20240609_0511,2024-06-09,Horse_0522,Horse_0522,Jockey_019,9,牝,1400,芝,良,1,54.3,472.0,10.4,134.0,1.0,6.0,0.0,,0.0,0.3,7
R20240609_0511,2024-06-09,Horse_0834,Horse_0834,Jockey_042,4,牝,1400,芝,良,2,57.0,423.1,22.6,35.0,2.0,6.333,0.4,0.0,0.25,0.18,4
R20240612_0512,2024-06-12,Horse_0445,Horse_0445,Jockey_048,3,牡,1600,芝,良,3,54.3,478.6,,,0.0,,,,,0.22,3
R20240612_0512,2024-06-12,Horse_0634,Horse_0634,Jockey_044,4,牝,1600,芝,良,5,54.6,478.4,-2.2,129.0,1.0,6.333,0.0,,0.0,0.38,9
R20240612_0512,2024-06-12,Horse_0242,Horse_0242,Jockey_054,4,牡,1600,芝,良,7,55.1,546.4,-8.0,90.0,1.0,5.333,0.2,0.0,0.0,0.22,7
R20240612_0512,2024-06-12,Horse_0647,Horse_0647,Jockey_004,5,牡,1600,芝,良,8,56.1,442.1,-1.1,36.0,1.0,4.0,0.6,0.667,0.429,0.28,1
R20240612_0512,2024-06-12,Horse_0552,Horse_0552,Jockey_008,2,牝,1600,芝,良,1,56.4,496.8,8.3,21.0,1.0,3.0,1.0,,,0.1,2
R20240612_0512,2024-06-12,Horse_0612,Horse_0612,Jockey_055,6,牡,1600,芝,良,6,53.3,525.2,0.4,15.0,3.0,4.0,0.2,0.0,0.167,0.16,6
R20240612_0512,2024-06-12,Horse_0881,Horse_0881,Jockey_022,8,牡,1600,芝,良,2,54.4,489.4,-3.1,154.0,1.0,6.667,0.2,0.25,0.167,0.16,5
R20240612_0512,2024-06-12,Horse_0426,Horse_0426,Jockey_023,8,牡,1600,芝,良,4,54.0,445.1,-4.5,69.0,2.0,9.667,0.0,0.0,0.0,0.18,8
R20240612_0512,2024-06-12,Horse_0187,Horse_0187,Jockey_039,6,牡,1600,芝,良,9,55.2,435.2,-11.8,210.0,0.0,6.667,0.4,0.5,0.5,0.22,4
R20240614_0513,2024-06-14,Horse_0633,Horse_0633,Jockey_058,3,牝,1400,ダート,重,3,50.6,472.8,-7.0,134.0,2.0,10.333,0.2,1.0,0.333,0.4,6
R20240614_0513,2024-06-14,Horse_0708,Horse_0708,Jockey_059,8,牡,1400,ダート,重,7,54.8,471.7,4.4,499.0,0.0,4.667,0.4,0.5,0.5,0.36,7
R20240614_0513,2024-06-14,Horse_0474,Horse_0474,Jockey_023,9,牝,1400,ダート,重,4,56.9,471.7,-2.0,220.0,0.0,2.0,1.0,,0.75,0.18,1
R20240614_0513,2024-06-14,Horse_0558,Horse_0558,Jockey_043,9,牡,1400,ダート,重,6,57.7,466.3,3.9,28.0,1.0,8.333,0.4,0.0,0.0,0.16,3
R20240614_0513,2024-06-14,Horse_0757,Horse_0757,Jockey_020,6,牡,1400,ダート,重,5,55.8,467.9,20.7,373.0,0.0,4.333,0.2,0.5,0.5,0.22,8
R20240614_0513,2024-06-14,Horse_0303,Horse_0303,Jockey_030,2,せん,1400,ダート,重,1,53.7,503.6,5.5,68.0,1.0,3.0,1.0,1.0,,0.2,2
R20240614_0513,2024-06-14,Horse_0751,Horse_0751,Jockey_067,9,牡,1400,ダート,重,8,56.4,484.6,6.4,85.0,2.0,2.667,0.6,1.0,0.75,0.18,5
R20240614_0513,2024-06-14,Horse_0128,Horse_0128,Jockey_057,3,牡,1400,ダート,重,2,53.4,502.6,7.0,205.0,0.0,4.333,0.25,,0.0,0.58,4
R20240615_0514,2024-06-15,Horse_0573,Horse_0573,Jockey_028,8,牡,1600,芝,良,13,53.9,461.7,-3.2,350.0,0.0,7.667,0.0,0.333,0.2,0.28,14
R20240615_0514,2024-06-15,Horse_0591,Horse_0591,Jockey_058,5,牝,1600,芝,良,11,54.8,476.6,1.6,39.0,1.0,9.333,0.0,0.0,0.143,0.4,4
R20240615_0514,2024-06-15,Horse_0830,Horse_0830,Jockey_037,6,牝,1600,芝,良,9,55.6,444.0,25.3,131.0,1.0,12.0,0.0,0.0,0.0,0.22,13
R20240615_0514,2024-06-15,Horse_0100,Horse_0100,Jockey_006,6,牝,1600,芝,良,14,55.3,476.8,1.0,243.0,0.0,8.333,0.0,0.0,0.0,0.2,12
R20240615_0514,2024-06-15,Horse_0630,Horse_0630,Jockey_026,6,牡,1600,芝,良,8,53.1,419.5,-21.5,123.0,1.0,8.0,0.0,0.0,0.125,0.24,10
R20240615_0514,2024-06-15,Horse_0217,Horse_0217,Jockey_077,3,牡,1600,芝,良,5,54.1,479.6,13.8,170.0,1.0,7.333,0.0,,0.0,0.12,9
R20240615_0514,2024-06-15,Horse_0623,Horse_0623,Jockey_047,3,牡,1600,芝,良,10,54.4,506.9,10.8,36.0,2.0,7.667,0.2,0.0,0.0,0.3,7
R20240615_0514,2024-06-15,Horse_0265,Horse_0265,Jockey_004,4,牡,1600,芝,良,4,53.1,454.0,7.4,175.0,1.0,10.0,0.0,0.0,0.0,0.3,8
R20240615_0514,2024-06-15,Horse_0151,Horse_0151,Jockey_048,2,牝,1600,芝,良,2,57.2,457.9,0.6,75.0,2.0,4.0,0.5,,0.5,0.24,2
R20240615_0514,2024-06-15,Horse_0582,Horse_0582,Jockey_049,8,せん,1600,芝,良,3,54.2,462.3,15.5,127.0,1.0,9.0,0.0,0.0,0.0,0.22,11
R20240615_0514,2024-06-15,Horse_0567,Horse_0567,Jockey_020,3,牡,1600,芝,良,1,55.9,451.8,7.9,239.0,0.0,6.0,0.0,,0.0,0.2,6
R20240615_0514,2024-06-15,Horse_0782,Horse_0782,Jockey_039,3,牡,1600,芝,良,6,57.0,465.4,7.3,223.0,0.0,3.667,0.667,1.0,0.667,0.22,5
R20240615_0514,2024-06-15,Horse_0215,Horse_0215,Jockey_022,7,牡,1600,芝,良,12,58.0,476.7,0.2,104.0,2.0,3.667,0.8,0.0,0.75,0.16,1
R20240615_0514,2024-06-15,Horse_0391,Horse_0391,Jockey_043,2,牡,1600,芝,良,7,54.1,512.3,,,0.0,,,,,0.18,3
R20240618_0515,2024-06-18,Horse_0714,Horse_0714,Jockey_078,3,牝,1800,ダート,稍重,4,54.4,517.5,0.6,21.0,3.0,6.667,0.2,0.5,0.0,0.2,7
R20240618_0515,2024-06-18,Horse_0193,Horse_0193,Jockey_067,4,牝,1800,ダート,稍重,10,54.5,493.5,11.2,126.0,2.0,5.0,0.2,0.0,0.0,0.18,5
R20240618_0515,2024-06-18,Horse_0791,Horse_0791,Jockey_050,7,牡,1800,ダート,稍重,9,53.8,464.0,10.5,69.0,3.0,4.0,0.2,0.0,0.2,0.2,3
R20240618_0515,2024-06-18,Horse_0269,Horse_0269,Jockey_002,6,牝,1800,ダート,稍重,3,55.1,461.8,0.9,126.0,1.0,4.333,0.8,,1.0,0.24,1
R20240618_0515,2024-06-18,Horse_0085,Horse_0085,Jockey_056,8,牡,1800,ダート,稍重,8,55.2,458.3,1.0,387.0,0.0,4.667,0.0,0.0,0.0,0.2,10
R20240618_0515,2024-06-18,Horse_0395,Horse_0395,Jockey_054,4,牡,1800,ダート,稍重,1,55.3,431.2,-8.9,319.0,0.0,7.667,0.25,0.0,1.0,0.22,8
R20240618_0515,2024-06-18,Horse_0870,Horse_0870,Jockey_001,5,せん,1800,ダート,稍重,7,53.1,513.3,-11.0,171.0,1.0,4.333,0.2,,0.0,0.34,2
R20240618_0515,2024-06-18,Horse_0674,Horse_0674,Jockey_066,6,牝,1800,ダート,稍重,5,53.9,440.0,1.8,374.0,0.0,6.0,0.2,0.0,0.0,0.18,9
R20240618_0515,2024-06-18,Horse_0477,Horse_0477,Jockey_043,8,牡,1800,ダート,稍重,6,56.9,483.9,5.5,64.0,1.0,6.667,0.0,0.0,0.0,0.18,4
R20240618_0515,2024-06-18,Horse_0054,Horse_0054,Jockey_079,2,せん,1800,ダート,稍重,2,53.7,443.7,,,0.0,,,,,0.14,6
R20240621_0516,2024-06-21,Horse_0036,Horse_0036,Jockey_040,2,牡,2000,芝,良,7,55.7,485.4,,,0.0,,,,,0.34,3
R20240621_0516,2024-06-21,Horse_0701,Horse_0701,Jockey_051,3,牡,2000,芝,良,8,56.2,466.9,-3.5,92.0,2.0,1.333,0.8,1.0,0.667,0.42,2
R20240621_0516,2024-06-21,Horse_0523,Horse_0523,Jockey_024,5,牝,2000,芝,良,4,57.2,452.1,2.9,228.0,0.0,9.333,0.0,,0.0,0.14,7
R20240621_0516,2024-06-21,Horse_0713,Horse_0713,Jockey_015,7,牡,2000,芝,良,2,55.4,461.8,-11.7,71.0,1.0,6.333,0.6,0.0,0.143,0.12,8
R20240621_0516,2024-06-21,Horse_0786,Horse_0786,Jockey_043,8,牝,2000,芝,良,3,56.1,457.5,7.2,484.0,0.0,6.0,0.4,,0.0,0.18,9
R20240621_0516,2024-06-21,Horse_0501,Horse_0501,Jockey_031,5,牝,2000,芝,良,6,55.7,450.6,-2.8,176.0,1.0,3.0,0.6,0.5,0.222,0.3,6
R20240621_0516,2024-06-21,Horse_0455,Horse_0455,Jockey_022,6,せん,2000,芝,良,9,55.4,474.3,-0.9,570.0,0.0,6.667,0.2,0.0,0.2,0.16,10
R20240621_0516,2024-06-21,Horse_0438,Horse_0438,Jockey_041,2,牝,2000,芝,良,5,51.9,451.6,,,0.0,,,,,0.26,4
R20240621_0516,2024-06-21,Horse_0140,Horse_0140,Jockey_059,3,牝,2000,芝,良,10,53.4,499.9,0.1,71.0,2.0,3.667,0.667,,1.0,0.34,1
R20240621_0516,2024-06-21,Horse_0411,Horse_0411,Jockey_049,3,牡,2000,芝,良,1,54.9,423.7,-5.9,95.0,1.0,8.333,0.0,,0.0,0.22,5
R20240622_0517,2024-06-22,Horse_0186,Horse_0186,Jockey_016,8,せん,1200,芝,良,3,57.5,426.3,-10.2,13.0,2.0,9.667,0.2,0.5,0.2,0.24,11
R20240622_0517,2024-06-22,Horse_0278,Horse_0278,Jockey_041,7,せん,1200,芝,良,9,54.6,452.5,2.2,434.0,0.0,7.0,0.2,,0.5,0.24,10
R20240622_0517,2024-06-22,Horse_0799,Horse_0799,Jockey_007,4,牝,1200,芝,良,5,55.4,511.3,16.2,72.0,2.0,7.0,0.0,0.0,0.0,0.26,7
R20240622_0517,2024-06-22,Horse_0806,Horse_0806,Jockey_078,6,牝,1200,芝,良,2,52.2,461.2,1.8,255.0,0.0,6.333,0.6,1.0,0.2,0.2,1
R20240622_0517,2024-06-22,Horse_0117,Horse_0117,Jockey_012,2,せん,1200,芝,良,7,54.9,469.4,16.0,142.0,1.0,4.0,0.0,,,0.24,4
R20240622_0517,2024-06-22,Horse_0820,Horse_0820,Jockey_021,7,牝,1200,芝,良,14,53.3,499.9,-13.1,72.0,2.0,11.667,0.0,0.0,0.0,0.26,13
R20240622_0517,2024-06-22,Horse_0766,Horse_0766,Jockey_054,8,牝,1200,芝,良,6,54.5,452.1,1.0,298.0,0.0,3.0,0.4,,0.333,0.22,6
R20240622_0517,2024-06-22,Horse_0019,Horse_0019,Jockey_046,8,牝,1200,芝,良,1,57.0,441.7,-1.2,250.0,0.0,6.5,0.5,0.5,0.5,0.2,12
R20240622_0517,2024-06-22,Horse_0266,Horse_0266,Jockey_066,2,牡,1200,芝,良,13,54.9,526.9,-8.6,59.0,2.0,3.0,0.5,0.0,,0.18,2
R20240622_0517,2024-06-22,Horse_0496,Horse_0496,Jockey_032,8,牡,1200,芝,良,12,54.5,445.0,13.6,18.0,1.0,6.667,0.2,,0.167,0.36,9
R20240622_0517,2024-06-22,Horse_0505,Horse_0505,Jockey_061,7,牡,1200,芝,良,8,54.4,459.8,-3.6,27.0,1.0,11.667,0.0,0.0,0.0,0.32,3
R20240622_0517,2024-06-22,Horse_0256,Horse_0256,Jockey_002,8,牝,1200,芝,良,10,53.0,501.6,8.4,584.0,0.0,2.333,0.8,,1.0,0.26,14
R20240622_0517,2024-06-22,Horse_0314,Horse_0314,Jockey_077,6,牝,1200,芝,良,11,52.8,467.5,-1.1,68.0,1.0,8.667,0.0,,0.0,0.12,5
R20240622_0517,2024-06-22,Horse_0562,Horse_0562,Jockey_033,8,牝,1200,芝,良,4,54.2,524.2,12.2,139.0,1.0,11.667,0.0,0.0,0.0,0.32,8
R20240626_0518,2024-06-26,Horse_0557,Horse_0557,Jockey_001,2,牡,1200,ダート,良,1,54.2,470.8,-1.0,80.0,1.0,4.0,0.0,,,0.36,9
R20240626_0518,2024-06-26,Horse_0328,Horse_0328,Jockey_036,7,牡,1200,ダート,良,12,53.1,525.4,10.4,314.0,0.0,2.667,0.4,0.333,0.8,0.42,7
R20240626_0518,2024-06-26,Horse_0893,Horse_0893,Jockey_071,8,牡,1200,ダート,良,9,53.3,473.9,-12.1,215.0,0.0,12.0,0.0,,0.0,0.26,13
R20240626_0518,2024-06-26,Horse_0202,Horse_0202,Jockey_016,8,牝,1200,ダート,良,7,55.2,522.5,-7.8,80.0,2.0,6.0,0.0,,0.143,0.24,8
R20240626_0518,2024-06-26,Horse_0593,Horse_0593,Jockey_052,6,牝,1200,ダート,良,5,54.1,475.5,5.5,181.0,0.0,8.0,0.2,,0.0,0.18,6
R20240626_0518,2024-06-26,Horse_0041,Horse_0041,Jockey_012,7,牡,1200,ダート,良,4,53.9,501.6,-9.6,330.0,0.0,3.667,0.2,0.0,0.167,0.24,10
R20240626_0518,2024-06-26,Horse_0030,Horse_0030,Jockey_049,9,牡,1200,ダート,良,13,57.1,467.3,6.4,171.0,1.0,3.333,0.6,0.0,0.6,0.22,1
R20240626_0518,2024-06-26,Horse_0836,Horse_0836,Jockey_002,7,牝,1200,ダート,良,2,54.3,495.1,-15.3,76.0,1.0,9.333,0.25,0.0,0.5,0.26,3
R20240626_0518,2024-06-26,Horse_0427,Horse_0427,Jockey_003,2,牝,1200,ダート,良,11,56.1,482.7,1.9,115.0,1.0,1.0,1.0,,,0.26,5
R20240626_0518,2024-06-26,Horse_0630,Horse_0630,Jockey_048,6,牡,1200,ダート,良,6,54.7,434.0,14.5,11.0,2.0,7.0,0.0,0.0,0.0,0.26,12
R20240626_0518,2024-06-26,Horse_0175,Horse_0175,Jockey_065,4,せん,1200,ダート,良,10,55.9,500.3,-4.4,50.0,1.0,10.333,0.0,0.0,0.0,0.34,4
R20240626_0518,2024-06-26,Horse_0351,Horse_0351,Jockey_050,8,牝,1200,ダート,良,3,54.0,529.9,-2.0,104.0,1.0,3.333,0.6,1.0,0.667,0.2,2
R20240626_0518,2024-06-26,Horse_0811,Horse_0811,Jockey_025,5,牝,1200,ダート,良,14,56.0,469.5,1.8,330.0,0.0,10.667,0.0,0.0,0.0,0.4,14
R20240626_0518,2024-06-26,Horse_0048,Horse_0048,Jockey_055,4,牝,1200,ダート,良,8,53.0,469.0,0.6,500.0,0.0,5.0,0.5,,,0.14,11
R20240627_0519,2024-06-27,Horse_0519,Horse_0519,Jockey_008,3,牝,1600,芝,良,13,55.1,435.1,-7.5,180.0,1.0,10.333,0.0,0.0,0.0,0.12,15
R20240627_0519,2024-06-27,Horse_0282,Horse_0282,Jockey_077,8,牡,1600,芝,良,6,55.6,431.5,-5.9,317.0,0.0,6.667,0.0,0.25,0.0,0.12,11
R20240627_0519,2024-06-27,Horse_0224,Horse_0224,Jockey_032,4,牝,1600,芝,良,5,56.3,452.5,6.5,324.0,0.0,8.0,0.2,0.0,0.0,0.36,12
R20240627_0519,2024-06-27,Horse_0794,Horse_0794,Jockey_035,3,牡,1600,芝,良,9,54.4,423.8,-9.2,21.0,1.0,8.333,0.0,0.0,0.0,0.3,3
R20240627_0519,2024-06-27,Horse_0133,Horse_0133,Jockey_022,5,牡,1600,芝,良,14,55.1,464.0,2.5,133.0,1.0,6.0,0.2,0.5,0.5,0.16,2
R20240627_0519,2024-06-27,Horse_0509,Horse_0509,Jockey_004,5,牝,1600,芝,良,4,54.5,500.0,-0.7,228.0,0.0,3.0,0.6,0.0,0.4,0.3,5
R20240627_0519,2024-06-27,Horse_0862,Horse_0862,Jockey_038,5,牝,1600,芝,良,1,54.5,455.0,9.6,348.0,0.0,6.667,0.2,0.0,0.333,0.14,14
R20240627_0519,2024-06-27,Horse_0238,Horse_0238,Jockey_069,2,牡,1600,芝,良,16,54.3,444.4,6.1,50.0,1.0,4.0,0.0,,0.0,0.3,6
R20240627_0519,2024-06-27,Horse_0039,Horse_0039,Jockey_067,9,牝,1600,芝,良,2,57.0,442.3,-5.6,220.0,0.0,5.333,0.2,0.4,0.6,0.18,10
R20240627_0519,2024-06-27,Horse_0640,Horse_0640,Jockey_058,2,牡,1600,芝,良,11,54.1,437.7,11.0,147.0,1.0,6.0,0.0,,,0.4,13
R20240627_0519,2024-06-27,Horse_0512,Horse_0512,Jockey_015,9,牝,1600,芝,良,8,52.9,463.4,-1.5,91.0,2.0,5.667,0.2,0.0,0.25,0.12,7
R20240627_0519,2024-06-27,Horse_0840,Horse_0840,Jockey_059,5,牡,1600,芝,良,15,56.6,465.5,-2.6,25.0,2.0,4.333,0.6,1.0,0.6,0.36,1
R20240627_0519,2024-06-27,Horse_0038,Horse_0038,Jockey_034,8,牡,1600,芝,良,10,56.9,486.6,-0.4,59.0,1.0,9.0,0.0,0.0,0.167,0.16,8
R20240627_0519,2024-06-27,Horse_0567,Horse_0567,Jockey_072,3,牡,1600,芝,良,12,57.1,442.4,-9.4,12.0,1.0,6.0,0.0,0.0,0.0,0.34,4
R20240627_0519,2024-06-27,Horse_0514,Horse_0514,Jockey_044,9,牝,1600,芝,良,3,56.6,475.3,-16.8,30.0,1.0,10.0,0.0,0.0,0.143,0.38,9
R20240627_0519,2024-06-27,Horse_0738,Horse_0738,Jockey_027,8,牝,1600,芝,良,7,55.7,429.5,-6.5,450.0,0.0,8.667,0.0,0.0,0.0,0.18,16
R20240628_0520,2024-06-28,Horse_0743,Horse_0743,Jockey_055,4,牡,2400,芝,重,6,54.5,486.6,3.1,26.0,1.0,7.667,0.0,0.0,0.0,0.14,7
R20240628_0520,2024-06-28,Horse_0158,Horse_0158,Jockey_065,9,牡,2400,芝,重,3,54.4,463.6,0.2,95.0,1.0,3.0,0.4,,0.571,0.32,1
R20240628_0520,2024-06-28,Horse_0689,Horse_0689,Jockey_022,5,牝,2400,芝,重,4,57.4,425.5,-3.7,214.0,0.0,8.0,0.2,0.0,0.125,0.18,6
R20240628_0520,2024-06-28,Horse_0263,Horse_0263,Jockey_010,2,牡,2400,芝,重,5,53.6,439.5,2.3,122.0,1.0,11.0,0.0,,0.0,0.34,4
R20240628_0520,2024-06-28,Horse_0418,Horse_0418,Jockey_001,7,牡,2400,芝,重,2,52.0,446.0,-2.2,85.0,2.0,5.667,0.0,0.0,0.111,0.36,3
R20240628_0520,2024-06-28,Horse_0450,Horse_0450,Jockey_070,5,牝,2400,芝,重,1,53.3,511.4,6.1,231.0,0.0,4.0,0.4,1.0,0.286,0.22,2
R20240628_0520,2024-06-28,Horse_0898,Horse_0898,Jockey_076,6,牝,2400,芝,重,7,54.0,489.0,8.7,196.0,0.0,9.0,0.0,,0.0,0.3,8
R20240628_0520,2024-06-28,Horse_0530,Horse_0530,Jockey_035,3,牡,2400,芝,重,8,55.2,500.2,-11.8,99.0,2.0,4.0,0.6,,0.333,0.3,5
R20240629_0521,2024-06-29,Horse_0868,Horse_0868,Jockey_019,8,牝,1800,ダート,不良,5,55.1,458.1,-5.9,196.0,0.0,9.0,0.0,,0.0,0.3,4
R20240629_0521,2024-06-29,Horse_0466,Horse_0466,Jockey_057,8,牡,1800,ダート,不良,4,54.3,505.7,14.4,52.0,2.0,6.667,0.0,0.0,0.0,0.58,3
R20240629_0521,2024-06-29,Horse_0860,Horse_0860,Jockey_042,8,牡,1800,ダート,不良,1,56.4,534.2,-6.0,313.0,0.0,7.0,0.6,0.0,0.5,0.18,5
R20240629_0521,2024-06-29,Horse_0215,Horse_0215,Jockey_017,7,牡,1800,ダート,不良,6,55.0,481.9,5.2,14.0,2.0,1.333,0.8,1.0,0.25,0.32,2
R20240629_0521,2024-06-29,Horse_0456,Horse_0456,Jockey_066,4,牡,1800,ダート,不良,8,54.7,452.3,-4.8,348.0,0.0,5.667,0.4,0.0,0.5,0.2,8
R20240629_0521,2024-06-29,Horse_0098,Horse_0098,Jockey_021,5,牝,1800,ダート,不良,3,53.4,430.6,-2.5,484.0,0.0,6.0,0.0,0.0,0.0,0.26,9
R20240629_0521,2024-06-29,Horse_0327,Horse_0327,Jockey_020,3,牡,1800,ダート,不良,9,55.5,491.2,-1.4,27.0,1.0,7.0,0.0,,,0.2,7
R20240629_0521,2024-06-29,Horse_0485,Horse_0485,Jockey_031,5,牝,1800,ダート,不良,2,53.2,440.4,-5.7,68.0,2.0,2.667,0.6,,0.5,0.3,1
R20240629_0521,2024-06-29,Horse_0644,Horse_0644,Jockey_061,9,牡,1800,ダート,不良,7,56.4,533.4,-3.9,124.0,1.0,5.667,0.4,1.0,0.0,0.32,6
R20240703_0522,2024-07-03,Horse_0539,Horse_0539,Jockey_074,2,牝,1800,芝,良,14,54.3,460.1,-8.4,90.0,1.0,9.0,0.0,,0.0,0.24,4
R20240703_0522,2024-07-03,Horse_0826,Horse_0826,Jockey_069,9,牝,1800,芝,良,11,56.4,458.2,-4.1,185.0,0.0,6.333,0.2,1.0,0.5,0.3,1
R20240703_0522,2024-07-03,Horse_0431,Horse_0431,Jockey_051,2,牝,1800,芝,良,12,54.2,474.9,-2.9,139.0,1.0,8.0,0.0,0.0,,0.42,7
R20240703_0522,2024-07-03,Horse_0278,Horse_0278,Jockey_022,7,せん,1800,芝,良,5,53.8,457.4,4.9,11.0,1.0,7.0,0.2,0.0,0.333,0.18,3
R20240703_0522,2024-07-03,Horse_0453,Horse_0453,Jockey_027,7,牡,1800,芝,良,8,54.5,438.2,-15.0,189.0,0.0,5.0,0.2,1.0,0.125,0.16,15
R20240703_0522,2024-07-03,Horse_0585,Horse_0585,Jockey_055,6,牡,1800,芝,良,16,56.6,461.5,5.4,65.0,2.0,4.333,0.4,1.0,0.0,0.14,2
R20240703_0522,2024-07-03,Horse_0080,Horse_0080,Jockey_062,7,牡,1800,芝,良,9,54.7,470.0,-1.5,84.0,3.0,10.333,0.0,0.0,0.167,0.32,11
R20240703_0522,2024-07-03,Horse_0047,Horse_0047,Jockey_021,4,牡,1800,芝,良,13,55.5,474.9,-3.9,84.0,1.0,4.333,0.2,,0.333,0.26,5
R20240703_0522,2024-07-03,Horse_0776,Horse_0776,Jockey_034,6,牡,1800,芝,良,7,53.5,473.3,-1.2,189.0,0.0,5.333,0.4,0.0,0.375,0.16,12
R20240703_0522,2024-07-03,Horse_0029,Horse_0029,Jockey_073,3,せん,1800,芝,良,3,55.5,462.0,-22.3,349.0,0.0,2.5,0.5,,1.0,0.24,9
R20240703_0522,2024-07-03,Horse_0719,Horse_0719,Jockey_054,5,牝,1800,芝,良,15,54.7,465.9,0.6,63.0,1.0,9.333,0.2,0.0,0.167,0.22,14
R20240703_0522,2024-07-03,Horse_0697,Horse_0697,Jockey_048,3,牝,1800,芝,良,2,53.6,449.5,-8.1,189.0,0.0,7.5,0.0,,0.0,0.26,13
R20240703_0522,2024-07-03,Horse_0876,Horse_0876,Jockey_080,9,牡,1800,芝,良,4,54.7,496.4,3.6,42.0,4.0,7.333,0.0,0.0,0.0,0.2,10
R20240703_0522,2024-07-03,Horse_0379,Horse_0379,Jockey_045,5,牝,1800,芝,良,10,56.5,517.8,4.5,170.0,1.0,7.0,0.4,0.667,0.286,0.3,6
R20240703_0522,2024-07-03,Horse_0727,Horse_0727,Jockey_060,2,牝,1800,芝,良,1,56.3,533.2,,,0.0,,,,,0.16,16
R20240703_0522,2024-07-03,Horse_0886,Horse_0886,Jockey_031,4,牝,1800,芝,良,6,55.1,439.8,-14.2,240.0,0.0,1.0,0.8,1.0,0.875,0.3,8
R20240707_0523,2024-07-07,Horse_0671,Horse_0671,Jockey_054,8,牡,2000,ダート,重,8,55.1,497.1,0.0,647.0,0.0,3.333,0.4,,0.667,0.22,11
R20240707_0523,2024-07-07,Horse_0068,Horse_0068,Jockey_023,5,牡,2000,ダート,重,12,55.6,511.7,6.5,101.0,1.0,5.333,0.4,0.5,0.5,0.2,9
R20240707_0523,2024-07-07,Horse_0182,Horse_0182,Jockey_060,9,牝,2000,ダート,重,5,53.8,468.7,12.8,280.0,0.0,9.333,0.0,,0.0,0.14,13
R20240707_0523,2024-07-07,Horse_0189,Horse_0189,Jockey_003,6,牝,2000,ダート,重,4,55.2,422.5,3.0,51.0,2.0,7.333,0.0,0.0,0.0,0.26,7
R20240707_0523,2024-07-07,Horse_0350,Horse_0350,Jockey_045,6,牡,2000,ダート,重,6,56.0,471.4,-0.9,42.0,1.0,9.667,0.2,0.0,0.0,0.3,4
R20240707_0523,2024-07-07,Horse_0473,Horse_0473,Jockey_053,7,牝,2000,ダート,重,11,54.2,442.9,2.4,38.0,1.0,5.333,0.2,1.0,0.0,0.18,5
R20240707_0523,2024-07-07,Horse_0304,Horse_0304,Jockey_064,4,牝,2000,ダート,重,9,55.9,456.9,-1.7,130.0,1.0,5.667,0.2,0.0,0.0,0.24,2
R20240707_0523,2024-07-07,Horse_0041,Horse_0041,Jockey_080,7,牡,2000,ダート,重,2,56.3,506.3,4.7,11.0,1.0,6.0,0.2,0.5,0.143,0.2,1
R20240707_0523,2024-07-07,Horse_0302,Horse_0302,Jockey_008,4,牡,2000,ダート,重,10,56.8,490.2,-8.1,91.0,3.0,8.667,0.5,1.0,,0.12,6
R20240707_0523,2024-07-07,Horse_0167,Horse_0167,Jockey_057,4,せん,2000,ダート,重,3,54.8,462.1,5.2,99.0,1.0,5.667,0.4,,0.333,0.58,3
R20240707_0523,2024-07-07,Horse_0134,Horse_0134,Jockey_020,4,牡,2000,ダート,重,1,53.6,430.3,-2.9,482.0,0.0,5.333,0.333,,0.0,0.18,10
R20240707_0523,2024-07-07,Horse_0043,Horse_0043,Jockey_022,7,牡,2000,ダート,重,13,57.2,504.8,-3.2,171.0,1.0,9.667,0.0,0.0,0.0,0.18,8
R20240707_0523,2024-07-07,Horse_0546,Horse_0546,Jockey_038,5,牝,2000,ダート,重,7,52.0,430.6,-0.2,500.0,0.0,4.333,0.4,,0.5,0.14,12
R20240710_0524,2024-07-10,Horse_0532,Horse_0532,Jockey_014,6,牝,1800,芝,良,3,53.2,495.3,11.7,165.0,1.0,8.667,0.2,,0.5,0.18,9
R20240710_0524,2024-07-10,Horse_0239,Horse_0239,Jockey_023,7,牡,1800,芝,良,8,56.0,464.8,-3.2,133.0,1.0,12.0,0.0,0.0,0.0,0.2,13
R20240710_0524,2024-07-10,Horse_0238,Horse_0238,Jockey_036,2,牡,1800,芝,良,11,57.1,437.4,-7.0,13.0,2.0,5.0,0.0,,0.0,0.42,7
R20240710_0524,2024-07-10,Horse_0511,Horse_0511,Jockey_025,8,牡,1800,芝,良,2,51.0,479.2,-4.2,49.0,1.0,7.667,0.0,0.0,0.0,0.38,4
R20240710_0524,2024-07-10,Horse_0770,Horse_0770,Jockey_065,7,牝,1800,芝,良,13,55.1,497.6,-1.4,70.0,2.0,2.333,0.6,,0.6,0.34,1
R20240710_0524,2024-07-10,Horse_0803,Horse_0803,Jockey_017,3,牝,1800,芝,良,6,56.0,477.1,1.4,185.0,0.0,4.0,0.5,,1.0,0.34,2
R20240710_0524,2024-07-10,Horse_0111,Horse_0111,Jockey_004,5,牡,1800,芝,良,1,56.7,437.2,1.8,36.0,1.0,11.0,0.0,,0.0,0.3,11
R20240710_0524,2024-07-10,Horse_0839,Horse_0839,Jockey_001,2,牝,1800,芝,良,5,52.9,412.0,9.4,104.0,1.0,6.0,0.0,,0.0,0.38,8
R20240710_0524,2024-07-10,Horse_0076,Horse_0076,Jockey_055,8,牡,1800,芝,良,9,53.5,389.0,-15.4,107.0,1.0,10.667,0.0,,0.0,0.16,12
R20240710_0524,2024-07-10,Horse_0601,Horse_0601,Jockey_012,9,牡,1800,芝,良,10,54.2,472.6,1.1,66.0,1.0,6.667,0.2,0.0,0.111,0.24,6
R20240710_0524,2024-07-10,Horse_0591,Horse_0591,Jockey_013,5,牝,1800,芝,良,12,51.2,480.8,4.2,25.0,2.0,8.667,0.0,0.0,0.125,0.12,3
R20240710_0524,2024-07-10,Horse_0900,Horse_0900,Jockey_074,6,牝,1800,芝,良,7,52.3,417.4,13.4,177.0,1.0,4.333,0.6,0.667,0.75,0.22,5
R20240710_0524,2024-07-10,Horse_0744,Horse_0744,Jockey_040,6,牝,1800,芝,良,4,53.2,488.8,-20.5,269.0,0.0,8.0,0.0,,0.0,0.34,10
R20240711_0525,2024-07-11,Horse_0718,Horse_0718,Jockey_015,8,牝,2000,芝,良,1,54.1,467.4,-2.8,422.0,0.0,8.0,0.4,0.0,0.2,0.12,10
R20240711_0525,2024-07-11,Horse_0466,Horse_0466,Jockey_037,8,牡,2000,芝,良,7,55.6,502.6,-3.1,12.0,3.0,6.333,0.2,0.0,0.2,0.2,3
R20240711_0525,2024-07-11,Horse_0535,Horse_0535,Jockey_016,7,せん,2000,芝,良,5,56.0,502.4,-1.4,149.0,1.0,6.0,0.2,0.0,0.2,0.24,2
R20240711_0525,2024-07-11,Horse_0347,Horse_0347,Jockey_006,7,せん,2000,芝,良,11,54.9,466.2,11.6,435.0,0.0,4.0,0.4,0.0,0.222,0.2,11
R20240711_0525,2024-07-11,Horse_0470,Horse_0470,Jockey_063,2,牝,2000,芝,良,6,55.5,526.1,19.4,99.0,1.0,10.5,0.0,0.0,0.0,0.3,5
R20240711_0525,2024-07-11,Horse_0711,Horse_0711,Jockey_050,7,牝,2000,芝,良,2,56.0,458.7,-12.7,220.0,0.0,6.333,0.2,0.0,0.2,0.22,7
R20240711_0525,2024-07-11,Horse_0620,Horse_0620,Jockey_017,7,牡,2000,芝,良,3,52.9,458.1,-0.7,101.0,1.0,11.0,0.0,0.0,0.0,0.34,6
R20240711_0525,2024-07-11,Horse_0889,Horse_0889,Jockey_014,9,牡,2000,芝,良,10,54.9,513.8,10.4,80.0,2.0,9.333,0.0,,0.0,0.18,4
R20240711_0525,2024-07-11,Horse_0513,Horse_0513,Jockey_047,8,牝,2000,芝,良,9,53.1,474.5,4.3,47.0,2.0,7.0,0.2,0.0,0.375,0.3,1
R20240711_0525,2024-07-11,Horse_0137,Horse_0137,Jockey_005,8,牡,2000,芝,良,4,55.3,439.6,0.3,144.0,1.0,10.333,0.0,0.0,0.0,0.36,9
R20240711_0525,2024-07-11,Horse_0018,Horse_0018,Jockey_062,7,せん,2000,芝,良,8,54.0,438.0,-2.6,239.0,0.0,4.667,0.2,0.25,0.2,0.3,8
R20240715_0526,2024-07-15,Horse_0488,Horse_0488,Jockey_047,5,牡,2000,ダート,稍重,11,56.5,469.6,2.8,88.0,2.0,4.667,0.2,,0.0,0.32,2
R20240715_0526,2024-07-15,Horse_0208,Horse_0208,Jockey_039,3,牡,2000,ダート,稍重,4,54.4,411.4,2.9,130.0,1.0,4.333,0.5,1.0,0.333,0.22,3
R20240715_0526,2024-07-15,Horse_0262,Horse_0262,Jockey_078,9,牡,2000,ダート,稍重,3,53.8,506.4,-17.1,102.0,2.0,11.333,0.0,0.0,0.0,0.22,8
R20240715_0526,2024-07-15,Horse_0078,Horse_0078,Jockey_009,3,牝,2000,ダート,稍重,2,55.3,460.2,-12.7,63.0,1.0,5.667,0.6,0.5,0.5,0.32,1
R20240715_0526,2024-07-15,Horse_0593,Horse_0593,Jockey_060,6,牝,2000,ダート,稍重,12,55.7,470.1,-5.4,19.0,1.0,6.333,0.2,0.333,0.0,0.14,6
R20240715_0526,2024-07-15,Horse_0419,Horse_0419,Jockey_018,7,牝,2000,ダート,稍重,5,53.1,523.8,6.7,63.0,1.0,10.333,0.0,0.0,0.5,0.46,4
R20240715_0526,2024-07-15,Horse_0315,Horse_0315,Jockey_006,5,牡,2000,ダート,稍重,6,55.3,455.4,8.3,822.0,0.0,3.667,0.2,,0.0,0.18,12
R20240715_0526,2024-07-15,Horse_0236,Horse_0236,Jockey_002,6,牝,2000,ダート,稍重,10,55.4,489.7,16.2,148.0,1.0,11.0,0.0,0.0,0.0,0.28,7
R20240715_0526,2024-07-15,Horse_0357,Horse_0357,Jockey_064,4,牡,2000,ダート,稍重,8,52.4,422.2,7.9,182.0,0.0,12.5,0.0,,0.0,0.26,10
R20240715_0526,2024-07-15,Horse_0867,Horse_0867,Jockey_059,8,牡,2000,ダート,稍重,1,56.8,427.6,-6.1,63.0,1.0,7.0,0.0,0.0,0.2,0.36,5
R20240715_0526,2024-07-15,Horse_0183,Horse_0183,Jockey_007,4,牝,2000,ダート,稍重,7,55.5,506.1,-12.1,439.0,0.0,5.333,0.25,0.0,,0.24,11
R20240715_0526,2024-07-15,Horse_0851,Horse_0851,Jockey_022,8,せん,2000,ダート,稍重,9,54.1,483.4,-11.1,88.0,1.0,10.333,0.0,0.0,0.0,0.18,9
R20240716_0527,2024-07-16,Horse_0328,Horse_0328,Jockey_068,7,牡,2000,芝,良,1,55.1,501.3,-24.1,20.0,1.0,4.333,0.4,1.0,0.0,0.18,3
R20240716_0527,2024-07-16,Horse_0223,Horse_0223,Jockey_028,3,牡,2000,芝,良,9,53.0,435.4,-9.2,256.0,0.0,10.667,0.0,,0.0,0.28,7
R20240716_0527,2024-07-16,Horse_0521,Horse_0521,Jockey_038,7,牝,2000,芝,良,6,54.2,478.6,-7.3,57.0,2.0,11.333,0.0,,0.0,0.14,6
R20240716_0527,2024-07-16,Horse_0391,Horse_0391,Jockey_057,2,牡,2000,芝,良,7,58.5,515.9,3.6,31.0,1.0,3.0,1.0,,1.0,0.58,1
R20240716_0527,2024-07-16,Horse_0131,Horse_0131,Jockey_032,9,牝,2000,芝,良,3,55.3,418.5,-4.5,201.0,0.0,1.667,0.8,1.0,1.0,0.36,5
R20240716_0527,2024-07-16,Horse_0697,Horse_0697,Jockey_013,3,牝,2000,芝,良,8,55.4,465.1,15.6,13.0,1.0,9.333,0.0,0.0,0.0,0.14,2
R20240716_0527,2024-07-16,Horse_0461,Horse_0461,Jockey_035,2,せん,2000,芝,良,5,55.9,434.9,-1.1,85.0,2.0,5.5,0.5,,0.5,0.3,4
R20240716_0527,2024-07-16,Horse_0271,Horse_0271,Jockey_009,7,牡,2000,芝,良,4,57.8,513.1,-6.6,402.0,0.0,9.5,0.0,0.0,,0.34,8
R20240716_0527,2024-07-16,Horse_0433,Horse_0433,Jockey_014,4,牡,2000,芝,良,2,57.3,454.5,-9.3,106.0,1.0,10.0,0.0,,0.0,0.16,9
R20240720_0528,2024-07-20,Horse_0109,Horse_0109,Jockey_060,5,牡,1600,芝,稍重,4,56.1,514.9,8.3,56.0,1.0,7.333,0.0,0.0,0.0,0.14,6
R20240720_0528,2024-07-20,Horse_0847,Horse_0847,Jockey_065,4,牡,1600,芝,稍重,8,54.9,481.6,-1.2,44.0,2.0,10.667,0.0,0.0,0.0,0.34,1
R20240720_0528,2024-07-20,Horse_0624,Horse_0624,Jockey_035,2,牝,1600,芝,稍重,2,51.3,488.5,6.2,61.0,2.0,11.0,0.0,,0.0,0.28,9
R20240720_0528,2024-07-20,Horse_0073,Horse_0073,Jockey_039,7,牝,1600,芝,稍重,9,53.4,502.2,-8.0,166.0,1.0,8.667,0.0,0.0,0.0,0.22,4
R20240720_0528,2024-07-20,Horse_0166,Horse_0166,Jockey_067,6,せん,1600,芝,稍重,7,53.4,483.9,-5.2,46.0,2.0,8.667,0.0,0.0,0.0,0.16,7
R20240720_0528,2024-07-20,Horse_0123,Horse_0123,Jockey_054,8,牝,1600,芝,稍重,1,54.3,544.3,10.3,59.0,2.0,3.333,0.8,1.0,0.6,0.22,3
R20240720_0528,2024-07-20,Horse_0320,Horse_0320,Jockey_076,9,牡,1600,芝,稍重,6,54.6,439.4,11.8,326.0,0.0,7.333,0.4,0.5,0.5,0.28,5
R20240720_0528,2024-07-20,Horse_0813,Horse_0813,Jockey_062,4,牡,1600,芝,稍重,5,54.0,447.4,-1.1,162.0,1.0,9.667,0.0,0.0,0.0,0.3,8
R20240720_0528,2024-07-20,Horse_0141,Horse_0141,Jockey_036,2,牡,1600,芝,稍重,3,53.3,466.5,-3.0,46.0,2.0,2.5,0.5,0.0,0.5,0.42,2
R20240721_0529,2024-07-21,Horse_0894,Horse_0894,Jockey_076,6,牝,1200,ダート,稍重,10,56.3,489.7,5.7,608.0,0.0,4.667,0.4,0.667,0.667,0.26,9
R20240721_0529,2024-07-21,Horse_0745,Horse_0745,Jockey_080,7,牝,1200,ダート,稍重,3,54.9,455.3,5.3,600.0,0.0,6.0,0.0,0.0,0.0,0.22,10
R20240721_0529,2024-07-21,Horse_0231,Horse_0231,Jockey_044,9,牝,1200,ダート,稍重,1,53.8,509.1,6.8,314.0,0.0,2.0,0.8,1.0,0.5,0.38,7
R20240721_0529,2024-07-21,Horse_0623,Horse_0623,Jockey_039,3,牡,1200,ダート,稍重,5,56.1,512.3,5.4,36.0,3.0,7.333,0.0,,0.333,0.22,3
R20240721_0529,2024-07-21,Horse_0067,Horse_0067,Jockey_041,8,牡,1200,ダート,稍重,6,53.1,483.1,-1.4,129.0,1.0,11.333,0.0,0.0,0.0,0.22,8
R20240721_0529,2024-07-21,Horse_0826,Horse_0826,Jockey_003,9,牝,1200,ダート,稍重,7,55.6,465.5,7.3,18.0,1.0,6.333,0.4,0.0,0.25,0.26,2
R20240721_0529,2024-07-21,Horse_0885,Horse_0885,Jockey_009,3,牡,1200,ダート,稍重,8,54.5,507.4,-2.1,144.0,2.0,5.0,0.6,1.0,0.5,0.32,4
R20240721_0529,2024-07-21,Horse_0233,Horse_0233,Jockey_057,7,牝,1200,ダート,稍重,4,55.1,411.9,-7.0,257.0,0.0,8.0,0.0,0.333,0.0,0.58,1
R20240721_0529,2024-07-21,Horse_0346,Horse_0346,Jockey_051,4,牡,1200,ダート,稍重,9,55.1,453.9,17.2,122.0,1.0,6.333,0.0,0.0,0.0,0.4,6
R20240721_0529,2024-07-21,Horse_0843,Horse_0843,Jockey_046,7,牝,1200,ダート,稍重,2,54.4,456.6,-1.6,69.0,1.0,10.333,0.0,0.0,0.0,0.2,5
R20240723_0530,2024-07-23,Horse_0449,Horse_0449,Jockey_064,7,牝,1400,芝,良,6,57.2,476.9,3.8,486.0,0.0,4.667,0.2,0.5,0.333,0.26,11
R20240723_0530,2024-07-23,Horse_0406,Horse_0406,Jockey_078,9,せん,1400,芝,良,5,52.8,438.5,7.0,71.0,3.0,8.667,0.0,0.0,0.0,0.22,6
R20240723_0530,2024-07-23,Horse_0499,Horse_0499,Jockey_021,5,牝,1400,芝,良,11,55.2,488.0,2.1,228.0,0.0,7.0,0.0,,0.0,0.24,2
R20240723_0530,2024-07-23,Horse_0868,Horse_0868,Jockey_046,8,牝,1400,芝,良,2,55.2,456.4,-1.7,24.0,1.0,8.0,0.0,0.0,0.0,0.18,7
R20240723_0530,2024-07-23,Horse_0139,Horse_0139,Jockey_062,4,牡,1400,芝,良,8,55.3,392.4,4.4,165.0,1.0,9.0,0.0,0.0,0.0,0.3,4
R20240723_0530,2024-07-23,Horse_0215,Horse_0215,Jockey_022,7,牡,1400,芝,良,4,55.7,480.1,-1.8,24.0,3.0,1.667,0.8,0.5,0.778,0.18,1
R20240723_0530,2024-07-23,Horse_0220,Horse_0220,Jockey_001,9,牝,1400,芝,良,3,55.5,524.0,-5.8,194.0,0.0,13.667,0.0,0.0,0.0,0.36,9
R20240723_0530,2024-07-23,Horse_0689,Horse_0689,Jockey_023,5,牝,1400,芝,良,10,54.3,427.2,1.7,25.0,1.0,8.0,0.2,0.0,0.111,0.2,5
R20240723_0530,2024-07-23,Horse_0240,Horse_0240,Jockey_048,3,牝,1400,芝,良,7,56.0,518.3,-7.7,213.0,0.0,5.667,0.25,,0.0,0.24,10
R20240723_0530,2024-07-23,Horse_0031,Horse_0031,Jockey_051,9,牝,1400,芝,良,9,53.1,505.1,-12.1,49.0,2.0,9.667,0.2,0.0,0.167,0.4,3
R20240723_0530,2024-07-23,Horse_0111,Horse_0111,Jockey_050,5,牡,1400,芝,良,1,53.9,450.2,13.0,13.0,2.0,11.0,0.0,0.0,0.0,0.22,8
R20240727_0531,2024-07-27,Horse_0468,Horse_0468,Jockey_034,4,牝,2000,芝,重,1,56.1,468.7,20.5,53.0,3.0,6.0,0.2,0.0,0.25,0.14,8
R20240727_0531,2024-07-27,Horse_0497,Horse_0497,Jockey_066,5,牡,2000,芝,重,4,54.7,459.4,-7.6,62.0,2.0,4.0,0.4,0.5,0.25,0.2,6
R20240727_0531,2024-07-27,Horse_0828,Horse_0828,Jockey_008,9,牡,2000,芝,重,5,54.9,502.8,1.1,174.0,1.0,2.333,0.8,1.0,0.333,0.12,4
R20240727_0531,2024-07-27,Horse_0454,Horse_0454,Jockey_075,7,牡,2000,芝,重,12,55.9,469.7,-1.8,114.0,1.0,7.667,0.0,0.0,0.0,0.26,10
R20240727_0531,2024-07-27,Horse_0557,Horse_0557,Jockey_017,2,牡,2000,芝,重,6,55.0,470.5,-0.3,31.0,2.0,6.5,0.0,,0.0,0.34,1
R20240727_0531,2024-07-27,Horse_0594,Horse_0594,Jockey_073,2,牝,2000,芝,重,8,54.8,500.9,4.6,180.0,1.0,3.0,1.0,,1.0,0.22,3
R20240727_0531,2024-07-27,Horse_0302,Horse_0302,Jockey_020,4,牡,2000,芝,重,13,54.9,495.9,5.7,20.0,4.0,7.0,0.4,0.5,0.5,0.18,2
R20240727_0531,2024-07-27,Horse_0142,Horse_0142,Jockey_080,5,牡,2000,芝,重,10,54.2,421.7,-8.6,60.0,3.0,8.0,0.0,,0.167,0.22,7
R20240727_0531,2024-07-27,Horse_0081,Horse_0081,Jockey_058,3,牡,2000,芝,重,7,54.4,426.3,-15.8,326.0,0.0,7.0,0.25,0.0,0.333,0.38,9
R20240727_0531,2024-07-27,Horse_0730,Horse_0730,Jockey_013,3,牝,2000,芝,重,11,55.2,450.0,-5.3,180.0,1.0,5.0,0.5,0.667,0.333,0.16,13
R20240727_0531,2024-07-27,Horse_0716,Horse_0716,Jockey_019,4,牝,2000,芝,重,3,55.4,404.7,17.1,255.0,0.0,4.333,0.4,0.0,0.333,0.3,5
R20240727_0531,2024-07-27,Horse_0312,Horse_0312,Jockey_001,3,牝,2000,芝,重,2,55.7,470.1,6.3,194.0,0.0,8.667,0.0,,0.0,0.36,11
R20240727_0531,2024-07-27,Horse_0349,Horse_0349,Jockey_026,8,牡,2000,芝,重,9,54.7,505.7,-1.2,298.0,0.0,7.333,0.2,0.0,0.0,0.24,12
R20240728_0532,2024-07-28,Horse_0715,Horse_0715,Jockey_011,5,牝,1800,芝,重,2,55.6,547.8,5.2,54.0,2.0,3.0,0.4,,0.2,0.24,1
R20240728_0532,2024-07-28,Horse_0393,Horse_0393,Jockey_031,5,牝,1800,芝,重,4,54.2,445.3,-1.8,503.0,0.0,8.0,0.2,,0.5,0.3,7
R20240728_0532,2024-07-28,Horse_0351,Horse_0351,Jockey_068,8,牝,1800,芝,重,5,54.9,528.4,-1.5,32.0,2.0,3.333,0.8,1.0,0.5,0.2,3
R20240728_0532,2024-07-28,Horse_0363,Horse_0363,Jockey_003,6,牝,1800,芝,重,1,53.3,486.4,-0.6,147.0,1.0,9.0,0.0,0.0,0.0,0.28,2
R20240728_0532,2024-07-28,Horse_0372,Horse_0372,Jockey_006,5,牝,1800,芝,重,6,53.6,426.4,-12.8,535.0,0.0,6.667,0.0,0.0,0.0,0.16,6
R20240728_0532,2024-07-28,Horse_0066,Horse_0066,Jockey_013,9,牡,1800,芝,重,8,52.2,441.1,7.0,469.0,0.0,4.333,0.4,0.0,0.167,0.16,8
R20240728_0532,2024-07-28,Horse_0478,Horse_0478,Jockey_049,6,牝,1800,芝,重,3,56.6,453.2,-2.9,59.0,2.0,11.667,0.0,0.0,0.0,0.24,4
R20240728_0532,2024-07-28,Horse_0011,Horse_0011,Jockey_063,4,牝,1800,芝,重,7,53.9,464.0,-3.8,175.0,1.0,10.333,0.0,0.0,0.0,0.3,5
R20240730_0533,2024-07-30,Horse_0844,Horse_0844,Jockey_034,5,牡,1800,芝,良,3,57.0,562.3,1.6,99.0,1.0,10.333,0.0,0.0,0.0,0.14,8
R20240730_0533,2024-07-30,Horse_0320,Horse_0320,Jockey_019,9,牡,1800,芝,良,7,54.4,439.8,0.4,10.0,1.0,5.667,0.2,1.0,0.4,0.3,2
R20240730_0533,2024-07-30,Horse_0518,Horse_0518,Jockey_080,2,牝,1800,芝,良,5,52.3,473.6,,,0.0,,,,,0.2,6
R20240730_0533,2024-07-30,Horse_0130,Horse_0130,Jockey_007,5,牡,1800,芝,良,1,53.1,476.2,-6.1,145.0,1.0,6.667,0.4,0.0,0.667,0.24,3
R20240730_0533,2024-07-30,Horse_0298,Horse_0298,Jockey_060,6,牡,1800,芝,良,2,54.7,515.6,-2.6,349.0,0.0,7.0,0.2,0.0,0.2,0.14,7
R20240730_0533,2024-07-30,Horse_0448,Horse_0448,Jockey_017,3,牝,1800,芝,良,4,53.7,528.6,-11.1,154.0,1.0,2.333,0.667,1.0,0.667,0.36,4
R20240730_0533,2024-07-30,Horse_0193,Horse_0193,Jockey_051,4,牝,1800,芝,良,8,54.3,481.5,-12.0,42.0,2.0,3.667,0.2,0.0,0.333,0.4,5
R20240730_0533,2024-07-30,Horse_0581,Horse_0581,Jockey_029,4,牡,1800,芝,良,6,56.6,467.9,-14.0,65.0,2.0,3.0,0.4,0.0,0.5,0.26,1
R20240731_0534,2024-07-31,Horse_0126,Horse_0126,Jockey_074,9,牝,1400,ダート,稍重,6,54.6,485.2,4.3,91.0,1.0,4.0,0.4,0.5,0.0,0.2,2
R20240731_0534,2024-07-31,Horse_0787,Horse_0787,Jockey_018,4,牡,1400,ダート,稍重,3,54.5,461.9,-2.5,91.0,1.0,9.333,0.2,,0.0,0.46,3
R20240731_0534,2024-07-31,Horse_0371,Horse_0371,Jockey_042,3,牡,1400,ダート,稍重,2,55.5,450.0,-6.8,98.0,1.0,2.667,0.6,0.5,0.667,0.16,1
R20240731_0534,2024-07-31,Horse_0008,Horse_0008,Jockey_015,6,牝,1400,ダート,稍重,7,54.0,461.7,-0.2,67.0,1.0,5.0,0.4,0.0,0.4,0.12,5
R20240731_0534,2024-07-31,Horse_0574,Horse_0574,Jockey_054,3,牝,1400,ダート,稍重,8,54.8,513.1,1.6,93.0,1.0,8.5,0.0,,0.0,0.22,6
R20240731_0534,2024-07-31,Horse_0616,Horse_0616,Jockey_080,3,牡,1400,ダート,稍重,4,54.4,482.7,-15.6,178.0,1.0,5.5,0.0,,0.0,0.2,7
R20240731_0534,2024-07-31,Horse_0212,Horse_0212,Jockey_055,9,牝,1400,ダート,稍重,5,52.4,471.0,5.7,322.0,0.0,8.0,0.0,0.0,0.0,0.16,4
R20240731_0534,2024-07-31,Horse_0169,Horse_0169,Jockey_045,7,牝,1400,ダート,稍重,1,55.2,471.7,1.2,269.0,0.0,7.333,0.2,0.5,0.25,0.3,8
R20240801_0535,2024-08-01,Horse_0424,Horse_0424,Jockey_070,2,牡,1800,ダート,良,1,54.0,451.9,,,0.0,,,,,0.24,5
R20240801_0535,2024-08-01,Horse_0422,Horse_0422,Jockey_011,8,牝,1800,ダート,良,7,55.0,490.9,-3.5,85.0,1.0,3.333,0.6,,0.0,0.26,1
R20240801_0535,2024-08-01,Horse_0522,Horse_0522,Jockey_050,9,牝,1800,ダート,良,8,54.9,472.6,0.6,53.0,1.0,6.0,0.0,,0.0,0.22,4
R20240801_0535,2024-08-01,Horse_0021,Horse_0021,Jockey_043,2,牡,1800,ダート,良,4,55.1,438.5,3.4,63.0,1.0,5.0,0.0,0.0,0.0,0.18,2
R20240801_0535,2024-08-01,Horse_0684,Horse_0684,Jockey_016,7,牝,1800,ダート,良,2,55.8,424.8,8.3,73.0,1.0,10.667,0.0,0.0,0.0,0.26,6
R20240801_0535,2024-08-01,Horse_0492,Horse_0492,Jockey_054,3,牝,1800,ダート,良,3,54.2,442.5,0.3,393.0,0.0,7.0,0.5,,1.0,0.22,8
R20240801_0535,2024-08-01,Horse_0753,Horse_0753,Jockey_020,4,牡,1800,ダート,良,5,54.2,517.8,4.9,99.0,2.0,4.333,0.4,0.0,0.333,0.2,3
R20240801_0535,2024-08-01,Horse_0173,Horse_0173,Jockey_067,8,牝,1800,ダート,良,6,54.4,445.2,0.7,112.0,2.0,15.0,0.0,0.0,0.0,0.16,7
R20240805_0536,2024-08-05,Horse_0509,Horse_0509,Jockey_050,5,牝,1200,芝,良,12,54.0,497.4,-2.6,39.0,1.0,3.333,0.4,,0.333,0.22,3
R20240805_0536,2024-08-05,Horse_0527,Horse_0527,Jockey_006,2,牝,1200,芝,良,3,53.6,498.7,7.8,87.0,2.0,6.667,0.0,,0.0,0.14,4
R20240805_0536,2024-08-05,Horse_0897,Horse_0897,Jockey_014,8,牡,1200,芝,良,11,55.8,428.2,4.2,287.0,0.0,12.333,0.0,0.0,0.0,0.14,12
R20240805_0536,2024-08-05,Horse_0501,Horse_0501,Jockey_070,5,牝,1200,芝,良,1,54.8,452.9,2.3,45.0,1.0,4.333,0.6,1.0,0.2,0.24,6
R20240805_0536,2024-08-05,Horse_0238,Horse_0238,Jockey_035,2,牡,1200,芝,良,10,56.8,438.3,0.9,26.0,3.0,5.667,0.0,,0.0,0.26,10
R20240805_0536,2024-08-05,Horse_0346,Horse_0346,Jockey_003,4,牡,1200,芝,良,8,55.4,451.1,-2.8,15.0,2.0,6.0,0.0,0.0,0.0,0.3,7
R20240805_0536,2024-08-05,Horse_0006,Horse_0006,Jockey_030,6,牡,1200,芝,良,6,55.5,482.7,-11.6,159.0,1.0,6.333,0.8,,1.0,0.22,9
R20240805_0536,2024-08-05,Horse_0885,Horse_0885,Jockey_004,3,牡,1200,芝,良,4,53.5,504.4,-3.0,15.0,2.0,3.667,0.4,0.667,0.667,0.3,5
R20240805_0536,2024-08-05,Horse_0855,Horse_0855,Jockey_020,9,牡,1200,芝,良,9,56.0,488.7,-2.9,186.0,0.0,9.667,0.0,0.0,0.0,0.22,13
R20240805_0536,2024-08-05,Horse_0430,Horse_0430,Jockey_066,9,牝,1200,芝,良,2,53.3,471.4,-1.9,269.0,0.0,3.333,0.2,,0.4,0.2,2
R20240805_0536,2024-08-05,Horse_0080,Horse_0080,Jockey_063,7,牡,1200,芝,良,7,57.3,461.9,-8.1,33.0,3.0,10.333,0.0,0.0,0.143,0.3,11
R20240805_0536,2024-08-05,Horse_0558,Horse_0558,Jockey_024,9,牡,1200,芝,良,13,54.1,465.5,-0.8,52.0,2.0,7.0,0.4,,0.333,0.14,1
R20240805_0536,2024-08-05,Horse_0117,Horse_0117,Jockey_017,2,せん,1200,芝,良,5,56.1,464.6,-4.8,44.0,1.0,4.0,0.0,0.0,0.0,0.34,8
R20240807_0537,2024-08-07,Horse_0278,Horse_0278,Jockey_043,7,せん,1200,ダート,稍重,7,56.8,450.3,-7.1,35.0,2.0,6.667,0.2,0.0,0.0,0.2,8
R20240807_0537,2024-08-07,Horse_0587,Horse_0587,Jockey_010,4,牡,1200,ダート,稍重,4,55.1,506.1,-9.3,119.0,2.0,8.333,0.0,,0.0,0.34,4
R20240807_0537,2024-08-07,Horse_0271,Horse_0271,Jockey_011,7,牡,1200,ダート,稍重,8,55.6,508.7,-4.4,22.0,1.0,9.0,0.0,,0.0,0.28,1
R20240807_0537,2024-08-07,Horse_0340,Horse_0340,Jockey_062,8,牡,1200,ダート,稍重,2,54.4,505.2,-0.2,105.0,1.0,7.0,0.4,0.5,0.6,0.28,5
R20240807_0537,2024-08-07,Horse_0410,Horse_0410,Jockey_072,6,牝,1200,ダート,稍重,1,54.7,462.2,11.2,150.0,1.0,9.667,0.2,0.0,0.0,0.32,6
R20240807_0537,2024-08-07,Horse_0304,Horse_0304,Jockey_002,4,牝,1200,ダート,稍重,5,54.2,458.8,1.9,31.0,2.0,5.333,0.4,,0.333,0.28,3
R20240807_0537,2024-08-07,Horse_0237,Horse_0237,Jockey_055,8,牝,1200,ダート,稍重,6,54.0,420.9,-4.0,231.0,0.0,4.0,0.8,1.0,0.0,0.16,2
R20240807_0537,2024-08-07,Horse_0874,Horse_0874,Jockey_076,6,牝,1200,ダート,稍重,3,54.9,516.6,9.3,384.0,0.0,3.0,0.2,0.0,0.167,0.26,7
R20240810_0538,2024-08-10,Horse_0098,Horse_0098,Jockey_068,5,牝,2400,ダート,重,1,53.8,432.2,1.6,42.0,1.0,7.0,0.0,0.0,0.0,0.2,4
R20240810_0538,2024-08-10,Horse_0649,Horse_0649,Jockey_029,7,牝,2400,ダート,重,12,54.9,478.4,-9.8,76.0,1.0,7.667,0.0,0.0,0.0,0.28,11
R20240810_0538,2024-08-10,Horse_0748,Horse_0748,Jockey_066,7,せん,2400,ダート,重,2,56.3,452.1,-10.6,177.0,1.0,8.667,0.333,,0.0,0.22,8
R20240810_0538,2024-08-10,Horse_0824,Horse_0824,Jockey_002,3,せん,2400,ダート,重,9,56.6,494.9,6.7,80.0,1.0,2.333,0.75,1.0,0.667,0.3,1
R20240810_0538,2024-08-10,Horse_0579,Horse_0579,Jockey_057,5,牡,2400,ダート,重,4,53.5,448.6,8.4,194.0,0.0,7.333,0.0,0.0,0.0,0.58,16
R20240810_0538,2024-08-10,Horse_0265,Horse_0265,Jockey_010,4,牡,2400,ダート,重,13,52.8,447.1,-6.9,56.0,1.0,10.333,0.0,0.0,0.0,0.32,9
R20240810_0538,2024-08-10,Horse_0094,Horse_0094,Jockey_079,4,牡,2400,ダート,重,10,53.3,468.3,-0.2,307.0,0.0,6.0,0.4,,0.0,0.12,14
R20240810_0538,2024-08-10,Horse_0022,Horse_0022,Jockey_044,7,牝,2400,ダート,重,11,55.0,453.0,2.0,149.0,1.0,2.667,0.8,,0.667,0.38,6
R20240810_0538,2024-08-10,Horse_0580,Horse_0580,Jockey_055,8,牝,2400,ダート,重,15,53.9,543.4,3.2,494.0,0.0,5.667,0.6,0.0,0.5,0.18,13
R20240810_0538,2024-08-10,Horse_0233,Horse_0233,Jockey_040,7,牝,2400,ダート,重,5,55.5,412.0,0.1,20.0,1.0,5.0,0.2,,0.25,0.34,5
R20240810_0538,2024-08-10,Horse_0433,Horse_0433,Jockey_001,4,牡,2400,ダート,重,14,55.1,457.0,2.5,25.0,2.0,9.667,0.0,0.0,0.0,0.36,15
R20240810_0538,2024-08-10,Horse_0431,Horse_0431,Jockey_020,2,牝,2400,ダート,重,6,54.7,471.5,-3.4,38.0,2.0,7.5,0.0,,0.0,0.22,7
R20240810_0538,2024-08-10,Horse_0521,Horse_0521,Jockey_045,7,牝,2400,ダート,重,7,55.5,477.6,-1.0,25.0,3.0,9.333,0.0,,,0.3,12
R20240810_0538,2024-08-10,Horse_0454,Horse_0454,Jockey_058,7,牡,2400,ダート,重,8,55.5,460.1,-9.6,14.0,2.0,9.333,0.0,0.0,0.0,0.38,2
R20240810_0538,2024-08-10,Horse_0745,Horse_0745,Jockey_032,7,牝,2400,ダート,重,3,55.4,449.3,-6.0,20.0,1.0,7.0,0.0,,0.0,0.36,3
R20240810_0538,2024-08-10,Horse_0759,Horse_0759,Jockey_033,8,牝,2400,ダート,重,16,53.6,466.1,16.4,92.0,1.0,9.333,0.4,0.667,0.0,0.32,10
R20240813_0539,2024-08-13,Horse_0363,Horse_0363,Jockey_037,6,牝,1400,芝,稍重,5,53.5,474.9,-11.5,16.0,2.0,6.667,0.2,0.0,0.111,0.22,7
R20240813_0539,2024-08-13,Horse_0427,Horse_0427,Jockey_051,2,牝,1400,芝,稍重,9,55.4,477.6,-5.1,48.0,2.0,3.0,0.5,,1.0,0.4,1
R20240813_0539,2024-08-13,Horse_0841,Horse_0841,Jockey_065,7,牝,1400,芝,稍重,3,56.7,418.7,-6.7,242.0,0.0,9.333,0.2,0.0,0.5,0.36,4
R20240813_0539,2024-08-13,Horse_0268,Horse_0268,Jockey_068,2,牡,1400,芝,稍重,8,55.2,506.0,-4.9,131.0,1.0,7.0,0.0,,0.0,0.2,5
R20240813_0539,2024-08-13,Horse_0368,Horse_0368,Jockey_059,8,牝,1400,芝,稍重,6,55.7,432.1,-3.0,152.0,1.0,10.333,0.0,0.0,0.0,0.34,8
R20240813_0539,2024-08-13,Horse_0864,Horse_0864,Jockey_074,2,牡,1400,芝,稍重,10,54.5,410.8,-3.2,85.0,1.0,2.0,1.0,,1.0,0.22,3
R20240813_0539,2024-08-13,Horse_0778,Horse_0778,Jockey_043,6,牝,1400,芝,稍重,4,55.6,461.8,8.8,400.0,0.0,7.667,0.0,0.0,0.0,0.2,10
R20240813_0539,2024-08-13,Horse_0710,Horse_0710,Jockey_064,7,せん,1400,芝,稍重,2,53.6,440.2,8.4,70.0,2.0,8.0,0.0,0.0,0.0,0.24,2
R20240813_0539,2024-08-13,Horse_0429,Horse_0429,Jockey_033,2,牡,1400,芝,稍重,1,52.3,510.5,24.7,205.0,0.0,3.0,1.0,,,0.32,6
R20240813_0539,2024-08-13,Horse_0869,Horse_0869,Jockey_017,7,牝,1400,芝,稍重,7,56.7,463.4,9.7,258.0,0.0,7.333,0.0,,0.0,0.34,9
R20240814_0540,2024-08-14,Horse_0136,Horse_0136,Jockey_005,8,牡,2000,芝,良,15,55.3,471.8,-16.1,99.0,1.0,8.667,0.4,0.5,0.333,0.34,7
R20240814_0540,2024-08-14,Horse_0453,Horse_0453,Jockey_018,7,牡,2000,芝,良,13,53.3,445.8,7.6,42.0,1.0,9.0,0.2,0.0,0.111,0.48,1
R20240814_0540,2024-08-14,Horse_0808,Horse_0808,Jockey_069,8,せん,2000,芝,良,6,55.0,460.4,12.1,135.0,1.0,6.0,0.4,,0.167,0.32,6
R20240814_0540,2024-08-14,Horse_0716,Horse_0716,Jockey_043,4,牝,2000,芝,良,5,55.2,397.4,-7.3,18.0,1.0,5.0,0.4,0.0,0.25,0.18,2
R20240814_0540,2024-08-14,Horse_0150,Horse_0150,Jockey_065,5,牝,2000,芝,良,9,53.0,394.5,5.4,111.0,2.0,3.667,0.4,0.25,0.167,0.36,3
R20240814_0540,2024-08-14,Horse_0062,Horse_0062,Jockey_006,5,せん,2000,芝,良,2,53.0,492.8,14.7,178.0,1.0,6.333,0.2,0.5,0.0,0.14,11
R20240814_0540,2024-08-14,Horse_0295,Horse_0295,Jockey_079,7,牝,2000,芝,良,10,55.5,457.4,3.1,228.0,0.0,8.333,0.0,,0.167,0.12,15
R20240814_0540,2024-08-14,Horse_0354,Horse_0354,Jockey_014,4,牡,2000,芝,良,12,53.5,432.7,-4.2,137.0,2.0,9.667,0.0,0.0,0.0,0.12,5
R20240814_0540,2024-08-14,Horse_0481,Horse_0481,Jockey_080,8,牝,2000,芝,良,16,55.3,415.6,3.7,484.0,0.0,10.0,0.0,0.0,0.0,0.2,14
R20240814_0540,2024-08-14,Horse_0828,Horse_0828,Jockey_033,9,牡,2000,芝,良,11,54.8,504.8,2.0,18.0,1.0,3.0,0.8,0.8,0.286,0.32,4
R20240814_0540,2024-08-14,Horse_0732,Horse_0732,Jockey_029,2,牡,2000,芝,良,14,57.1,506.4,3.2,183.0,0.0,1.0,1.0,1.0,1.0,0.28,9
R20240814_0540,2024-08-14,Horse_0610,Horse_0610,Jockey_035,6,牝,2000,芝,良,7,56.1,416.7,-7.0,623.0,0.0,6.667,0.5,0.5,0.5,0.24,13
R20240814_0540,2024-08-14,Horse_0807,Horse_0807,Jockey_073,4,牡,2000,芝,良,3,54.6,457.6,-3.4,69.0,3.0,7.667,0.0,0.0,0.0,0.24,10
R20240814_0540,2024-08-14,Horse_0734,Horse_0734,Jockey_007,3,牡,2000,芝,良,1,51.4,516.8,-6.3,203.0,0.0,8.0,0.0,,0.0,0.26,12
R20240814_0540,2024-08-14,Horse_0773,Horse_0773,Jockey_046,6,牡,2000,芝,良,4,57.5,478.6,8.4,259.0,0.0,8.333,0.0,0.0,0.0,0.16,16
R20240814_0540,2024-08-14,Horse_0090,Horse_0090,Jockey_067,5,牝,2000,芝,良,8,53.5,485.3,-16.8,281.0,0.0,7.0,0.6,,0.75,0.16,8
R20240815_0541,2024-08-15,Horse_0492,Horse_0492,Jockey_077,3,牝,1200,ダート,良,7,54.1,442.3,-0.2,14.0,1.0,7.333,0.333,,0.5,0.12,8
R20240815_0541,2024-08-15,Horse_0241,Horse_0241,Jockey_039,9,牝,1200,ダート,良,10,54.1,485.1,-17.0,72.0,1.0,10.333,0.2,0.0,0.0,0.24,6
R20240815_0541,2024-08-15,Horse_0600,Horse_0600,Jockey_001,5,牝,1200,ダート,良,1,55.2,506.3,0.0,312.0,0.0,3.667,0.6,0.0,0.0,0.34,1
R20240815_0541,2024-08-15,Horse_0728,Horse_0728,Jockey_013,4,牡,1200,ダート,良,4,55.2,482.4,-11.9,85.0,1.0,8.0,0.2,0.0,0.0,0.16,4
R20240815_0541,2024-08-15,Horse_0246,Horse_0246,Jockey_021,6,牡,1200,ダート,良,6,54.2,466.3,-2.1,286.0,0.0,5.333,0.75,,1.0,0.26,10
R20240815_0541,2024-08-15,Horse_0414,Horse_0414,Jockey_009,9,牡,1200,ダート,良,8,56.1,421.2,2.8,74.0,2.0,12.0,0.2,1.0,0.0,0.32,2
R20240815_0541,2024-08-15,Horse_0525,Horse_0525,Jockey_054,7,牝,1200,ダート,良,2,52.6,459.9,-15.4,169.0,1.0,3.333,0.8,0.0,0.4,0.22,5
R20240815_0541,2024-08-15,Horse_0452,Horse_0452,Jockey_071,5,牡,1200,ダート,良,3,53.9,467.4,-11.9,161.0,1.0,10.0,0.2,,0.0,0.26,7
R20240815_0541,2024-08-15,Horse_0297,Horse_0297,Jockey_068,8,牡,1200,ダート,良,11,54.0,420.6,-4.7,158.0,1.0,5.667,0.0,0.0,0.0,0.2,9
R20240815_0541,2024-08-15,Horse_0685,Horse_0685,Jockey_066,6,せん,1200,ダート,良,5,52.0,405.9,1.0,541.0,0.0,7.333,0.2,0.0,0.0,0.22,11
R20240815_0541,2024-08-15,Horse_0455,Horse_0455,Jockey_027,6,せん,1200,ダート,良,9,55.0,472.3,-2.0,55.0,1.0,7.667,0.2,0.333,0.0,0.16,3
R20240819_0542,2024-08-19,Horse_0618,Horse_0618,Jockey_047,2,牝,1200,ダート,良,11,54.1,416.3,,,0.0,,,,,0.34,5
R20240819_0542,2024-08-19,Horse_0634,Horse_0634,Jockey_055,4,牝,1200,ダート,良,10,55.0,469.9,-8.5,68.0,1.0,7.667,0.0,,0.0,0.18,7
R20240819_0542,2024-08-19,Horse_0593,Horse_0593,Jockey_009,6,牝,1200,ダート,良,7,54.8,473.6,3.5,35.0,2.0,7.333,0.2,0.0,0.0,0.34,1
R20240819_0542,2024-08-19,Horse_0482,Horse_0482,Jockey_027,5,牡,1200,ダート,良,9,54.4,459.2,-1.1,341.0,0.0,6.333,0.4,1.0,1.0,0.18,6
R20240819_0542,2024-08-19,Horse_0661,Horse_0661,Jockey_010,6,牝,1200,ダート,良,4,52.7,529.2,-9.6,211.0,0.0,6.667,0.0,0.0,0.0,0.32,4
R20240819_0542,2024-08-19,Horse_0358,Horse_0358,Jockey_067,7,牝,1200,ダート,良,8,53.5,490.3,8.5,368.0,0.0,8.0,0.0,0.0,0.0,0.14,10
R20240819_0542,2024-08-19,Horse_0055,Horse_0055,Jockey_070,7,せん,1200,ダート,良,6,54.1,481.8,5.1,232.0,0.0,4.333,0.4,,0.25,0.22,9
R20240819_0542,2024-08-19,Horse_0353,Horse_0353,Jockey_014,4,牝,1200,ダート,良,5,54.6,428.5,-9.2,321.0,0.0,5.0,0.2,,0.333,0.12,11
R20240819_0542,2024-08-19,Horse_0826,Horse_0826,Jockey_001,9,牝,1200,ダート,良,3,55.2,463.3,-2.2,29.0,2.0,2.667,0.6,0.5,0.4,0.36,2
R20240819_0542,2024-08-19,Horse_0114,Horse_0114,Jockey_063,5,牡,1200,ダート,良,2,57.1,467.4,10.3,381.0,0.0,3.333,0.8,1.0,0.75,0.3,3
R20240819_0542,2024-08-19,Horse_0346,Horse_0346,Jockey_071,4,牡,1200,ダート,良,1,56.7,454.3,3.2,14.0,3.0,5.667,0.0,0.0,0.0,0.26,8
R20240819_0542,2024-08-19,Horse_0023,Horse_0023,Jockey_034,9,牝,1200,ダート,良,12,53.7,457.3,1.3,553.0,0.0,7.0,0.2,0.0,0.333,0.12,12
R20240821_0543,2024-08-21,Horse_0670,Horse_0670,Jockey_024,4,牝,1800,ダート,良,2,55.7,437.4,-1.8,315.0,0.0,8.333,0.0,0.0,0.0,0.16,7
R20240821_0543,2024-08-21,Horse_0617,Horse_0617,Jockey_055,9,牡,1800,ダート,良,7,56.3,525.9,-5.2,133.0,1.0,9.333,0.0,1.0,0.4,0.18,5
R20240821_0543,2024-08-21,Horse_0375,Horse_0375,Jockey_052,2,牝,1800,ダート,良,3,52.9,509.6,-3.1,100.0,1.0,2.0,1.0,,,0.16,3
R20240821_0543,2024-08-21,Horse_0655,Horse_0655,Jockey_073,8,牡,1800,ダート,良,8,53.7,515.5,-8.8,76.0,2.0,8.0,0.4,0.0,0.8,0.24,6
R20240821_0543,2024-08-21,Horse_0511,Horse_0511,Jockey_016,8,牡,1800,ダート,良,1,56.2,481.6,2.4,42.0,2.0,6.333,0.0,0.0,0.0,0.26,2
R20240821_0543,2024-08-21,Horse_0598,Horse_0598,Jockey_043,5,牡,1800,ダート,良,4,56.2,442.2,1.4,254.0,0.0,8.667,0.2,0.0,0.0,0.2,4
R20240821_0543,2024-08-21,Horse_0571,Horse_0571,Jockey_029,9,せん,1800,ダート,良,5,55.0,459.3,12.6,254.0,0.0,7.667,0.2,0.25,0.333,0.28,8
R20240821_0543,2024-08-21,Horse_0364,Horse_0364,Jockey_045,7,牡,1800,ダート,良,6,55.2,432.7,-12.1,121.0,2.0,3.333,0.6,1.0,0.167,0.3,1
R20240822_0544,2024-08-22,Horse_0293,Horse_0293,Jockey_036,5,牝,1800,芝,良,3,54.9,498.3,-10.3,262.0,0.0,3.0,0.6,0.0,1.0,0.42,5
R20240822_0544,2024-08-22,Horse_0643,Horse_0643,Jockey_064,2,牝,1800,芝,良,4,51.1,397.6,-8.0,77.0,1.0,7.5,0.5,,0.5,0.26,8
R20240822_0544,2024-08-22,Horse_0030,Horse_0030,Jockey_028,9,牡,1800,芝,良,1,55.9,465.2,-2.1,57.0,1.0,2.0,0.8,0.333,0.25,0.28,1
R20240822_0544,2024-08-22,Horse_0631,Horse_0631,Jockey_057,8,牝,1800,芝,良,12,54.0,451.4,4.9,79.0,1.0,10.667,0.0,0.0,0.143,0.58,4
R20240822_0544,2024-08-22,Horse_0326,Horse_0326,Jockey_041,7,牝,1800,芝,良,6,55.1,504.1,6.6,97.0,1.0,7.333,0.4,0.5,0.5,0.2,10
R20240822_0544,2024-08-22,Horse_0751,Horse_0751,Jockey_013,9,牡,1800,芝,良,9,57.4,483.9,-0.7,69.0,2.0,3.0,0.6,0.0,0.2,0.16,7
R20240822_0544,2024-08-22,Horse_0048,Horse_0048,Jockey_038,4,牝,1800,芝,良,7,54.0,473.2,4.2,57.0,1.0,7.0,0.333,1.0,0.5,0.12,6
R20240822_0544,2024-08-22,Horse_0117,Horse_0117,Jockey_072,2,せん,1800,芝,良,8,55.8,450.3,-14.3,17.0,2.0,5.333,0.0,,0.0,0.32,2
R20240822_0544,2024-08-22,Horse_0227,Horse_0227,Jockey_060,5,牝,1800,芝,良,5,54.2,471.5,-4.5,86.0,2.0,4.667,0.0,0.0,0.286,0.14,3
R20240822_0544,2024-08-22,Horse_0119,Horse_0119,Jockey_059,7,牝,1800,芝,良,2,54.5,401.2,2.5,368.0,0.0,7.0,0.2,,0.429,0.34,12
R20240822_0544,2024-08-22,Horse_0014,Horse_0014,Jockey_065,3,牡,1800,芝,良,11,53.9,421.0,-1.3,168.0,1.0,8.333,0.2,,0.333,0.38,9
R20240822_0544,2024-08-22,Horse_0777,Horse_0777,Jockey_063,9,牝,1800,芝,良,10,53.5,460.1,3.2,472.0,0.0,7.0,0.0,,0.0,0.32,11
R20240823_0545,2024-08-23,Horse_0265,Horse_0265,Jockey_070,4,牡,1600,ダート,重,11,54.8,451.7,4.6,13.0,2.0,9.667,0.0,0.0,0.0,0.22,7
R20240823_0545,2024-08-23,Horse_0220,Horse_0220,Jockey_069,9,牝,1600,ダート,重,4,53.8,517.8,-6.2,31.0,1.0,12.667,0.0,0.0,0.0,0.32,10
R20240823_0545,2024-08-23,Horse_0811,Horse_0811,Jockey_077,5,牝,1600,ダート,重,10,53.8,468.8,-0.7,58.0,1.0,12.333,0.0,0.0,0.0,0.12,2
R20240823_0545,2024-08-23,Horse_0763,Horse_0763,Jockey_047,5,牝,1600,ダート,重,6,55.9,536.3,8.9,162.0,1.0,9.0,0.0,0.0,0.0,0.32,11
R20240823_0545,2024-08-23,Horse_0588,Horse_0588,Jockey_006,7,牡,1600,ダート,重,12,54.2,510.1,-2.1,496.0,0.0,8.667,0.25,0.0,,0.14,13
R20240823_0545,2024-08-23,Horse_0070,Horse_0070,Jockey_033,2,牡,1600,ダート,重,7,53.5,486.2,-6.3,151.0,1.0,6.667,0.0,0.0,,0.32,9
R20240823_0545,2024-08-23,Horse_0656,Horse_0656,Jockey_051,9,牡,1600,ダート,重,2,56.4,493.4,7.1,148.0,1.0,4.333,0.4,0.0,0.0,0.42,4
R20240823_0545,2024-08-23,Horse_0151,Horse_0151,Jockey_067,2,牝,1600,ダート,重,1,55.0,460.6,2.7,69.0,3.0,3.333,0.667,1.0,,0.14,5
R20240823_0545,2024-08-23,Horse_0074,Horse_0074,Jockey_009,3,牡,1600,ダート,重,9,57.1,424.7,-9.6,190.0,0.0,11.0,0.0,,0.0,0.34,12
R20240823_0545,2024-08-23,Horse_0314,Horse_0314,Jockey_061,6,牝,1600,ダート,重,3,54.3,476.1,8.6,62.0,2.0,5.667,0.0,0.0,0.0,0.32,8
R20240823_0545,2024-08-23,Horse_0846,Horse_0846,Jockey_065,5,牝,1600,ダート,重,13,56.7,465.7,4.7,130.0,1.0,2.667,0.6,,0.333,0.38,1
R20240823_0545,2024-08-23,Horse_0072,Horse_0072,Jockey_039,4,牡,1600,ダート,重,5,54.2,479.0,11.8,200.0,0.0,6.667,0.2,0.0,,0.24,6
R20240823_0545,2024-08-23,Horse_0770,Horse_0770,Jockey_011,7,牝,1600,ダート,重,8,56.5,503.1,5.5,44.0,2.0,1.0,0.6,0.0,0.667,0.28,3
R20240827_0546,2024-08-27,Horse_0223,Horse_0223,Jockey_017,3,牡,1800,芝,稍重,3,53.8,443.4,8.0,42.0,1.0,9.0,0.0,0.0,0.0,0.32,8
R20240827_0546,2024-08-27,Horse_0215,Horse_0215,Jockey_037,7,牡,1800,芝,稍重,11,55.3,481.8,1.7,35.0,4.0,1.333,1.0,1.0,0.8,0.22,3
R20240827_0546,2024-08-27,Horse_0894,Horse_0894,Jockey_029,6,牝,1800,芝,稍重,14,54.2,478.9,-10.8,37.0,1.0,7.0,0.4,0.0,0.333,0.28,2
R20240827_0546,2024-08-27,Horse_0038,Horse_0038,Jockey_020,8,牡,1800,芝,稍重,8,54.8,490.8,4.2,61.0,2.0,8.0,0.0,0.0,0.143,0.2,7
R20240827_0546,2024-08-27,Horse_0269,Horse_0269,Jockey_011,6,牝,1800,芝,稍重,13,56.8,472.4,10.6,70.0,1.0,4.333,0.8,1.0,0.6,0.3,4
R20240827_0546,2024-08-27,Horse_0277,Horse_0277,Jockey_046,8,牡,1800,芝,稍重,1,55.6,439.3,5.0,131.0,1.0,4.333,0.6,0.5,0.444,0.16,6
R20240827_0546,2024-08-27,Horse_0260,Horse_0260,Jockey_051,7,牡,1800,芝,稍重,12,55.5,424.4,-24.7,82.0,1.0,6.333,0.6,0.0,0.571,0.42,1
R20240827_0546,2024-08-27,Horse_0520,Horse_0520,Jockey_058,6,牡,1800,芝,稍重,9,54.0,481.3,1.7,139.0,1.0,2.0,0.8,1.0,1.0,0.4,5
R20240827_0546,2024-08-27,Horse_0669,Horse_0669,Jockey_013,5,牡,1800,芝,稍重,7,53.8,494.5,0.3,588.0,0.0,5.333,0.2,0.0,0.0,0.14,14
R20240827_0546,2024-08-27,Horse_0091,Horse_0091,Jockey_080,5,牡,1800,芝,稍重,10,55.5,477.4,7.4,138.0,1.0,4.0,0.4,0.0,0.125,0.2,9
R20240827_0546,2024-08-27,Horse_0121,Horse_0121,Jockey_002,4,牝,1800,芝,稍重,5,54.1,408.6,-7.3,372.0,0.0,7.0,0.0,,0.0,0.32,13
R20240827_0546,2024-08-27,Horse_0317,Horse_0317,Jockey_040,6,牡,1800,芝,稍重,6,52.0,411.9,-16.1,173.0,1.0,10.333,0.0,,0.0,0.32,11
R20240827_0546,2024-08-27,Horse_0004,Horse_0004,Jockey_054,2,牡,1800,芝,稍重,2,53.1,439.8,-19.9,131.0,1.0,4.5,0.5,,0.5,0.22,12
R20240827_0546,2024-08-27,Horse_0491,Horse_0491,Jockey_001,7,せん,1800,芝,稍重,4,56.2,469.9,7.4,251.0,0.0,4.0,0.2,,0.4,0.38,10
R20240830_0547,2024-08-30,Horse_0573,Horse_0573,Jockey_015,8,牡,1800,芝,良,8,53.3,457.3,-4.4,76.0,1.0,9.0,0.0,1.0,0.167,0.12,7
R20240830_0547,2024-08-30,Horse_0381,Horse_0381,Jockey_029,4,牡,1800,芝,良,6,54.8,447.0,7.7,97.0,1.0,8.333,0.0,0.0,0.0,0.3,5
R20240830_0547,2024-08-30,Horse_0493,Horse_0493,Jockey_074,5,牡,1800,芝,良,1,51.9,507.2,1.3,339.0,0.0,12.0,0.0,,0.0,0.22,9
R20240830_0547,2024-08-30,Horse_0009,Horse_0009,Jockey_001,2,牝,1800,芝,良,7,51.0,440.8,-1.4,232.0,0.0,9.0,0.0,0.0,0.0,0.38,1
R20240830_0547,2024-08-30,Horse_0864,Horse_0864,Jockey_054,2,牡,1800,芝,良,4,56.0,419.9,9.1,17.0,2.0,2.5,1.0,,1.0,0.22,3
R20240830_0547,2024-08-30,Horse_0574,Horse_0574,Jockey_006,3,牝,1800,芝,良,5,54.3,518.4,5.3,30.0,2.0,7.667,0.0,,0.0,0.14,8
R20240830_0547,2024-08-30,Horse_0431,Horse_0431,Jockey_004,2,牝,1800,芝,良,9,55.9,482.4,10.9,20.0,2.0,7.333,0.0,0.0,0.0,0.3,2
R20240830_0547,2024-08-30,Horse_0817,Horse_0817,Jockey_024,4,せん,1800,芝,良,2,56.9,428.5,8.6,173.0,1.0,4.333,0.75,1.0,1.0,0.16,4
R20240830_0547,2024-08-30,Horse_0110,Horse_0110,Jockey_003,6,牡,1800,芝,良,3,55.1,490.7,3.0,306.0,0.0,2.333,0.8,1.0,0.714,0.3,6
R20240903_0548,2024-09-03,Horse_0581,Horse_0581,Jockey_049,4,牡,1600,ダート,良,13,56.3,462.7,-5.2,35.0,3.0,2.667,0.6,0.0,0.5,0.22,7
R20240903_0548,2024-09-03,Horse_0446,Horse_0446,Jockey_019,5,牡,1600,ダート,良,9,54.6,446.1,1.6,149.0,1.0,9.667,0.0,0.0,0.0,0.32,12
R20240903_0548,2024-09-03,Horse_0323,Horse_0323,Jockey_047,7,牝,1600,ダート,良,5,55.2,502.1,5.6,153.0,1.0,4.667,0.4,0.4,0.333,0.3,6
R20240903_0548,2024-09-03,Horse_0193,Horse_0193,Jockey_034,4,牝,1600,ダート,良,12,51.5,494.8,13.3,35.0,2.0,4.0,0.2,,0.0,0.1,13
R20240903_0548,2024-09-03,Horse_0844,Horse_0844,Jockey_008,5,牡,1600,ダート,良,15,56.2,556.4,-5.9,35.0,2.0,9.0,0.0,0.0,0.0,0.12,15
R20240903_0548,2024-09-03,Horse_0237,Horse_0237,Jockey_074,8,牝,1600,ダート,良,16,53.5,412.0,-8.9,27.0,1.0,4.0,0.8,1.0,0.5,0.22,2
R20240903_0548,2024-09-03,Horse_0158,Horse_0158,Jockey_004,9,牡,1600,ダート,良,7,52.0,460.2,-3.4,67.0,2.0,2.667,0.6,0.5,0.0,0.32,3
R20240903_0548,2024-09-03,Horse_0351,Horse_0351,Jockey_076,8,牝,1600,ダート,良,10,54.1,524.7,-3.7,37.0,3.0,2.667,0.8,0.5,0.75,0.24,1
R20240903_0548,2024-09-03,Horse_0242,Horse_0242,Jockey_003,4,牡,1600,ダート,良,8,57.2,546.7,0.3,83.0,2.0,5.0,0.0,0.0,0.25,0.3,5
R20240903_0548,2024-09-03,Horse_0241,Horse_0241,Jockey_057,9,牝,1600,ダート,良,11,56.2,491.0,5.9,19.0,2.0,11.0,0.2,0.0,0.0,0.58,10
R20240903_0548,2024-09-03,Horse_0813,Horse_0813,Jockey_079,4,牡,1600,ダート,良,4,54.7,444.6,-2.8,45.0,1.0,9.333,0.0,0.0,,0.12,11
R20240903_0548,2024-09-03,Horse_0792,Horse_0792,Jockey_055,3,牝,1600,ダート,良,14,54.3,460.7,0.7,305.0,0.0,4.667,0.6,0.5,,0.18,8
R20240903_0548,2024-09-03,Horse_0307,Horse_0307,Jockey_006,4,牝,1600,ダート,良,6,52.7,476.1,2.1,423.0,0.0,7.667,0.0,,0.0,0.14,16
R20240903_0548,2024-09-03,Horse_0794,Horse_0794,Jockey_028,3,牡,1600,ダート,良,1,54.3,419.9,-3.9,68.0,2.0,6.667,0.2,0.5,0.0,0.3,9
R20240903_0548,2024-09-03,Horse_0710,Horse_0710,Jockey_001,7,せん,1600,ダート,良,3,52.1,432.0,-8.2,21.0,2.0,6.0,0.2,0.0,0.2,0.4,4
R20240903_0548,2024-09-03,Horse_0697,Horse_0697,Jockey_016,3,牝,1600,ダート,良,2,54.7,464.3,-0.8,49.0,2.0,8.333,0.25,0.0,,0.28,14
R20240907_0549,2024-09-07,Horse_0304,Horse_0304,Jockey_053,4,牝,2400,芝,良,6,55.2,463.7,4.9,31.0,2.0,4.333,0.6,,0.4,0.18,3
R20240907_0549,2024-09-07,Horse_0795,Horse_0795,Jockey_026,3,牝,2400,芝,良,14,54.9,419.5,-10.0,227.0,0.0,6.0,0.5,,1.0,0.24,5
R20240907_0549,2024-09-07,Horse_0860,Horse_0860,Jockey_059,8,牡,2400,芝,良,3,53.0,527.1,-7.1,70.0,1.0,6.0,0.4,0.0,0.5,0.34,2
R20240907_0549,2024-09-07,Horse_0624,Horse_0624,Jockey_046,2,牝,2400,芝,良,4,55.8,475.2,-13.3,49.0,2.0,10.333,0.0,,0.0,0.14,10
R20240907_0549,2024-09-07,Horse_0071,Horse_0071,Jockey_079,4,牡,2400,芝,良,8,52.2,470.3,-7.5,266.0,0.0,10.0,0.2,0.0,0.0,0.12,4
R20240907_0549,2024-09-07,Horse_0108,Horse_0108,Jockey_039,7,牡,2400,芝,良,2,55.4,414.9,-3.4,355.0,0.0,8.667,0.2,0.0,0.2,0.24,13
R20240907_0549,2024-09-07,Horse_0400,Horse_0400,Jockey_048,2,牝,2400,芝,良,1,53.6,435.8,19.6,145.0,1.0,4.0,0.0,0.0,,0.24,9
R20240907_0549,2024-09-07,Horse_0702,Horse_0702,Jockey_037,3,牝,2400,芝,良,7,52.6,486.2,6.2,305.0,0.0,3.0,0.75,,0.75,0.24,11
R20240907_0549,2024-09-07,Horse_0637,Horse_0637,Jockey_032,5,牡,2400,芝,良,11,52.2,486.8,-0.7,1023.0,0.0,4.0,0.25,1.0,0.333,0.38,14
R20240907_0549,2024-09-07,Horse_0483,Horse_0483,Jockey_075,6,牡,2400,芝,良,10,55.2,533.1,8.9,360.0,0.0,3.0,0.4,,0.2,0.24,12
R20240907_0549,2024-09-07,Horse_0303,Horse_0303,Jockey_061,2,せん,2400,芝,良,9,53.2,501.8,-1.8,85.0,2.0,2.5,1.0,,1.0,0.3,1
R20240907_0549,2024-09-07,Horse_0862,Horse_0862,Jockey_024,5,牝,2400,芝,良,12,56.1,451.5,-3.5,72.0,1.0,10.667,0.2,0.0,0.3,0.16,6
R20240907_0549,2024-09-07,Horse_0200,Horse_0200,Jockey_060,6,せん,2400,芝,良,13,54.3,438.9,-13.3,100.0,1.0,10.667,0.0,,0.0,0.16,7
R20240907_0549,2024-09-07,Horse_0657,Horse_0657,Jockey_063,9,牡,2400,芝,良,5,54.7,450.2,-11.9,181.0,0.0,6.333,0.2,0.0,0.25,0.32,8
R20240911_0550,2024-09-11,Horse_0603,Horse_0603,Jockey_052,2,牡,1800,ダート,良,13,57.7,494.9,,,0.0,,,,,0.18,3
R20240911_0550,2024-09-11,Horse_0539,Horse_0539,Jockey_068,2,牝,1800,ダート,良,3,54.2,469.1,9.0,70.0,2.0,6.5,0.0,0.0,,0.2,6
R20240911_0550,2024-09-11,Horse_0257,Horse_0257,Jockey_016,5,せん,1800,ダート,良,9,54.8,460.7,6.1,351.0,0.0,7.333,0.0,0.0,0.0,0.26,14
R20240911_0550,2024-09-11,Horse_0492,Horse_0492,Jockey_071,3,牝,1800,ダート,良,12,53.5,439.9,-2.4,27.0,2.0,6.333,0.25,0.0,0.333,0.26,4
R20240911_0550,2024-09-11,Horse_0705,Horse_0705,Jockey_078,4,せん,1800,ダート,良,1,56.1,426.6,1.1,755.0,0.0,6.0,0.0,0.0,,0.22,15
R20240911_0550,2024-09-11,Horse_0590,Horse_0590,Jockey_049,5,牡,1800,ダート,良,14,56.1,508.1,13.5,473.0,0.0,6.0,0.0,0.0,,0.22,12
R20240911_0550,2024-09-11,Horse_0793,Horse_0793,Jockey_029,3,牡,1800,ダート,良,8,55.0,474.3,14.5,244.0,0.0,2.0,0.75,1.0,0.0,0.3,8
R20240911_0550,2024-09-11,Horse_0344,Horse_0344,Jockey_025,5,牡,1800,ダート,良,2,55.2,494.1,8.9,282.0,0.0,9.0,0.0,,0.0,0.36,7
R20240911_0550,2024-09-11,Horse_0061,Horse_0061,Jockey_070,6,牡,1800,ダート,良,10,56.0,462.7,-2.6,117.0,1.0,3.333,0.4,,0.5,0.2,9
R20240911_0550,2024-09-11,Horse_0776,Horse_0776,Jockey_040,6,牡,1800,ダート,良,16,55.6,488.4,15.1,70.0,1.0,6.333,0.4,0.0,0.4,0.3,1
R20240911_0550,2024-09-11,Horse_0301,Horse_0301,Jockey_061,9,牡,1800,ダート,良,4,54.0,488.8,2.3,301.0,0.0,6.333,0.2,0.0,0.25,0.32,13
R20240911_0550,2024-09-11,Horse_0848,Horse_0848,Jockey_020,6,牝,1800,ダート,良,6,54.3,411.7,-10.3,101.0,1.0,9.667,0.0,0.0,0.0,0.18,2
R20240911_0550,2024-09-11,Horse_0845,Horse_0845,Jockey_062,3,牝,1800,ダート,良,11,55.0,490.1,3.4,114.0,2.0,8.5,0.0,,,0.28,5
R20240911_0550,2024-09-11,Horse_0207,Horse_0207,Jockey_045,5,せん,1800,ダート,良,5,55.3,413.0,-7.6,303.0,0.0,7.333,0.0,0.0,0.0,0.32,11
R20240911_0550,2024-09-11,Horse_0318,Horse_0318,Jockey_060,8,牝,1800,ダート,良,7,52.0,490.0,-15.1,665.0,0.0,7.667,0.2,0.0,0.0,0.16,16
R20240911_0550,2024-09-11,Horse_0289,Horse_0289,Jockey_021,9,牡,1800,ダート,良,15,55.2,443.8,-4.0,251.0,0.0,10.333,0.0,,0.0,0.24,10
